# -*- coding: utf-8 -*-

# Resource object code
#
# Created by: The Resource Compiler for PyQt5 (Qt v5.15.13)
#
# WARNING! All changes made in this file will be lost!

from PyQt5 import QtCore

qt_resource_data = b"\
\x00\x00\x04\x50\
\xff\
\xd8\xff\xe0\x00\x10\x4a\x46\x49\x46\x00\x01\x01\x01\x00\x78\x00\
\x78\x00\x00\xff\xdb\x00\x43\x00\x0a\x07\x07\x09\x07\x06\x0a\x09\
\x08\x09\x0b\x0b\x0a\x0c\x0f\x19\x10\x0f\x0e\x0e\x0f\x1e\x16\x17\
\x12\x19\x24\x20\x26\x25\x23\x20\x23\x22\x28\x2d\x39\x30\x28\x2a\
\x36\x2b\x22\x23\x32\x44\x32\x36\x3b\x3d\x40\x40\x40\x26\x30\x46\
\x4b\x45\x3e\x4a\x39\x3f\x40\x3d\xff\xdb\x00\x43\x01\x0b\x0b\x0b\
\x0f\x0d\x0f\x1d\x10\x10\x1d\x3d\x29\x23\x29\x3d\x3d\x3d\x3d\x3d\
\x3d\x3d\x3d\x3d\x3d\x3d\x3d\x3d\x3d\x3d\x3d\x3d\x3d\x3d\x3d\x3d\
\x3d\x3d\x3d\x3d\x3d\x3d\x3d\x3d\x3d\x3d\x3d\x3d\x3d\x3d\x3d\x3d\
\x3d\x3d\x3d\x3d\x3d\x3d\x3d\x3d\x3d\x3d\x3d\x3d\x3d\xff\xc0\x00\
\x11\x08\x00\x32\x00\x35\x03\x01\x22\x00\x02\x11\x01\x03\x11\x01\
\xff\xc4\x00\x1f\x00\x00\x01\x05\x01\x01\x01\x01\x01\x01\x00\x00\
\x00\x00\x00\x00\x00\x00\x01\x02\x03\x04\x05\x06\x07\x08\x09\x0a\
\x0b\xff\xc4\x00\xb5\x10\x00\x02\x01\x03\x03\x02\x04\x03\x05\x05\
\x04\x04\x00\x00\x01\x7d\x01\x02\x03\x00\x04\x11\x05\x12\x21\x31\
\x41\x06\x13\x51\x61\x07\x22\x71\x14\x32\x81\x91\xa1\x08\x23\x42\
\xb1\xc1\x15\x52\xd1\xf0\x24\x33\x62\x72\x82\x09\x0a\x16\x17\x18\
\x19\x1a\x25\x26\x27\x28\x29\x2a\x34\x35\x36\x37\x38\x39\x3a\x43\
\x44\x45\x46\x47\x48\x49\x4a\x53\x54\x55\x56\x57\x58\x59\x5a\x63\
\x64\x65\x66\x67\x68\x69\x6a\x73\x74\x75\x76\x77\x78\x79\x7a\x83\
\x84\x85\x86\x87\x88\x89\x8a\x92\x93\x94\x95\x96\x97\x98\x99\x9a\
\xa2\xa3\xa4\xa5\xa6\xa7\xa8\xa9\xaa\xb2\xb3\xb4\xb5\xb6\xb7\xb8\
\xb9\xba\xc2\xc3\xc4\xc5\xc6\xc7\xc8\xc9\xca\xd2\xd3\xd4\xd5\xd6\
\xd7\xd8\xd9\xda\xe1\xe2\xe3\xe4\xe5\xe6\xe7\xe8\xe9\xea\xf1\xf2\
\xf3\xf4\xf5\xf6\xf7\xf8\xf9\xfa\xff\xc4\x00\x1f\x01\x00\x03\x01\
\x01\x01\x01\x01\x01\x01\x01\x01\x00\x00\x00\x00\x00\x00\x01\x02\
\x03\x04\x05\x06\x07\x08\x09\x0a\x0b\xff\xc4\x00\xb5\x11\x00\x02\
\x01\x02\x04\x04\x03\x04\x07\x05\x04\x04\x00\x01\x02\x77\x00\x01\
\x02\x03\x11\x04\x05\x21\x31\x06\x12\x41\x51\x07\x61\x71\x13\x22\
\x32\x81\x08\x14\x42\x91\xa1\xb1\xc1\x09\x23\x33\x52\xf0\x15\x62\
\x72\xd1\x0a\x16\x24\x34\xe1\x25\xf1\x17\x18\x19\x1a\x26\x27\x28\
\x29\x2a\x35\x36\x37\x38\x39\x3a\x43\x44\x45\x46\x47\x48\x49\x4a\
\x53\x54\x55\x56\x57\x58\x59\x5a\x63\x64\x65\x66\x67\x68\x69\x6a\
\x73\x74\x75\x76\x77\x78\x79\x7a\x82\x83\x84\x85\x86\x87\x88\x89\
\x8a\x92\x93\x94\x95\x96\x97\x98\x99\x9a\xa2\xa3\xa4\xa5\xa6\xa7\
\xa8\xa9\xaa\xb2\xb3\xb4\xb5\xb6\xb7\xb8\xb9\xba\xc2\xc3\xc4\xc5\
\xc6\xc7\xc8\xc9\xca\xd2\xd3\xd4\xd5\xd6\xd7\xd8\xd9\xda\xe2\xe3\
\xe4\xe5\xe6\xe7\xe8\xe9\xea\xf2\xf3\xf4\xf5\xf6\xf7\xf8\xf9\xfa\
\xff\xda\x00\x0c\x03\x01\x00\x02\x11\x03\x11\x00\x3f\x00\xf6\x46\
\xe9\x4d\x51\x9e\xb4\xaf\xda\xa0\xbb\x91\xa3\xb5\x2c\x87\x0c\x28\
\x02\x7d\xbf\x4a\x36\xe6\xb1\x7e\xdd\x71\xfd\xea\x9e\xce\xea\x69\
\x6e\x42\xbb\x7c\xb8\xe9\x42\x40\xcb\xb2\xdd\x41\x0b\x04\x92\x45\
\x53\xee\x69\x23\xbb\xb7\x95\xb6\xa4\xaa\xcd\xec\x6b\x87\xf1\x83\
\x11\xac\x0f\x9d\x87\x1d\x01\xa8\xfc\x2d\xb8\xea\xe9\xf3\x93\xec\
\x4d\x79\x9f\xda\x0f\xdb\xfb\x2b\x1e\x9f\xf6\x7d\xa8\x7b\x6b\x9e\
\x85\xc7\xad\x14\xd6\x20\x1e\xf4\x57\xa6\xa2\x79\x76\x43\xe4\xed\
\x55\xee\x63\x79\x6d\xb6\x20\xcb\x7a\x55\x89\x7a\x0a\xe5\xbc\x79\
\x7d\x73\x6d\xa0\x88\x2c\x58\x8b\x8b\x97\xdb\xf2\x9f\x98\x2f\x72\
\x28\x19\xa4\x2c\x2e\x3f\xe7\x9f\xea\x2a\x5b\x5b\x49\xa1\x9c\x3b\
\x28\xc7\xa6\x6b\xc7\x9b\xc5\xba\xa5\xfd\xae\x9d\xa6\x45\x2c\xe2\
\x4b\x66\x2d\xe6\x2b\x1d\xd2\x91\xd0\x1f\xeb\x5e\xcb\xa4\xdd\x9b\
\xdd\x26\xd6\xe1\xb1\xbd\xe3\x05\xb1\xeb\x8e\x68\xb0\x18\xba\xae\
\x93\x65\xaa\x5e\xfd\xa2\x49\xf6\x91\xc6\x2a\xc6\x93\xe1\x78\x2c\
\xae\x16\xe6\x29\x4b\x7a\x55\x67\x55\xcb\x0c\x77\x35\xd1\x58\x7f\
\xc7\x9a\x0c\x71\x8a\xf2\x30\x8e\x15\xea\xca\x4e\x3a\x9e\x85\x7a\
\x95\x21\x4d\x42\xfa\x0f\x20\x64\xe7\x9a\x29\x33\x82\x68\xaf\x62\
\xec\xf3\xac\x3e\x73\x85\x1f\x5a\xf3\xbf\x88\xba\x97\x97\xaa\x5b\
\xc0\xb3\xac\x12\x5b\xdb\xb4\xaa\xc7\xf8\xb3\xc6\x2b\xd1\x27\xfb\
\xa3\xeb\x59\xf7\x5a\x5d\x85\xfb\x89\x2f\x6d\x21\x9d\xd4\x60\x33\
\xa8\x24\x0a\x43\x3c\xae\xeb\x46\xd3\xf4\xdd\x0b\x40\xd4\xed\x67\
\x78\x6e\x6e\x89\x26\x47\xe9\xc8\x39\xae\xeb\xe1\xf6\xa2\x2f\xbc\
\x30\x14\x1c\x9b\x79\x5a\x32\xdf\xde\xef\x9a\xda\x97\x4c\xd3\xe7\
\xb7\x8e\xde\x6b\x48\x9e\x18\xbe\xe4\x6c\xa3\x0b\xf4\xa9\x2d\x2d\
\x2d\x6c\xa2\xf2\xad\x60\x58\x63\xce\x76\xa0\xc0\xcd\x30\x31\x1c\
\xfc\xcd\xc7\x7a\xe8\xb4\xf3\x9b\x34\xfa\x53\x3c\x88\x31\xcc\x62\
\xa5\x59\x04\x6b\x80\xb8\x15\xe7\xe1\x30\x93\xa3\x27\x29\x3d\xce\
\x8a\xd5\x95\x44\x21\xfb\xc6\x8a\x42\xc3\x39\xc7\x5a\x2b\xbc\xe7\
\x2c\xd1\x81\xe9\x45\x14\x00\x60\x7a\x51\x81\xe9\x45\x14\x00\x60\
\x7a\x51\x81\xe9\x45\x14\x00\x60\x7a\x51\x45\x14\x01\xff\xd9\
\x00\x00\x05\xea\
\xff\
\xd8\xff\xe0\x00\x10\x4a\x46\x49\x46\x00\x01\x01\x01\x00\x78\x00\
\x78\x00\x00\xff\xdb\x00\x43\x00\x02\x01\x01\x02\x01\x01\x02\x02\
\x02\x02\x02\x02\x02\x02\x03\x05\x03\x03\x03\x03\x03\x06\x04\x04\
\x03\x05\x07\x06\x07\x07\x07\x06\x07\x07\x08\x09\x0b\x09\x08\x08\
\x0a\x08\x07\x07\x0a\x0d\x0a\x0a\x0b\x0c\x0c\x0c\x0c\x07\x09\x0e\
\x0f\x0d\x0c\x0e\x0b\x0c\x0c\x0c\xff\xdb\x00\x43\x01\x02\x02\x02\
\x03\x03\x03\x06\x03\x03\x06\x0c\x08\x07\x08\x0c\x0c\x0c\x0c\x0c\
\x0c\x0c\x0c\x0c\x0c\x0c\x0c\x0c\x0c\x0c\x0c\x0c\x0c\x0c\x0c\x0c\
\x0c\x0c\x0c\x0c\x0c\x0c\x0c\x0c\x0c\x0c\x0c\x0c\x0c\x0c\x0c\x0c\
\x0c\x0c\x0c\x0c\x0c\x0c\x0c\x0c\x0c\x0c\x0c\x0c\x0c\xff\xc0\x00\
\x11\x08\x00\x27\x00\x2b\x03\x01\x22\x00\x02\x11\x01\x03\x11\x01\
\xff\xc4\x00\x1f\x00\x00\x01\x05\x01\x01\x01\x01\x01\x01\x00\x00\
\x00\x00\x00\x00\x00\x00\x01\x02\x03\x04\x05\x06\x07\x08\x09\x0a\
\x0b\xff\xc4\x00\xb5\x10\x00\x02\x01\x03\x03\x02\x04\x03\x05\x05\
\x04\x04\x00\x00\x01\x7d\x01\x02\x03\x00\x04\x11\x05\x12\x21\x31\
\x41\x06\x13\x51\x61\x07\x22\x71\x14\x32\x81\x91\xa1\x08\x23\x42\
\xb1\xc1\x15\x52\xd1\xf0\x24\x33\x62\x72\x82\x09\x0a\x16\x17\x18\
\x19\x1a\x25\x26\x27\x28\x29\x2a\x34\x35\x36\x37\x38\x39\x3a\x43\
\x44\x45\x46\x47\x48\x49\x4a\x53\x54\x55\x56\x57\x58\x59\x5a\x63\
\x64\x65\x66\x67\x68\x69\x6a\x73\x74\x75\x76\x77\x78\x79\x7a\x83\
\x84\x85\x86\x87\x88\x89\x8a\x92\x93\x94\x95\x96\x97\x98\x99\x9a\
\xa2\xa3\xa4\xa5\xa6\xa7\xa8\xa9\xaa\xb2\xb3\xb4\xb5\xb6\xb7\xb8\
\xb9\xba\xc2\xc3\xc4\xc5\xc6\xc7\xc8\xc9\xca\xd2\xd3\xd4\xd5\xd6\
\xd7\xd8\xd9\xda\xe1\xe2\xe3\xe4\xe5\xe6\xe7\xe8\xe9\xea\xf1\xf2\
\xf3\xf4\xf5\xf6\xf7\xf8\xf9\xfa\xff\xc4\x00\x1f\x01\x00\x03\x01\
\x01\x01\x01\x01\x01\x01\x01\x01\x00\x00\x00\x00\x00\x00\x01\x02\
\x03\x04\x05\x06\x07\x08\x09\x0a\x0b\xff\xc4\x00\xb5\x11\x00\x02\
\x01\x02\x04\x04\x03\x04\x07\x05\x04\x04\x00\x01\x02\x77\x00\x01\
\x02\x03\x11\x04\x05\x21\x31\x06\x12\x41\x51\x07\x61\x71\x13\x22\
\x32\x81\x08\x14\x42\x91\xa1\xb1\xc1\x09\x23\x33\x52\xf0\x15\x62\
\x72\xd1\x0a\x16\x24\x34\xe1\x25\xf1\x17\x18\x19\x1a\x26\x27\x28\
\x29\x2a\x35\x36\x37\x38\x39\x3a\x43\x44\x45\x46\x47\x48\x49\x4a\
\x53\x54\x55\x56\x57\x58\x59\x5a\x63\x64\x65\x66\x67\x68\x69\x6a\
\x73\x74\x75\x76\x77\x78\x79\x7a\x82\x83\x84\x85\x86\x87\x88\x89\
\x8a\x92\x93\x94\x95\x96\x97\x98\x99\x9a\xa2\xa3\xa4\xa5\xa6\xa7\
\xa8\xa9\xaa\xb2\xb3\xb4\xb5\xb6\xb7\xb8\xb9\xba\xc2\xc3\xc4\xc5\
\xc6\xc7\xc8\xc9\xca\xd2\xd3\xd4\xd5\xd6\xd7\xd8\xd9\xda\xe2\xe3\
\xe4\xe5\xe6\xe7\xe8\xe9\xea\xf2\xf3\xf4\xf5\xf6\xf7\xf8\xf9\xfa\
\xff\xda\x00\x0c\x03\x01\x00\x02\x11\x03\x11\x00\x3f\x00\xfd\xea\
\x83\xf7\xf3\x7f\xd3\x2a\x97\xc9\x8f\xfb\xf1\x57\xcd\xde\x13\xff\
\x00\x82\x9f\x7c\x19\xf8\x99\xfb\x53\x78\x9f\xe0\x1e\x8b\xe2\x1f\
\x10\x5c\xfc\x5a\xf0\xed\xb4\xed\xaa\x68\x52\x78\x3f\x5a\xb7\xfe\
\xcf\x8a\x14\x57\x69\xe5\xb8\x92\xd1\x6d\xd2\xdd\x95\xe2\x31\xce\
\x65\x11\x4d\xe7\xc1\xe5\xbb\x99\xa3\xdd\xe1\x5e\x35\xff\x00\x82\
\x8d\x7c\x35\xf0\x27\xed\x51\xa4\xfc\x13\xd5\xbc\x55\xe2\x6b\x7f\
\x89\xda\xf7\x92\xda\x76\x8d\x1f\x86\xf5\x69\xfe\xdd\x1c\xaa\x58\
\x4d\x1c\xf1\xdb\x34\x0d\x02\x84\x90\xbc\xc2\x4f\x2e\x2f\x26\x6f\
\x31\x93\xca\x93\x68\x07\xe8\x1f\x97\x18\x8c\xb3\x49\xb7\x15\xe4\
\x9a\xb7\xed\xc7\xf0\xbb\x49\xd4\x2e\xad\x67\xf1\x4e\x9b\x0d\xc5\
\x9c\x9e\x54\xb1\xee\xe8\x69\x9f\x02\xe5\x92\xe2\xf3\x5c\x12\x5c\
\x4d\x31\xfb\x2f\xfc\xb4\x93\x38\xaf\xcb\x7f\x89\x9e\x1c\xbe\xb8\
\xf8\x9d\xe2\x29\x3f\xb1\x75\x0f\x27\xfb\x52\x5f\xf9\x75\xaf\xcc\
\x7c\x47\xe3\x3c\x6e\x41\x0c\x3f\xd4\x69\xfb\x4f\x68\x7e\x9f\xe1\
\x8f\x03\xe0\xb8\x8e\xa6\x27\xeb\x55\x7d\x9f\xb2\x49\xf4\xd7\x73\
\xf6\x43\xc2\x5e\x31\xd2\x7c\x75\xa0\x5a\xea\xba\x4d\xc2\xdd\x58\
\xdd\x7f\xaa\x92\x2e\x41\xab\xde\x75\x79\x1f\xec\x4c\x0d\x87\xec\
\xbf\xe1\x98\xfc\xa9\x61\x93\xc8\x03\xcb\x96\x3a\xf5\x8f\x3e\xbe\
\xff\x00\x2d\xc7\x3a\xb8\x3a\x78\xca\x9b\xcd\x5c\xfc\xf7\x19\x4a\
\x96\x17\x17\x52\x95\x3d\x93\xfd\x4f\xc7\x6f\xd9\x87\xc4\xfa\x5e\
\x81\xff\x00\x07\x82\x7e\xd4\x56\x3a\x96\xa5\xa7\xd8\x5e\x78\x83\
\xe1\x75\xa5\x86\x99\x05\xcd\xc2\x45\x26\xa3\x70\xba\x77\x86\xae\
\x0c\x30\xab\x10\x64\x90\x41\x04\xf2\x94\x5c\x9f\x2e\x19\x1b\x1b\
\x51\x88\xf2\xef\xda\x63\x5e\xb5\xd5\xff\x00\xe0\xea\xcf\xd9\xfe\
\xc6\xca\xf2\x0b\xcd\x43\x44\xf0\x0d\xd5\x9e\xa1\x6f\x04\x89\x24\
\xd6\x13\xb5\x8e\xbf\x38\x8a\x54\x52\x4c\x6e\x61\x9a\x19\x02\xb6\
\x0e\xc9\x51\xb1\x86\x52\x78\x9f\x8e\xdf\xf0\x4b\xff\x00\x0b\xff\
\x00\xc1\x5c\x3f\xe0\xea\x3f\x8f\x9f\x0f\x7c\x6d\xe2\x4f\x10\x78\
\x77\xc3\x3a\x0f\x85\xb4\xdf\x12\xde\x3e\x88\xb0\x8b\xfb\xef\x2b\
\x47\xd1\x2d\x63\x82\x39\x66\x57\x48\x7f\x79\x76\x92\x17\x68\xa4\
\xca\xc2\xc8\x15\x4b\x89\x12\xc7\xec\xf3\xff\x00\x04\xb6\xf0\xaf\
\xfc\x12\x57\xfe\x0e\xae\xfd\x9f\xfe\x1d\xf8\x2f\xc4\x7a\xf7\x89\
\xbc\x31\xe2\x0f\x0a\x6a\x7e\x27\xb3\x6d\x71\x61\x6b\xeb\x1f\x33\
\x46\xd7\x2d\x5e\x09\x25\x85\x52\x39\xbf\x79\x66\xf2\x2b\xac\x51\
\xe1\x66\x54\x2a\xc5\x0c\x8f\xdd\x29\x59\x5c\xe2\xdf\x43\xf6\xa3\
\xe2\x26\xac\xbf\x0c\x7c\x1b\xa5\xdd\x78\x7c\xc1\x67\xa8\xea\x04\
\x43\x70\x7f\xbc\x2b\x1f\xe1\x17\x8e\x35\x0f\x11\x7c\x45\xb2\xb3\
\xbe\x87\x4a\x96\xda\x60\x7c\xdf\xf4\x68\xf9\xae\x1f\xc6\x26\x33\
\xe3\x2d\x50\xf9\x9c\xfd\xa7\xa5\x6e\xfc\x01\x9e\x33\xf1\x5b\x4b\
\xf5\xaf\xe6\x4a\xfc\x6d\x8a\xcd\x38\x97\x0f\x18\x7e\xee\x92\xa9\
\xfc\x33\xf5\x48\xe4\x34\xb0\x79\x45\x49\x2d\xcf\xa5\xf5\x08\x23\
\xb1\x58\x63\x82\x38\xe2\x8f\xfd\x8a\xaf\x56\x3c\x4f\xf7\xa1\xac\
\xcf\x3f\xde\xbf\xa6\xd6\xc7\xe5\x67\xc4\xdf\x01\xff\x00\xe0\x96\
\x7e\x28\xf8\x33\xff\x00\x05\x84\xf8\x85\xfb\x59\x5c\x7c\x51\xd0\
\x75\x4f\xf8\x58\xda\x5c\x9e\x1f\xbf\xf0\xb4\x7e\x0d\x96\xdf\xec\
\xda\x7a\xc7\x66\x96\xc2\x2b\xc3\xa8\xbf\xfa\x42\x7f\x67\xda\x19\
\x25\x68\x4a\x49\xfb\xfd\xb1\x45\xe6\x21\x8a\x6f\x8e\x1f\xf0\x4c\
\x6f\x15\x7c\x5f\xff\x00\x82\xc7\x7c\x39\xfd\xad\x60\xf8\xa1\xa0\
\x69\x6d\xf0\xd7\x49\x4f\x0f\x58\x78\x56\x4f\x06\xcb\x73\xf6\x9d\
\x39\xe2\xbd\x8e\xe8\x4b\x78\x35\x14\xff\x00\x48\x7f\xed\x1b\xc3\
\x1c\xab\x08\x48\xff\x00\x71\xba\x29\xbc\xb7\xf3\x4a\x29\x81\xf5\
\xc0\xf0\x86\x83\x7d\x2c\x92\x49\xa3\xdb\x79\x92\xfb\x55\xad\x37\
\xc3\x9a\x3e\x8f\xa8\xc7\x71\x67\xa4\xdb\xc7\x75\x1f\xfc\xb4\x1c\
\x1a\x28\xae\x3a\x79\x1e\x5a\xb1\x1c\xeb\x0f\x0b\xf7\xb1\xa5\x6c\
\xcf\x13\x6e\x5e\x77\x6f\x53\x42\xfb\x5d\xfe\xd4\xff\x00\x96\x7f\
\xea\x6a\x3a\x28\xae\xc3\x33\xff\xd9\
\x00\x00\x03\xd8\
\xff\
\xd8\xff\xe0\x00\x10\x4a\x46\x49\x46\x00\x01\x01\x01\x00\x78\x00\
\x78\x00\x00\xff\xdb\x00\x43\x00\x0a\x07\x07\x09\x07\x06\x0a\x09\
\x08\x09\x0b\x0b\x0a\x0c\x0f\x19\x10\x0f\x0e\x0e\x0f\x1e\x16\x17\
\x12\x19\x24\x20\x26\x25\x23\x20\x23\x22\x28\x2d\x39\x30\x28\x2a\
\x36\x2b\x22\x23\x32\x44\x32\x36\x3b\x3d\x40\x40\x40\x26\x30\x46\
\x4b\x45\x3e\x4a\x39\x3f\x40\x3d\xff\xdb\x00\x43\x01\x0b\x0b\x0b\
\x0f\x0d\x0f\x1d\x10\x10\x1d\x3d\x29\x23\x29\x3d\x3d\x3d\x3d\x3d\
\x3d\x3d\x3d\x3d\x3d\x3d\x3d\x3d\x3d\x3d\x3d\x3d\x3d\x3d\x3d\x3d\
\x3d\x3d\x3d\x3d\x3d\x3d\x3d\x3d\x3d\x3d\x3d\x3d\x3d\x3d\x3d\x3d\
\x3d\x3d\x3d\x3d\x3d\x3d\x3d\x3d\x3d\x3d\x3d\x3d\x3d\xff\xc0\x00\
\x11\x08\x00\x27\x00\x24\x03\x01\x22\x00\x02\x11\x01\x03\x11\x01\
\xff\xc4\x00\x1f\x00\x00\x01\x05\x01\x01\x01\x01\x01\x01\x00\x00\
\x00\x00\x00\x00\x00\x00\x01\x02\x03\x04\x05\x06\x07\x08\x09\x0a\
\x0b\xff\xc4\x00\xb5\x10\x00\x02\x01\x03\x03\x02\x04\x03\x05\x05\
\x04\x04\x00\x00\x01\x7d\x01\x02\x03\x00\x04\x11\x05\x12\x21\x31\
\x41\x06\x13\x51\x61\x07\x22\x71\x14\x32\x81\x91\xa1\x08\x23\x42\
\xb1\xc1\x15\x52\xd1\xf0\x24\x33\x62\x72\x82\x09\x0a\x16\x17\x18\
\x19\x1a\x25\x26\x27\x28\x29\x2a\x34\x35\x36\x37\x38\x39\x3a\x43\
\x44\x45\x46\x47\x48\x49\x4a\x53\x54\x55\x56\x57\x58\x59\x5a\x63\
\x64\x65\x66\x67\x68\x69\x6a\x73\x74\x75\x76\x77\x78\x79\x7a\x83\
\x84\x85\x86\x87\x88\x89\x8a\x92\x93\x94\x95\x96\x97\x98\x99\x9a\
\xa2\xa3\xa4\xa5\xa6\xa7\xa8\xa9\xaa\xb2\xb3\xb4\xb5\xb6\xb7\xb8\
\xb9\xba\xc2\xc3\xc4\xc5\xc6\xc7\xc8\xc9\xca\xd2\xd3\xd4\xd5\xd6\
\xd7\xd8\xd9\xda\xe1\xe2\xe3\xe4\xe5\xe6\xe7\xe8\xe9\xea\xf1\xf2\
\xf3\xf4\xf5\xf6\xf7\xf8\xf9\xfa\xff\xc4\x00\x1f\x01\x00\x03\x01\
\x01\x01\x01\x01\x01\x01\x01\x01\x00\x00\x00\x00\x00\x00\x01\x02\
\x03\x04\x05\x06\x07\x08\x09\x0a\x0b\xff\xc4\x00\xb5\x11\x00\x02\
\x01\x02\x04\x04\x03\x04\x07\x05\x04\x04\x00\x01\x02\x77\x00\x01\
\x02\x03\x11\x04\x05\x21\x31\x06\x12\x41\x51\x07\x61\x71\x13\x22\
\x32\x81\x08\x14\x42\x91\xa1\xb1\xc1\x09\x23\x33\x52\xf0\x15\x62\
\x72\xd1\x0a\x16\x24\x34\xe1\x25\xf1\x17\x18\x19\x1a\x26\x27\x28\
\x29\x2a\x35\x36\x37\x38\x39\x3a\x43\x44\x45\x46\x47\x48\x49\x4a\
\x53\x54\x55\x56\x57\x58\x59\x5a\x63\x64\x65\x66\x67\x68\x69\x6a\
\x73\x74\x75\x76\x77\x78\x79\x7a\x82\x83\x84\x85\x86\x87\x88\x89\
\x8a\x92\x93\x94\x95\x96\x97\x98\x99\x9a\xa2\xa3\xa4\xa5\xa6\xa7\
\xa8\xa9\xaa\xb2\xb3\xb4\xb5\xb6\xb7\xb8\xb9\xba\xc2\xc3\xc4\xc5\
\xc6\xc7\xc8\xc9\xca\xd2\xd3\xd4\xd5\xd6\xd7\xd8\xd9\xda\xe2\xe3\
\xe4\xe5\xe6\xe7\xe8\xe9\xea\xf2\xf3\xf4\xf5\xf6\xf7\xf8\xf9\xfa\
\xff\xda\x00\x0c\x03\x01\x00\x02\x11\x03\x11\x00\x3f\x00\xf4\xcd\
\x4b\x5d\x1a\x7d\xea\xdb\x2d\xbb\x4a\xc5\x77\x64\x55\x37\xf1\x6b\
\x44\x03\x49\xa7\xc8\xa8\x4e\x37\x66\xa0\xd6\x67\x48\xbc\x4e\xa2\
\x46\x01\x4c\x5d\xeb\x3b\x5b\xbc\x88\xdb\x22\x2b\x83\xf3\x8e\x01\
\xf7\xaf\x32\xa6\x22\xa4\x66\xd2\x7a\x1a\xa8\xab\x23\xa2\xbf\xf1\
\x12\x59\x34\x6b\xf6\x76\x90\xc8\x32\x31\x54\xe5\xf1\x87\x93\x13\
\x48\xda\x7c\xbb\x17\xa9\xaa\x3a\x96\x1b\x51\xb2\x0d\x20\x41\xb0\
\x1c\x9a\x6e\xbf\xa9\x5a\x26\x93\x2c\x30\xb2\xb1\x23\x92\x0d\x7a\
\x51\xbd\xfd\xed\x8e\x49\x49\xa6\xd2\x3a\xfb\x39\xc5\xe5\x9c\x57\
\x0a\x36\x89\x17\x70\x07\xb5\x15\x5f\x41\x39\xd0\xec\xff\x00\xeb\
\x98\xa2\x99\xb2\xd8\xe5\xbc\x5d\x2c\x7f\xdb\x91\xc4\x60\xf3\x1c\
\xc7\xd7\x38\xac\x79\x63\x8a\x03\x1b\xc9\x68\x4f\xcc\x3f\x8a\xb6\
\x3c\x42\xaa\xfe\x30\x4d\xe7\x6a\xf9\x3d\x4d\x66\xdf\xb8\x64\x01\
\x18\x15\x57\x1f\xce\x94\xe9\xd2\xe6\x8f\xbb\xab\xdc\x85\x29\x6b\
\xa9\xad\xae\x47\x1c\xd2\x5b\x0f\x23\x71\x28\x31\xcf\x4a\xc5\xd4\
\x2c\xa2\xb4\x80\xbb\xda\x16\x52\x32\x7e\x6a\xd4\xd5\xee\x1e\x3d\
\x42\xc8\x0e\x14\xa0\xce\x69\xba\xdc\x88\x74\xb7\x0a\xea\xc4\x8e\
\x80\xd7\x2d\x5a\xd5\x21\x35\x15\xb1\x51\x8a\x9a\x69\x6e\x75\xda\
\x2b\x2b\x68\xf6\xac\x83\x6a\x98\xc6\x07\xa5\x14\xcd\x0c\x81\xa2\
\x5a\x0f\xfa\x66\x28\xae\xb4\x35\xb1\x0d\xee\x91\x6f\x7f\x38\x9a\
\x61\xf3\x81\x8a\xaf\xff\x00\x08\xdd\x91\x20\xe0\xf0\x73\x45\x14\
\xee\x16\x2c\x5d\x69\x16\xd7\x7b\x7c\xc1\xf7\x46\x05\x57\xff\x00\
\x84\x6e\xcb\x1d\xf1\x45\x14\x80\xd4\x85\x44\x10\xac\x69\xf7\x54\
\x60\x51\x45\x14\x01\xff\xd9\
\x00\x00\x2a\x93\
\xff\
\xd8\xff\xe0\x00\x10\x4a\x46\x49\x46\x00\x01\x01\x01\x00\x60\x00\
\x60\x00\x00\xff\xdb\x00\x43\x00\x02\x01\x01\x02\x01\x01\x02\x02\
\x02\x02\x02\x02\x02\x02\x03\x05\x03\x03\x03\x03\x03\x06\x04\x04\
\x03\x05\x07\x06\x07\x07\x07\x06\x07\x07\x08\x09\x0b\x09\x08\x08\
\x0a\x08\x07\x07\x0a\x0d\x0a\x0a\x0b\x0c\x0c\x0c\x0c\x07\x09\x0e\
\x0f\x0d\x0c\x0e\x0b\x0c\x0c\x0c\xff\xdb\x00\x43\x01\x02\x02\x02\
\x03\x03\x03\x06\x03\x03\x06\x0c\x08\x07\x08\x0c\x0c\x0c\x0c\x0c\
\x0c\x0c\x0c\x0c\x0c\x0c\x0c\x0c\x0c\x0c\x0c\x0c\x0c\x0c\x0c\x0c\
\x0c\x0c\x0c\x0c\x0c\x0c\x0c\x0c\x0c\x0c\x0c\x0c\x0c\x0c\x0c\x0c\
\x0c\x0c\x0c\x0c\x0c\x0c\x0c\x0c\x0c\x0c\x0c\x0c\x0c\xff\xc0\x00\
\x11\x08\x00\xca\x00\xe4\x03\x01\x22\x00\x02\x11\x01\x03\x11\x01\
\xff\xc4\x00\x1f\x00\x00\x01\x05\x01\x01\x01\x01\x01\x01\x00\x00\
\x00\x00\x00\x00\x00\x00\x01\x02\x03\x04\x05\x06\x07\x08\x09\x0a\
\x0b\xff\xc4\x00\xb5\x10\x00\x02\x01\x03\x03\x02\x04\x03\x05\x05\
\x04\x04\x00\x00\x01\x7d\x01\x02\x03\x00\x04\x11\x05\x12\x21\x31\
\x41\x06\x13\x51\x61\x07\x22\x71\x14\x32\x81\x91\xa1\x08\x23\x42\
\xb1\xc1\x15\x52\xd1\xf0\x24\x33\x62\x72\x82\x09\x0a\x16\x17\x18\
\x19\x1a\x25\x26\x27\x28\x29\x2a\x34\x35\x36\x37\x38\x39\x3a\x43\
\x44\x45\x46\x47\x48\x49\x4a\x53\x54\x55\x56\x57\x58\x59\x5a\x63\
\x64\x65\x66\x67\x68\x69\x6a\x73\x74\x75\x76\x77\x78\x79\x7a\x83\
\x84\x85\x86\x87\x88\x89\x8a\x92\x93\x94\x95\x96\x97\x98\x99\x9a\
\xa2\xa3\xa4\xa5\xa6\xa7\xa8\xa9\xaa\xb2\xb3\xb4\xb5\xb6\xb7\xb8\
\xb9\xba\xc2\xc3\xc4\xc5\xc6\xc7\xc8\xc9\xca\xd2\xd3\xd4\xd5\xd6\
\xd7\xd8\xd9\xda\xe1\xe2\xe3\xe4\xe5\xe6\xe7\xe8\xe9\xea\xf1\xf2\
\xf3\xf4\xf5\xf6\xf7\xf8\xf9\xfa\xff\xc4\x00\x1f\x01\x00\x03\x01\
\x01\x01\x01\x01\x01\x01\x01\x01\x00\x00\x00\x00\x00\x00\x01\x02\
\x03\x04\x05\x06\x07\x08\x09\x0a\x0b\xff\xc4\x00\xb5\x11\x00\x02\
\x01\x02\x04\x04\x03\x04\x07\x05\x04\x04\x00\x01\x02\x77\x00\x01\
\x02\x03\x11\x04\x05\x21\x31\x06\x12\x41\x51\x07\x61\x71\x13\x22\
\x32\x81\x08\x14\x42\x91\xa1\xb1\xc1\x09\x23\x33\x52\xf0\x15\x62\
\x72\xd1\x0a\x16\x24\x34\xe1\x25\xf1\x17\x18\x19\x1a\x26\x27\x28\
\x29\x2a\x35\x36\x37\x38\x39\x3a\x43\x44\x45\x46\x47\x48\x49\x4a\
\x53\x54\x55\x56\x57\x58\x59\x5a\x63\x64\x65\x66\x67\x68\x69\x6a\
\x73\x74\x75\x76\x77\x78\x79\x7a\x82\x83\x84\x85\x86\x87\x88\x89\
\x8a\x92\x93\x94\x95\x96\x97\x98\x99\x9a\xa2\xa3\xa4\xa5\xa6\xa7\
\xa8\xa9\xaa\xb2\xb3\xb4\xb5\xb6\xb7\xb8\xb9\xba\xc2\xc3\xc4\xc5\
\xc6\xc7\xc8\xc9\xca\xd2\xd3\xd4\xd5\xd6\xd7\xd8\xd9\xda\xe2\xe3\
\xe4\xe5\xe6\xe7\xe8\xe9\xea\xf2\xf3\xf4\xf5\xf6\xf7\xf8\xf9\xfa\
\xff\xda\x00\x0c\x03\x01\x00\x02\x11\x03\x11\x00\x3f\x00\xf8\x8b\
\x56\xd5\x2e\x75\xed\x56\xe6\xfe\xfe\xe6\xe2\xf6\xf6\xf2\x57\x9e\
\xe2\xe2\x79\x0c\x92\xcf\x23\x12\xcc\xee\xc7\x96\x62\x49\x24\x9e\
\x49\x35\x03\x18\xcf\x4a\xe9\xfe\x07\x69\x36\xde\x20\xf8\xc7\xe1\
\x5b\x1b\xd8\x52\xe2\xce\xf3\x55\xb6\x86\x68\x9b\xa4\x88\xd2\xa8\
\x2a\x7d\x88\xaf\xde\xaf\x1d\xff\x00\xc1\x3f\xff\x00\x66\x7f\x86\
\x7e\x1e\x4d\x53\x59\xf8\x73\xe1\xab\x4b\x51\xf7\x98\xc2\xde\x99\
\x3f\xc5\x5f\xb4\xe6\xb9\xfb\xc1\x4d\x41\x23\xf1\x8c\xbb\x29\x72\
\x57\x67\xf3\xd8\xc3\x77\x4a\x7d\xb8\x63\x9c\xd7\xee\x4d\xe7\xc3\
\x7f\xd8\xb4\x48\x02\xf8\x57\xc2\xe8\x54\x90\xc0\x42\x7a\x8e\x3f\
\xbf\x4b\x1f\x80\x3f\x62\xf4\x62\x4f\x84\xfc\x2f\x83\xd3\xf7\x27\
\xff\x00\x8b\xae\x4a\x3c\x5b\x37\x1b\xf2\x49\x9d\x15\x32\x7b\xce\
\xca\x49\x1f\x87\x5e\x5f\xd2\x9a\x51\x4f\xf0\x8a\xfd\xcb\xff\x00\
\x84\x03\xf6\x2c\xff\x00\xa1\x53\xc3\x1f\xf7\xe0\xff\x00\xf1\x74\
\x9f\xf0\xaf\xbf\x62\xb3\xff\x00\x32\x9f\x86\x3f\xef\xc1\xff\x00\
\xe2\xeb\x4f\xf5\xbe\xa7\xfc\xf9\x97\xdc\x5f\xf6\x25\x5f\xf9\xfd\
\x13\xf0\xbe\x5d\x22\x19\x79\xc5\x54\x9f\xc3\x51\xca\xdc\x62\xbf\
\x77\x87\xc3\xef\xd8\xa8\x8f\xf9\x14\xfc\x31\xff\x00\x7e\x0f\xff\
\x00\x17\x4a\x3e\x1f\x7e\xc5\x63\xfe\x65\x3f\x0c\x7f\xdf\x83\xff\
\x00\xc5\xd1\xfe\xb7\xd4\xff\x00\x9f\x32\xfb\x83\xfb\x12\xaf\xfc\
\xfe\x89\xf8\x2b\x3f\x84\xb1\x19\x2a\x45\x53\x9b\x43\x92\x2e\xff\
\x00\xad\x7e\xf3\xf8\x9f\xc0\x3f\xb1\xb0\xf0\xed\xef\xd8\xfc\x29\
\xe1\x8f\xb4\x79\x0f\xe5\xe2\x12\x30\xdb\x4e\x3f\x8f\xd6\xbf\x1d\
\x3e\x38\x58\xe8\xba\x7f\xc4\xdd\x45\x34\x74\x89\xac\x3c\xf9\x44\
\x51\xa8\xc2\x85\xf9\x76\xff\x00\x5a\xf5\xf2\xdc\xde\x78\xbb\xc9\
\xc1\xc6\xdd\xcf\x2f\x1b\x83\x74\x65\xcb\x29\x29\x7a\x1e\x35\x24\
\x2d\x03\x53\xe2\x3f\x25\x75\x89\xa7\x43\x72\xee\x26\xb7\x48\xf2\
\xb8\x07\xd0\xd5\x2b\xbf\x08\xc4\xa3\x7a\x4a\xdc\x93\xf2\xe3\xa5\
\x7d\x24\x6a\x59\x6a\x79\x4e\x17\x7a\x18\x3b\xe9\xa5\xb9\xaf\xab\
\x3f\x60\x9f\xf8\x27\x04\x5f\xb6\x94\xd7\xaa\x9a\xdd\xd5\x8b\xda\
\xce\xb0\xb2\xc7\x1a\x9c\x66\x37\x7e\xff\x00\xee\xd6\x27\xed\xe1\
\xfb\x06\x7f\xc3\x1a\xdc\xc5\x17\xf6\x9c\xfa\x89\x7b\xd7\xb4\x1e\
\x62\x28\xce\xd5\x0d\x9e\x3e\xb5\xe5\x57\xcc\x61\xcf\xec\xd3\xd4\
\xe8\x8e\x0a\x4e\x3c\xc7\xcd\xfb\xb2\x69\xc0\x62\x90\x23\xed\xe5\
\x29\x11\x0b\x37\x3c\x57\xb5\x82\x92\x54\xd4\xa4\x79\x8a\xfc\xcd\
\x0e\x43\x91\x4b\x9e\x2b\xea\x9f\xd8\x7f\xfe\x09\xcb\xff\x00\x0d\
\x5f\xe0\x3b\xff\x00\x10\x9d\x5a\xe2\xcd\x2c\xae\x7e\xce\x62\x45\
\x52\x1b\x8c\xe7\x9f\xa5\x78\x67\xc6\xef\x84\xe9\xf0\x57\xe2\x0d\
\xf6\x97\x25\xc4\x97\x22\xd5\xca\xfc\xcb\xd7\x93\xe9\xf4\xaf\x8e\
\xc0\x71\x05\x3c\x4e\x6b\x5b\x09\x17\xf0\x9f\x4d\x9c\xe4\xd2\xc3\
\x65\xb4\x71\x76\xf8\x8e\x29\x0f\x35\x2a\x1f\x96\xa9\xd9\xc9\x14\
\xf7\x44\xbc\xae\x8b\x82\x40\xdb\xc6\x6a\xd8\x94\x1a\xfa\xaa\x33\
\x6e\x4d\x33\xe6\xa3\x7e\x44\xd8\xea\x28\x1c\xd1\xd2\xba\x44\x14\
\x51\x45\x27\xb0\x0f\x4e\x94\xb4\xd5\x24\x0a\x37\x91\x58\xbd\xcc\
\xc7\x51\x48\x1c\x13\x4b\x9e\x69\x00\x51\x48\xd1\x9d\xd4\x50\x07\
\xa3\xfe\xce\xf2\xed\xf8\xf7\xe0\xd2\x3f\xe8\x35\x68\x7f\xf2\x32\
\xd7\xee\x77\xfc\x16\x1a\xfa\x6f\xf8\x64\x19\x9d\x19\xe3\x71\xbf\
\x95\xf9\x4f\xdc\x15\xf8\x63\xfb\x39\xc7\x9f\x8f\xde\x0b\xff\x00\
\xb0\xdd\xa7\xfe\x8e\x5a\xfd\xd0\xff\x00\x82\xc5\x33\x45\xfb\x25\
\x5d\x6e\xf9\xb0\x24\xe3\xfe\x02\x2b\xf3\x6e\x26\xc3\x29\x63\xa9\
\x53\x7d\x4f\xd0\x72\xba\xb3\x95\x29\x49\x74\x3f\x06\x75\xad\x7a\
\xf8\xea\xf7\xc3\xed\xd7\x21\xc4\xef\xc7\x9c\xdf\xde\x3e\xf5\x56\
\xdf\xc4\xba\xa3\xc6\x14\xdf\x5d\x71\xc7\xfa\xe6\xff\x00\x1a\x8b\
\xc4\x71\xaf\xfc\x24\x77\x93\x6d\xc6\xfb\x89\x06\x3f\xe0\x46\xa0\
\x6b\x88\xa3\x97\x69\xf9\x7d\x38\xaf\xb5\xca\xb2\x9c\x35\x0c\x32\
\xbf\xc4\x78\x99\x86\x3e\x5c\xcc\xd0\xff\x00\x84\x87\x53\xff\x00\
\x9f\xeb\xaf\xfb\xfc\xdf\xe3\x4b\xff\x00\x09\x0e\xa7\xff\x00\x3f\
\xd7\x5f\xf7\xf9\xbf\xc6\xa8\xc6\x3c\xc6\xe7\x81\xeb\x4d\x69\x16\
\x25\x66\x73\xb5\x57\xbf\xad\x54\xfd\x94\x3e\x24\x79\xd0\xc4\xca\
\x7f\x09\xa6\xbe\x20\xd4\xc0\xff\x00\x8f\xeb\xaf\xfb\xfc\xdf\xe3\
\x4b\xff\x00\x09\x0e\xa7\xff\x00\x3f\xd7\x5f\xf7\xf9\xbf\xc6\xb3\
\xa3\x70\xe9\xc1\xa7\x13\x8a\xce\x35\x68\x4b\x64\x8e\x8f\xdf\x17\
\x25\xf1\x16\xa6\x17\xfe\x3f\xae\x39\x38\xe6\x66\xff\x00\x1a\xad\
\x79\x60\xd6\xf7\x02\x70\xdb\x9b\x3c\x92\xd9\xa6\x61\x24\x18\x6e\
\x68\x0a\xca\xb8\x12\x10\x3e\x95\xd1\x08\x45\xcb\x43\x9e\xa4\xa7\
\xd4\x97\x51\xb8\x6b\xb0\xa5\xba\x67\x9e\xd4\xcf\x3b\xec\xb1\xa9\
\x50\x48\x3c\x74\xcd\x2a\x37\xee\x19\x5c\xef\xcf\x7f\x4a\x75\xba\
\x1f\x21\x97\xce\xf2\x95\x72\xc3\xde\xab\x15\x52\x34\xe1\xab\x35\
\xc1\xd0\x9d\x49\x6c\x7e\x99\x7f\xc1\xbb\xd6\x76\xf3\xea\x9e\x2d\
\x96\x6c\x8f\xf8\x98\x44\x47\x38\xff\x00\x97\x59\xeb\x89\xff\x00\
\x82\xe0\x44\xba\x87\x89\x20\xda\xa4\xa2\x6b\x52\xb1\xcf\xa7\x94\
\xb5\xd8\xff\x00\xc1\xbb\xec\xb7\xba\x9f\x89\x44\xa7\x70\x1a\x84\
\x40\x13\xfc\x7f\xe8\xd3\x57\x2d\xff\x00\x05\xc7\x9f\xec\xbe\x24\
\x8e\x38\xff\x00\x70\x87\x5a\x95\x70\x3f\x88\x79\x4b\xc5\x7e\x76\
\xa6\xe7\x98\x3e\x5e\xb6\x3e\xb7\x96\x14\xb0\xef\x9f\xb1\xf9\xf4\
\xda\x6c\x32\xc7\xc2\xd5\x36\xf0\xe0\x96\x5e\x14\x7e\x75\xa0\x8d\
\x85\xeb\x8e\x29\x60\x03\xcc\xff\x00\x5a\x47\xe1\x5f\xa3\x62\x6a\
\xda\x94\x69\x53\xf8\x8f\x89\xa1\x4d\x55\xa9\x29\x47\x63\xf4\xab\
\xfe\x08\xc3\x61\x1e\x9b\xfb\x3e\xeb\xca\xf9\x04\xea\x59\x18\x3f\
\xec\x9a\xf8\x37\xf6\xf3\x8a\x63\xf1\xf7\x59\x2b\x1b\x95\xf3\xbb\
\x2f\xbb\xd7\xdf\xbf\xf0\x47\x81\x1c\x7f\xb3\xde\xba\xc4\xef\x3f\
\xda\x5d\x4f\xfb\xa6\xbe\x2d\xfd\xb6\x2e\x9c\x7c\x72\xd5\x53\x6f\
\x06\x4e\xbf\x8b\x57\xf3\x37\x07\xe6\x15\xb0\xfc\x6d\x8e\xa7\x8b\
\x76\x57\x56\xd7\xcc\xfd\xab\x8c\x30\xd0\xc4\x70\xae\x0e\x18\x75\
\x79\x24\xef\xf7\x1f\x37\xdf\x34\x22\xdc\x66\x36\x0d\x91\xfc\x35\
\x12\x45\x81\x5d\x8d\xd6\x8a\x1e\x52\x0a\xac\x99\xef\xe9\x54\x66\
\xf0\xa2\xed\xf9\x65\xfd\x2b\xfa\x79\x55\xa5\x07\xce\xe4\xac\xfc\
\xcf\xc4\x23\x4e\x5e\xcd\x53\x51\x77\x5e\x46\x00\x6d\xb4\xa5\xf7\
\x1a\xd0\xb9\xf0\xb4\xbb\xbe\x52\x4d\x56\x6d\x06\xea\xd8\xff\x00\
\xab\x2d\x4f\xeb\xf8\x7f\xe7\x5f\x79\x3f\x57\xab\xfc\xac\x82\x82\
\x70\x2a\xdc\x7a\x3c\xee\x7e\xe1\x15\x66\x2f\x0c\xc8\xfd\x49\x1f\
\x85\x27\x8e\xc3\xdb\xe3\x5f\x78\x7d\x5e\xaf\xf2\xb3\x1b\xce\x6d\
\xc4\x54\xf1\xa3\x49\xd8\xd7\x45\x69\xe1\x58\xd2\x31\xbb\x93\xdf\
\x8a\xbd\x6d\xa4\x41\x00\xfb\xa0\xd6\x6b\x19\x42\x51\x73\x52\x56\
\x5e\x63\x58\x2a\xcf\xec\xb3\x94\x1a\x7c\x97\x1f\x28\x4e\xb5\x6e\
\xcf\xc3\x72\xb1\xe5\x7f\x5a\xea\x82\xc5\x6e\xb9\x11\x72\x2a\x75\
\x92\x17\x83\x74\x67\x73\x6e\x03\x6d\x5e\x0e\xbd\x3c\x57\xf0\x5d\
\xc8\x96\x1a\xa4\x77\x46\x14\x5e\x17\xca\x72\xa3\xfe\xfa\xa2\xb6\
\x6f\x6e\x24\xb2\x9b\x66\xcc\xf1\x9a\x2b\xab\xd9\x33\x3f\x66\xcb\
\x7f\xb3\x83\xff\x00\xc5\xff\x00\xf0\x67\x3f\xf3\x1b\xb4\xff\x00\
\xd1\xcb\x5f\xba\x5f\xf0\x59\x3f\xf9\x34\x9b\xbf\xa4\x9f\xfa\x08\
\xaf\xc2\xaf\xd9\xc0\x7f\xc5\xff\x00\xf0\x67\xfd\x86\xed\x3f\xf4\
\x72\xd7\xee\x97\xfc\x16\x56\xe1\x53\xf6\x49\xba\xc9\xea\x24\x03\
\xdf\xe5\x15\xf9\xdf\x12\x7f\xc8\xd3\x0e\x7d\xf6\x45\xfe\xed\x5c\
\xfc\x0d\xf1\x2f\xfc\x85\xae\x3f\xeb\xe6\x5f\xfd\x08\xd5\x64\x90\
\xa5\xd6\x42\xa3\x60\xf3\xb8\xd4\xde\x22\x9d\x5f\x59\xb9\x50\x79\
\x17\x32\x13\xff\x00\x7d\x1a\x82\x7b\x41\x22\x3b\xb3\x6d\xe3\x2b\
\xef\x5f\x67\x1b\xb8\xc6\xc7\xcb\x62\x22\xa5\x36\x98\x5f\x45\x6f\
\xa8\x5e\xc7\x1c\xd2\x49\x0a\xc8\x40\x26\x35\xce\x3a\xd7\xe9\xf7\
\xec\x8f\xff\x00\x04\x4f\xf0\xbf\xed\x05\xf0\xfd\x2e\xee\xbc\x55\
\xab\x5a\x79\x90\x42\xff\x00\x25\x94\x2d\xf7\xa3\x46\xef\xf5\xaf\
\xcc\x17\xb8\x58\xad\xe3\xf9\x32\xe0\x0c\x7d\x6b\xfa\x21\xff\x00\
\x82\x69\x8f\x3f\xe0\xa6\x9f\x86\xf2\xc9\xb3\xb5\xcf\xfe\x03\xc5\
\x5f\x1d\xc4\x38\xba\xd4\xa0\xf9\x74\x67\xd0\xe4\xf9\x7d\x2a\x8d\
\x23\xe7\x25\xff\x00\x83\x70\xbc\x10\x9f\xf3\x3e\xeb\xdf\xf8\x2f\
\xb7\xa5\x1f\xf0\x6e\x27\x81\xc7\xfc\xcf\xda\xf7\xfe\x0b\xed\xeb\
\xf4\x83\xc9\x0b\xd5\x77\x7b\xd2\x84\x5f\xee\x7e\xb5\xf9\xe4\xb8\
\x82\xbc\x25\x6e\x63\xee\x29\x64\x14\xa5\x13\xf3\x79\x3f\xe0\xdc\
\x4f\x04\x16\xff\x00\x91\xf7\x5e\xff\x00\xc1\x7d\xbd\x3c\xff\x00\
\xc1\xb8\x7e\x07\xff\x00\xa1\xfb\x5e\xff\x00\xc1\x7d\xbd\x7e\x8f\
\x05\x45\x6f\xb8\x7a\xd3\xb1\x1e\x7f\xd5\xfe\xb5\x94\xb8\xa7\x18\
\xaa\x25\x19\x33\xa5\x70\xee\x19\xc3\xde\x3f\x37\x8f\xfc\x1b\x8b\
\xe0\x8c\xff\x00\xc8\xfb\xaf\xff\x00\xe0\xbe\xde\x9b\x2f\xfc\x1b\
\x81\xe0\x79\x4a\x8f\xf8\x4f\xbc\x43\x9c\xf3\x8d\x3a\xdf\x15\xfa\
\x49\x84\xc7\xdc\x3f\x9d\x3d\x9c\xfd\x98\x85\xf9\x02\x82\x45\x6d\
\x3e\x24\xc4\x4d\x5a\x72\x7f\x80\xa8\x64\x14\x22\xfd\xd3\xe5\x6f\
\xd8\xcb\xfe\x09\x7d\xa0\xfe\xc5\x77\x37\xc7\x4e\xf1\x16\xa5\xa9\
\x24\xf3\x2c\xd9\x96\xda\x38\xfa\x23\x27\xf0\xff\x00\xbd\x5f\x03\
\xff\x00\xc1\x73\x6c\xec\xee\x35\x18\x0c\x73\x3b\x48\xba\xcc\xa7\
\x05\x47\x3f\xba\x5a\xfd\x99\xb6\x26\xfe\xc5\x39\xf3\x18\x0f\x9f\
\x1d\xab\xf1\x3f\xfe\x0b\x7e\xc5\xbc\x74\x50\x74\x8f\x5b\x97\x68\
\xf5\xfd\xd2\xd7\xb5\x91\x63\xf9\xb1\x0a\xa4\xdd\xcf\x1f\x36\xcb\
\x92\x8b\x8f\x43\xe0\x48\xa2\x6c\x73\xc5\x3e\x08\xc2\xbf\x2d\x53\
\xc1\x6d\x34\xe3\x1b\x0d\x4d\x6d\xe1\x79\x6e\x1f\x24\x11\x5f\xab\
\xb6\xab\xb5\x5a\x1b\x23\xf3\x1c\x5c\x96\x1a\xa7\x2d\x2d\x4f\xd2\
\x9f\xf8\x23\x6e\x9d\x1e\xa5\xf0\x1f\x5b\x8d\xa5\x65\x53\xa9\x75\
\x1f\xee\x91\x5b\x5f\x19\xff\x00\xe0\x97\x1a\x2f\xc5\x6f\x1a\xdc\
\x6a\x17\x1a\xfd\xfd\xb0\xb8\x20\x9d\x96\xd1\xb6\x3a\xfa\xfd\x6b\
\x33\xfe\x08\xf7\x62\x34\x6f\x80\x7a\xda\x6f\xf9\xdb\x52\xcf\xfe\
\x3a\x6b\xeb\xd4\x89\xae\x60\xce\xfe\x6b\xfc\xf3\xf1\x2b\x88\x6b\
\xe5\xdc\x55\x8b\xab\x42\x5a\xb9\x1f\xd9\x5c\x05\x96\x50\xc6\x64\
\x14\x25\x88\x8f\x43\xe2\x6b\x8f\xf8\x22\x97\x82\x9a\xe0\x33\x78\
\xdf\xc4\x2a\xdd\x80\xb1\x87\x19\xab\x43\xfe\x08\xad\xe1\x94\x1f\
\xf2\x37\x6a\xc7\xfe\xdd\x21\xaf\xb4\x04\x3b\x53\x93\x9f\x5e\x28\
\x31\xaf\x60\x6b\xe6\x29\x78\xa1\x9f\xd2\x57\xab\x2d\x3a\x1e\x9a\
\xe0\x8c\xa2\xac\xdd\xa2\x7c\x61\xff\x00\x0e\x62\xf0\xcc\x7f\xf3\
\x36\x6a\xbf\xf8\x09\x0d\x58\xb3\xff\x00\x82\x3a\xf8\x5a\xd8\x9d\
\xde\x28\xd4\xcf\xd6\xce\x1a\xfb\x1f\x68\xfe\xe1\xfc\xe9\x1d\x37\
\xf4\x1b\x6b\x6f\xf8\x8b\x59\xc7\x73\x4f\xf8\x87\xf9\x5f\x63\xe4\
\x13\xff\x00\x04\x80\xf0\xb6\xdf\xf9\x19\x75\x2f\xfc\x02\x86\x98\
\x7f\xe0\x8f\x9e\x18\x23\xfe\x46\x5d\x4f\xff\x00\x00\xe1\xaf\xb0\
\x76\x11\xeb\x41\xdc\x07\x53\xf9\x52\x7e\x2d\xe7\x16\xdc\x3f\xe2\
\x1f\x65\x5d\x8f\x8d\x9f\xfe\x08\xc9\xe1\x99\x9b\x77\xfc\x25\x9a\
\xa2\xe7\x9c\x7d\x92\x1e\x28\xff\x00\x87\x2f\x78\x64\xff\x00\xcc\
\xdb\xaa\xff\x00\xe0\x24\x35\xf6\x04\xe5\xc3\x1e\x0d\x10\x3e\x5b\
\x95\x27\xf1\xae\xbc\xbf\xc5\x8c\xdd\xd0\x92\x93\xea\x67\x57\xc3\
\x5c\xb6\x51\xbc\x4f\x8a\x7c\x6d\xff\x00\x04\x8f\xd0\xbc\x07\xe1\
\x9b\xbd\x4e\xd3\xc4\x77\xf7\x93\xdb\x46\x58\x45\x2d\xb4\x4a\xad\
\xc1\xee\x2b\xe0\x0d\x7f\x44\xff\x00\x84\x77\xc4\x33\x42\x1b\x70\
\x49\xd9\x49\xfa\x31\x15\xfb\x71\xf1\x76\x10\xff\x00\x0f\x35\x2c\
\x7c\x9f\xb9\x6e\x7f\x03\x5f\x8c\xfe\x23\xd0\x83\x6b\x7a\x9b\xb9\
\xdc\xc2\xee\x4c\x7f\xdf\x46\xbf\xa4\xbc\x17\xe2\x2c\x76\x65\x1b\
\xc9\xf5\xfd\x0f\xc1\xf8\xe7\x87\x70\xf8\x06\xd4\x4c\x1d\x62\xe4\
\x4b\x79\x91\xfd\xd1\xda\x8a\xb1\x71\xa2\xc9\x24\x99\xf2\xda\x8a\
\xfe\x8d\xfa\xae\x27\xb9\xf8\xb4\xa5\x1b\x90\x7e\xce\x72\x63\xe3\
\xef\x83\x71\xd7\xfb\x6e\xd3\xff\x00\x47\x2d\x7e\xea\x7f\xc1\x63\
\x22\xdd\xfb\x20\x5c\x3b\xc2\x8d\x8d\xfd\xff\x00\xd8\x15\xf8\x47\
\xfb\x3c\x4c\x90\xfc\x78\xf0\x7b\xca\xea\x91\x2e\xb5\x68\x5d\x99\
\xb0\x14\x79\xcb\x92\x4d\x7e\xe1\x7f\xc1\x5f\xfc\x6f\xe1\xcb\xff\
\x00\xd9\x32\x58\x2c\x75\x9d\x2e\x77\x62\xe3\x6c\x77\xa9\x21\x3f\
\x20\xec\x0d\x7c\x9f\x12\x5f\xfb\x4f\x0e\x7d\x8e\x47\x6f\xab\x57\
\x3f\x08\xb5\xfd\xb7\x5e\x28\xd4\x00\x8c\x47\xb6\x77\xe9\xfe\xf1\
\xaa\x0c\x24\x56\xda\xd2\x17\x03\xa0\x3d\xaa\xe7\x89\xff\x00\xd0\
\xfc\x45\x7b\x22\x30\x74\x79\x9f\x04\x72\x3e\xf1\xaa\x71\xb0\x91\
\x43\x8e\xa7\xad\x7d\xc6\x1e\xcb\x96\xe7\xca\x63\x1b\xe6\x76\x1f\
\x37\x06\x3f\xc2\xbf\xa2\x4f\xf8\x26\x70\xff\x00\x8b\x31\xa7\x7f\
\xd7\x9d\xaf\xfe\x93\xc5\x5f\xce\xe4\xdd\x63\xfc\x2b\xfa\x23\xff\
\x00\x82\x67\x1f\xf8\xb3\x3a\x77\xfd\x79\xda\xff\x00\xe9\x3c\x55\
\xf0\xdc\x5b\x52\x2e\x2e\xc7\xd6\x70\xd2\x93\x6a\xe7\xd3\x74\x98\
\xc5\x20\x04\xf7\xa1\x4e\x4d\x7e\x3d\x25\x19\xd4\x3f\x50\xa6\x9c\
\x60\x23\x51\x8c\x77\xa5\x61\x85\xa6\xe2\xbb\xa1\x0a\x51\x5e\xf1\
\x9c\xa9\x54\x9a\xba\x14\xfd\x69\xf6\x45\x8c\xf2\x0d\xa2\x44\xda\
\x30\x09\xa8\xfa\x54\x37\x77\xd6\xba\x5a\x34\xd7\x57\x10\xdb\x26\
\x3e\xf4\xb2\x04\x07\x1e\xe6\xb9\xea\xc2\x32\x95\xa2\x14\xf9\xa9\
\x2f\x78\x95\x5b\xcb\x8a\x60\xb1\x8b\x5e\x3a\xa7\x35\xf8\xb5\xff\
\x00\x05\x95\xb4\x86\x7f\x1b\x1d\xf2\x19\x9c\xeb\x32\xf2\xc3\xa1\
\xf2\xd7\x9a\xfd\x04\xfd\xa9\x7f\xe0\xa5\x1e\x1c\xf8\x19\xf6\xcb\
\x7b\x6d\x47\x49\xba\x92\x28\x59\x87\x97\x72\x64\x39\x04\x0f\xe0\
\x46\xf5\xaf\xc8\x5f\xda\xef\xf6\xaf\x6f\xda\x7b\xc4\xd2\xdc\xe1\
\x14\x2d\xe3\x5d\x0d\xa1\x87\x55\x03\xf8\x95\x7d\x2b\xee\xb8\x7b\
\x26\x9c\xfd\xe7\xb1\xf0\xfc\x43\x9b\xda\x2e\x11\xdc\xf1\x88\xf4\
\xc5\x84\xe6\xa6\x46\x30\x74\xa8\xfc\xe3\x9a\x90\x38\xef\x5f\xa6\
\xc6\x9c\xa8\xe1\x1d\x38\xee\x7e\x7f\x4e\x8b\x8c\x5d\x6c\x47\x43\
\xf4\x63\xfe\x09\x18\xed\x37\xc0\xbd\x6b\xf7\x0a\xff\x00\xf1\x32\
\xfb\xe4\xf2\x3e\x53\x5f\x55\xc4\x64\x56\xf9\x19\xbf\xdd\x23\x02\
\xbf\x2a\xbf\x65\xaf\xdb\x1f\x56\xfd\x9e\x34\xe9\xf4\xfb\x49\xa2\
\x4b\x2b\x89\x44\xce\x8c\xa4\xe4\xe4\x77\x00\xf6\xcd\x7d\xc5\xf0\
\x7b\xf6\xf9\xd0\x7e\x2a\xfd\x92\xd2\x6b\x8d\x3e\x0b\x89\xc6\xd2\
\x5a\x66\x4e\x46\x3f\xbc\x83\xd7\xd6\xbf\x83\xfc\x5d\xf0\xaf\x35\
\xab\x8e\x9e\x69\x0d\xa4\xdb\x3f\xab\xb8\x0b\xc4\x1c\xb2\x9e\x57\
\x43\x0a\xf4\x76\xb1\xee\xf2\x4e\x62\xff\x00\x5a\xdb\x3b\x71\xcd\
\x4a\x92\xe7\xa6\x29\xa2\xda\xd1\xf4\xf5\x9e\x29\xe2\xba\xde\x01\
\x1e\x5c\x81\xfa\xfd\x09\xa1\x22\xda\xb5\xf8\x36\x27\xdb\xc5\x2a\
\x35\x56\xb1\x3f\x62\xc3\x55\xc3\x55\x8f\xb4\xa3\xd4\x7f\x9b\xf4\
\xfc\xe8\xf3\x7e\x9f\x9d\x37\x65\x2f\x97\xf5\xae\x2b\x3e\xc7\x4f\
\xba\x2f\x9b\xf4\xfc\xe8\xf3\x33\xe9\x4d\xd9\x40\x4c\x51\x67\xd8\
\x5e\xe8\xac\x80\xd4\x6b\x18\x47\xa7\xc8\xfb\x17\x35\x51\xee\xbf\
\x7b\x55\xc9\x52\x18\x76\xe2\x18\x75\x39\x27\x73\x1b\xe2\xf9\xc7\
\xc3\xcd\x4b\xfe\xb8\xb7\xf2\x35\xf8\xef\xe2\x43\xff\x00\x13\xdd\
\x43\xfe\xbe\xe4\xff\x00\xd0\x8d\x7e\xc3\x7c\x5e\x6c\xfc\x38\xd4\
\xbf\xeb\x8b\x7f\x23\x5f\x8e\x9e\x26\x72\x35\xcd\x43\xfe\xbe\xe4\
\xff\x00\xd0\x8d\x7f\x5f\x7d\x1c\xa5\x88\x95\x36\xd7\x7f\xd0\xfe\
\x64\xf1\x72\x9c\xe1\x37\x7f\x3f\xcc\x86\x46\xf9\xa8\xa8\x99\xce\
\x68\xaf\xeb\x67\x3c\x55\xcf\xe7\x3e\x59\x33\xca\xad\xa7\x6b\x3b\
\x84\x96\x33\x87\x8d\x83\x29\x1d\x88\xae\x97\xc4\x3f\x15\x3c\x41\
\xe3\x2d\x1c\x58\xdd\xde\x4f\x71\x6a\x0e\x7c\xb6\x7e\x3a\x62\xb2\
\xa1\xf0\xfb\xc9\xc1\xc7\x35\x6c\x68\x9f\xd9\x84\x1e\x18\x77\xc7\
\x35\xd1\x59\x50\x6d\x4e\xa4\x53\x68\xf4\x28\xfb\x68\xdd\x46\x4d\
\x5c\xc8\x86\xda\x54\x8b\xca\xd8\x55\x73\x9c\x55\x8b\x5f\x0e\x4d\
\x33\xa6\xd9\x36\x8c\xf2\x2b\x6e\xd9\xad\xa4\x4f\x9f\x20\xff\x00\
\xbb\x4a\xab\x0c\x72\x64\x17\xc6\x7d\x0d\x67\x1c\xc2\x8b\x9f\x2c\
\xb6\x2e\xbe\x12\xa7\xb3\xe6\x5a\xb2\x89\xd1\xd9\x26\x0a\x53\x7e\
\xd3\x8a\xfe\x85\x7f\xe0\x9a\x90\xbb\x7c\x14\xb4\xf9\x36\x95\xb3\
\xb6\xc7\x3d\x3f\x71\x15\x7f\x3f\x96\x77\xd0\xb5\xc1\xe5\x8f\x3f\
\xdd\xaf\xe8\x17\xfe\x09\xac\xbf\x6c\xf8\x3b\x6a\x15\xb1\xfe\x8b\
\x6d\xd7\x8f\xf9\x61\x1d\x7c\x37\x15\xfd\x5a\x71\x7c\x8f\x53\xea\
\xf8\x69\xd6\x83\x57\x89\xf4\x9c\x66\x97\x38\x34\xd0\x85\x46\x29\
\x7a\x1a\xfc\xa2\x58\x7a\x3c\xff\x00\x13\x3f\x4a\xfa\xd5\x4e\x4f\
\x84\x64\xcf\xb2\x2c\xfa\x50\x2d\xe4\xbc\x8f\xed\x11\xbe\xd5\x1c\
\x98\xfd\xbf\xc8\xa7\xae\x08\xe7\x15\x9d\xae\xea\x2b\xe1\xed\x1a\
\xea\xfe\x47\x11\xc7\x6b\x13\x4d\x26\x5b\x18\x45\x04\x9f\xd0\x56\
\xf4\xa8\x29\x4d\x28\xbb\xa1\x2c\x44\x95\x26\xde\x87\x21\xfb\x45\
\xfe\xd1\x7a\x17\xec\xfd\xf0\xea\xe3\xc4\x7a\x94\xd1\x45\x04\x6a\
\xc1\x23\x63\x8d\xec\x06\x71\x5f\x92\x9f\xb7\xbf\xfc\x15\xc3\x5c\
\xf8\xb9\xe2\xd9\xec\xbc\x31\x7b\x2d\xb6\x8b\x00\x31\xc7\x14\x6d\
\x91\xbb\x61\x56\x3f\x89\xaa\xbf\xf0\x58\xef\xdb\x5e\xdb\xe3\xaf\
\xc4\xfb\x5f\x0f\xf8\x6e\xfe\xea\x5d\x16\x08\x22\x9d\xca\xb8\x44\
\x2c\x57\x9e\x00\xfe\xb5\xf1\x39\x94\x42\xe4\x28\xdf\x91\x92\x4f\
\xaf\x7a\xfd\x1f\x24\xc8\x23\x28\xa9\x4e\x37\x3f\x3d\xce\x73\x9a\
\x89\xb8\xc6\x45\x95\xd5\xee\xbc\x41\x24\xb7\x77\xd2\x49\x24\xf2\
\x1c\x92\xcd\x51\x41\x21\xdc\x72\x7a\xf4\xaa\xca\x92\xcf\x71\xd3\
\x0b\x9f\x5a\xb5\x34\xd1\xc2\x54\x67\x92\x71\xc0\xaf\xbf\xc3\xd1\
\x86\x1e\x36\x8a\x3e\x2a\xab\x9d\x69\x73\xc9\xdc\x90\x0a\x0a\x67\
\xd2\x99\xe6\x52\xef\xae\x9f\x68\x99\xa4\x9f\x34\x79\x65\xaa\x1c\
\xcd\xe5\xc7\x85\x38\x35\x25\x8b\x9d\x3c\x8b\x98\x0b\x2d\xc2\x1c\
\x86\x07\x9a\x89\x19\x5d\xb0\x7a\xd4\x6c\x5e\xde\xe3\x23\x95\xfa\
\xd7\x9b\x98\x61\xa9\xe2\x61\xc9\x55\x5d\x0e\x94\xbd\x95\xbd\x9e\
\x96\x3e\x95\xfd\x97\xff\x00\xe0\xa1\x7a\xe7\xc3\x3d\x6e\xce\xdb\
\x55\x9e\x49\xac\xf0\xb0\xb0\x76\xe3\x1b\x8f\xf8\xd7\xe8\xcf\xc2\
\x1f\x8c\x1a\x57\xc6\xdd\x05\xb5\x0d\x32\x54\x0b\x19\x65\x64\x53\
\x9e\x86\xbf\x17\x2e\xaf\x12\xe6\x25\x0a\xb8\x72\x47\x20\x57\xd1\
\x7f\xf0\x4f\x0f\x8f\x73\xfc\x35\xf8\xaf\x0e\x85\x7d\x75\x3a\xdb\
\xea\x24\x46\xb9\x93\x2b\xb9\x8f\xb8\xfe\xb5\xfc\xe5\xe2\x8f\x85\
\xf4\xf1\x74\x7e\xb3\x81\xa4\xa3\xca\xb5\xb2\x3f\x60\xf0\xf7\x8d\
\xeb\x61\x2b\x7b\x2c\x44\xf9\x93\xee\x7e\x9e\x12\xcf\x2b\x60\xe1\
\x57\xa1\xf5\x34\xe8\x67\xf3\x57\x91\xcd\x54\xb2\xba\x4d\x73\x47\
\xb2\xfb\x23\x89\x3e\x45\xb8\x76\x07\xb3\x00\x7a\xd5\xb9\x24\x53\
\x21\x65\xfb\xa7\xa5\x7f\x11\x67\x15\xaa\x65\xf8\xb7\x86\x9c\x76\
\x76\x3f\xa9\xb0\x18\xd8\x63\x70\xea\xa4\x3a\xa2\x4a\x6b\xb6\x29\
\xa2\x50\x45\x46\xd2\x65\xc5\x74\xba\x74\xea\xc1\x4d\xbb\x1a\xe1\
\xf0\xae\x0e\xf2\x62\xcf\x1b\x48\xbc\x55\x26\xb1\x97\xcd\xad\x10\
\xf8\x41\x4c\x37\x1f\x3d\x79\xd8\x8c\x4d\x2e\x65\x4a\x12\x67\x46\
\x1e\xad\x64\xda\x94\x74\x39\xdf\x8b\x29\x8f\x86\xfa\x88\x3f\xf3\
\xc5\xbf\x91\xaf\xc7\x1f\x15\x1d\xba\xf6\xa1\xff\x00\x5f\x72\x7f\
\xe8\x46\xbf\x63\xfe\x30\x1f\xf8\xb7\x5a\x91\xff\x00\xa6\x2d\xfc\
\x8d\x7e\x36\x78\xa9\xff\x00\xe2\x7f\xa8\x7f\xd7\xdc\x9f\xfa\x11\
\xaf\xed\x3f\x02\x79\xa9\x41\x7b\x2d\x36\xfc\x8f\xe6\xaf\x17\x63\
\x5e\xb4\xde\xdd\x7f\x31\x8f\x86\x34\x54\x6d\xf3\x1e\xb4\x57\xf5\
\xba\x58\x9b\x74\x3f\x9c\xfe\xa1\x57\xb9\xc8\x49\x39\x2a\x47\x4e\
\x31\x5f\x47\xff\x00\xc1\x35\xff\x00\x65\x1d\x2f\xf6\xb6\xf8\x9b\
\x7d\xa0\xde\x5d\x47\x66\x2c\xed\x56\xe3\xcd\x90\x16\x0f\xce\x31\
\xc7\xd2\xbe\x6b\x69\xc2\xf2\x46\x40\xe4\x8f\x5a\xed\xfe\x07\x7e\
\xd1\x5e\x2c\xfd\x9f\x75\xdb\xbd\x67\xc2\x37\x52\xe9\x57\x37\x30\
\xf9\x25\xe1\x7c\x1c\x67\x23\xf9\xd7\x8b\x8c\xa7\x39\xc1\xa8\x3d\
\x4f\x5e\x84\xe2\x9e\xa7\xea\x8c\x5f\xf0\x41\x2f\x0d\xde\xdb\xa3\
\x8d\x5a\xd4\x82\x3a\xf9\x6d\xcf\xe9\x53\xaf\xfc\x10\x47\xc3\x2c\
\xa1\x46\xaf\x6b\x91\xd4\x79\x6d\xfe\x15\xf0\x1f\xfc\x3d\x97\xe3\
\xf5\xb6\x9d\x6c\xdf\xf0\x9e\x6b\x31\x23\x33\x0d\xab\x28\x38\x1f\
\x95\x58\x6f\xf8\x2b\x67\xc7\x37\x94\xf9\x7f\x10\x75\xc5\x23\xa9\
\xde\x39\xfd\x2b\xe4\xff\x00\xb3\xb3\x29\x54\xd2\x6b\xfa\xf9\x1e\
\xf4\x71\x54\x21\x1b\xb4\x7d\xea\xbf\xf0\x40\x8f\x0e\x22\x36\xcd\
\x5e\xd5\x58\xf4\x3e\x5b\x7f\x85\x7d\xb7\xf0\x13\xe0\x75\x87\xc1\
\x0f\x07\xc5\xa5\xc1\xfb\xd3\x1c\x51\xc7\xbd\x4e\x01\xda\x8a\xbf\
\xfb\x2d\x7e\x18\x8f\xf8\x2b\x3f\xc7\xa1\xff\x00\x35\x13\x5c\xff\
\x00\xbe\xc7\xf8\x51\xff\x00\x0f\x69\xf8\xf4\x0f\xfc\x94\x5d\x73\
\xfe\xfb\x1f\xe1\x59\x62\x78\x67\x31\xac\xad\x39\xaf\xeb\xe4\x77\
\xe1\x78\x93\x0d\x47\x64\x7f\x41\x00\x85\x1f\x7a\x9c\x19\x41\xfb\
\xd5\xfc\xf7\x1f\xf8\x2a\xef\xed\x02\xdf\xf3\x51\xf5\xdf\xfb\xf8\
\xbf\xe1\x47\xfc\x3d\x6f\xf6\x81\xff\x00\xa2\x8f\xae\xff\x00\xdf\
\xc5\xff\x00\x0a\xf2\x5f\x03\x63\x5b\xbf\x32\xfe\xbe\x47\xad\xfe\
\xba\xd0\xd8\xfe\x84\x38\x61\xd7\x77\x7a\xf9\x47\xfe\x0a\xd1\xfb\
\x48\xbf\xc0\xdf\xd9\x62\xfe\xe3\x4e\x9f\x7d\xf5\xf5\xc2\xe9\xf2\
\x6c\x38\x21\x24\x05\x5b\xf4\x35\xf9\x3a\x3f\xe0\xab\x3f\xb4\x03\
\x67\xfe\x2e\x56\xbd\x1f\x1d\x43\xaf\xf8\x57\x9f\x7c\x67\xfd\xb3\
\xfe\x23\xfc\x7b\xf0\xb8\xd1\xfc\x5b\xe3\x0d\x53\x55\xb4\xfb\x42\
\x4e\xcb\x36\x08\x66\x53\x9c\xf4\xae\xec\x0f\x0a\xd6\xa3\x51\x3a\
\xda\xa5\xd8\xf3\xb1\xbc\x4d\x0a\xd0\x7c\x8c\xe1\x2f\xc8\x97\x54\
\x95\xfc\xc2\xe2\x48\xf6\x85\x27\x27\x3f\x5a\x89\x23\x96\x08\xb6\
\xfd\xce\x49\xc1\xa8\xf5\x44\x17\x8f\x6e\xf6\x52\x9c\xf9\x80\x13\
\xd3\x8a\xb1\x38\x7b\x72\x16\x46\xde\xfb\x46\x4e\x7d\xab\xf4\xec\
\x05\x3a\x74\xa0\x93\x3f\x3d\xc7\x54\x95\x59\xdd\x03\xcd\x29\x8b\
\x1b\x87\xe5\x51\x5b\xc4\x14\xe5\xfe\x66\xec\x7d\x0d\x29\x93\x22\
\x80\xf8\x34\xf1\x10\xe6\x7a\x1a\x61\xe6\xa3\x1b\x48\x9c\x12\x69\
\x73\x51\xf9\xb8\xa5\xf3\x7e\x95\xc8\xe2\xd1\x9f\x30\xe6\x50\x57\
\x91\xcf\xae\x69\xe9\x33\x2c\x78\xa8\x8c\x99\xf4\xa0\x4b\x83\x57\
\x1d\x74\x61\x71\x61\x66\x86\x50\x59\xc6\x3e\x9d\x2a\xf6\x93\xe2\
\x43\xa4\xf8\xa2\xce\xea\xd6\xe0\x3d\xcc\x52\x29\x47\x4e\x36\x9e\
\xd5\x9e\xd2\x67\xaf\x3e\xd4\xf8\xa0\x82\x44\xf3\x23\x8d\x61\x75\
\x39\x04\x76\xa5\x8f\xe5\x96\x0a\xa6\x1d\x49\x2e\x65\xd4\xdf\x0b\
\x98\x2c\x2d\x68\xd4\x70\x72\xb7\x63\xf5\x4b\xfe\x09\xd5\xf1\xa2\
\x4f\x15\x7c\x24\x86\xd3\x50\x62\xf7\xd1\x02\xad\x3b\x1f\xbc\x99\
\x01\x46\x3d\xab\xe8\x29\xed\x36\x4c\x52\x3f\x98\x0f\x4a\xfc\x5e\
\xf8\x77\xfb\x47\xf8\xc7\xe1\x54\x4d\x0e\x8f\xe2\x1b\xeb\x18\xbd\
\x23\xe9\xd7\x35\xd5\x2f\xfc\x14\x07\xe2\xbc\xb7\x0c\x63\xf1\xde\
\xb1\xd7\xd4\x7f\x85\x7f\x23\x71\x1f\x80\xd5\x73\x5c\x7c\xb1\x2a\
\x51\xd5\xb7\xbf\xfc\x03\xfa\x03\x86\x3c\x5e\xc2\x61\x28\x2a\x53\
\xa6\xf6\xed\xff\x00\x04\xfd\x78\x4b\x27\x1d\x8d\x3f\xec\xe4\x7f\
\x01\xaf\xc8\x83\xfb\x7e\x7c\x5c\xff\x00\xa1\xef\x57\xfc\xc7\xf8\
\x51\xff\x00\x0d\xf7\xf1\x74\x9f\xf9\x1f\x35\x7f\xfb\xe8\x7f\x85\
\x78\x79\x8f\xd1\x9b\x1f\x52\x0a\x34\x2a\x2f\xbf\xfe\x01\xed\xe2\
\xbc\x6f\xc3\x2f\x82\x9b\xfb\xbf\xe0\x9f\xae\xaf\x6e\xe7\xf8\x0d\
\x22\x5a\x38\xfe\x03\x5f\x92\x09\xfb\x7b\x7c\x5b\x2b\xff\x00\x23\
\xe6\xb1\xf9\x8f\xf0\xa7\x7f\xc3\x7a\x7c\x5b\x23\xfe\x47\xcd\x5f\
\xfe\xfa\x1f\xe1\x58\x43\xe8\xbb\x9a\x52\x51\x94\xeb\x47\xef\xff\
\x00\x80\x55\x2f\x1d\x72\xe9\x42\xce\x2e\xfe\x9f\xf0\x4f\xd4\x7f\
\x8c\xf2\xad\xaf\xc3\x5d\x4d\xe7\x61\x0c\x62\x26\xcb\xb7\x41\xc1\
\xaf\xc6\xcf\x10\x30\xb9\xf1\x36\xa2\x11\xb8\xfb\x44\xaf\xbb\xd7\
\x0c\x6b\xd0\xb5\x8f\xdb\x83\xe2\x66\xb3\xa7\x49\x6d\xa9\xf8\xbb\
\x53\xd4\x2c\xe5\x1b\x5e\x09\x18\x6d\x7c\xfe\x15\xe5\x52\x5d\x3c\
\x57\x12\x4a\xff\x00\x7e\x72\x58\x9f\xaf\x5a\xfd\xe3\x81\x3c\x39\
\xc4\x64\xa9\x2a\x95\x17\xdf\xff\x00\x00\xfc\x8f\x8c\xf8\xdb\x0f\
\x9a\x36\xe1\x17\xfd\x7c\xc9\x61\xbc\xfb\x4a\xee\xe9\xce\x31\x45\
\x56\x48\x5e\x11\x80\x68\xaf\xd8\x55\x92\xb7\x31\xf9\x53\x94\x6f\
\xf0\x33\x98\x23\x7f\x1d\x8f\x1c\xd2\x83\x07\x96\xd0\xb0\x7c\x01\
\x90\x43\x75\x3d\x28\x56\x0c\xe3\x8d\xdc\xf4\xf5\xae\xb3\xe1\xcf\
\xc1\x7f\x10\xfc\x5f\xd4\x6f\x2d\x74\x8d\x12\x49\x64\xb3\x87\xcf\
\xc2\xb6\x7b\xd1\x5b\x19\x4a\x8d\x39\x4e\xa6\xc8\xf6\xf0\xf8\x1a\
\x95\xa9\xf3\xd3\xdc\xe5\x74\xab\x71\x72\xee\x8a\x59\x04\x5c\xae\
\xf3\x9e\xb5\x33\xbc\x8c\xd8\x99\x91\xb1\xd3\x6a\xe2\xbd\x3a\xdb\
\xf6\x28\xf8\xa0\xf0\x86\x5f\x0e\x5d\x85\xdc\x40\xe9\x4b\x17\xec\
\x53\xf1\x34\x5c\x36\xef\x0d\xdd\xf2\x7d\xab\xe5\x97\x19\x65\x32\
\x72\x8c\xaa\x25\x63\xd3\xc3\x64\x19\x9d\x48\xdd\x52\x6c\xf2\xfc\
\xae\x7a\x37\xe7\x4b\x85\xf4\x6f\xce\xbd\x58\xfe\xc5\x7f\x12\x8f\
\xfc\xcb\x77\x7f\xa5\x1f\xf0\xc5\x9f\x12\xff\x00\xe8\x5c\xbb\xfd\
\x2b\x48\x71\x96\x4f\x1f\xf9\x7c\x87\x3e\x14\xcd\x65\xff\x00\x2e\
\x4f\x2e\x49\x36\xa8\x18\x6a\x5d\xfc\xff\x00\x15\x7a\x78\xfd\x8a\
\x7e\x26\xff\x00\xd0\xb9\x77\xfa\x51\xff\x00\x0c\x55\xf1\x3b\xfe\
\x85\xcb\xcf\xd2\xb7\xff\x00\x5e\x32\x6f\xf9\xfa\xbe\xf3\x3f\xf5\
\x43\x35\xff\x00\x9f\x27\x98\x13\xe6\x71\xc8\xef\x48\xda\x9c\x9b\
\x36\x6d\x51\xce\x39\x5e\x6b\xd3\xdb\xf6\x29\xf8\x98\x47\xcd\xe1\
\xdb\xbc\x03\x93\xd2\xb1\x7c\x73\xfb\x3d\xf8\xbb\xc0\xfa\x61\xd6\
\x35\x5d\x1e\x78\x2d\x54\x84\xcb\x74\x04\xf0\x3f\x95\x76\x61\xb8\
\xbb\x23\xc4\x2f\x65\x0a\xc9\xcf\xb1\xcd\x5b\x85\xf3\x1a\x5e\xfd\
\x58\x34\x8e\x3c\x24\x3e\x5c\xd1\xcc\xac\x76\x21\x61\xb0\xe2\xa2\
\xd3\x99\x1a\x0f\xdd\xef\x0b\xb8\x8c\x3b\x64\xf5\xa8\x9a\x56\xbb\
\x9b\x03\xe4\x94\x8c\x37\xd2\xa5\x48\x7e\xce\xa1\x49\xdd\xdf\x38\
\xaf\x6e\x94\x68\xce\x3c\xdc\xc7\x97\x52\x4e\x0f\x91\x2b\xb2\x62\
\xd9\xa5\x57\xe6\xa1\x04\x1a\x15\xb9\xa7\x7a\xd4\xde\xb1\xd0\x23\
\x47\x9b\x5a\x8e\xc5\xb0\xf9\x34\x06\xa8\x43\x7f\x3a\x5d\xf9\x6a\
\xca\x75\x5c\xfa\x04\xa0\x91\x2b\x36\x28\xdf\xf2\xd3\x11\xf3\x4a\
\x58\x13\x53\x08\x4a\xf7\x26\x2a\x2c\x56\x6c\x81\x4b\x6f\xd7\xe5\
\xc8\xe7\xbd\x46\xf2\x6c\x52\x7a\xe3\xa0\xa7\xac\x8b\x71\xa4\x2c\
\x8d\x27\x91\x37\x99\x85\x4e\xff\x00\x5a\xe8\x70\xc3\xfc\x58\x8e\
\x87\x4c\x3d\xa4\x63\xcb\x4d\x5e\xe3\xa7\x9e\x78\xa4\xda\x8c\x9f\
\x8a\x54\xab\x04\xab\x18\x69\x5e\x36\xcf\x4d\xab\x8a\xf4\x3f\x84\
\xbf\xb2\x3f\xc4\x0f\x8c\x9e\x1f\x6d\x4f\x41\xd1\x2e\x75\x3b\x76\
\xc8\x59\x93\xa3\x63\xb5\x74\xb6\x9f\xf0\x4e\x7f\x8c\xc6\xd5\x7c\
\xdf\x08\x5f\x8f\xf6\x78\xe2\xbc\xfc\x76\x6b\x80\x8c\x79\x22\x92\
\x39\xff\x00\xb2\x31\xd5\x25\xcd\x16\xd1\xe2\xd8\xa3\xa9\xaf\x6e\
\xff\x00\x87\x73\xfc\x5f\xcf\xfc\x8a\x17\xdf\x98\xa0\x7f\xc1\x39\
\xfe\x2f\xe7\xfe\x45\x0b\xef\xcc\x56\x18\x0c\xe7\x07\x4d\xde\x4e\
\xe7\x74\x72\xec\x7c\x55\x9a\xb9\xe2\x81\xf0\x38\xa7\x2c\x99\xaf\
\x6d\x4f\xf8\x27\x6f\xc5\xe5\x18\xff\x00\x84\x42\xf7\xf4\xa5\xff\
\x00\x87\x76\xfc\x5e\x3f\xf3\x28\x5e\xfe\x95\x75\x33\x5c\x35\x49\
\x68\x89\xfe\xcd\x9c\x7d\xe7\x1d\x4f\x11\xdf\xb9\xb0\x7d\x73\x52\
\x5c\x3f\xda\xf5\x18\xc3\x70\xaa\x86\xbd\x73\xc4\x7f\xb0\x7f\xc4\
\xff\x00\x0a\x69\x12\xdf\x6a\x5e\x1b\xbb\xb2\xb4\x84\x65\xe5\x6c\
\x61\x6b\xc6\xed\x21\x9a\x19\x27\x82\xf7\x2a\x51\xc8\xe7\xda\xba\
\x68\xd7\xa3\x2d\xa2\x73\xd4\x52\x86\xe4\x7a\xa6\xa4\xf1\xdd\x61\
\x41\x23\x03\x90\x28\xa9\xed\xae\x62\x31\xf1\x8e\xb4\x57\x6d\xe9\
\xff\x00\x21\xcb\xed\xfc\xce\x58\x92\x7a\x75\xed\x5f\x5a\xff\x00\
\xc1\x24\x75\xe1\xa5\xfc\x6c\xbe\xb7\xbb\x75\x22\xee\xd1\x62\x0a\
\xff\x00\x36\x4e\x7d\xeb\xe4\x6d\xf8\xfe\xb5\xe9\x9f\xb1\x9f\x8c\
\xe6\xf0\x87\xed\x1d\xe1\xfb\x98\xa5\x31\x5b\xbd\xdc\x6b\x36\x7b\
\xa6\x4d\x7c\x6f\x1b\xe0\xaa\xcb\x87\xeb\x56\xa5\xbf\x2b\x3e\xcf\
\x83\xf1\xd4\xe1\x98\xc6\x95\x5d\xae\x7e\xd6\x9d\x3a\xde\x2b\x1b\
\x60\x96\xf6\xf8\x61\xbb\xfd\x58\xee\x29\xd2\x58\x5b\x2c\xd8\x16\
\xf0\x7b\xfe\xec\x56\x7f\x82\x75\x98\x7c\x55\xe0\x9d\x37\x50\x80\
\xef\x86\x4b\x78\xc0\x20\xff\x00\x10\x51\x9a\xd3\xb4\x4c\xfc\xe7\
\xab\x1c\xe6\xbf\xcc\xfc\xc3\x38\xcc\x23\x8b\xaf\x46\xac\x9a\x5c\
\xcf\xab\x3f\xb5\x32\x9c\x1e\x0e\x58\x48\x4e\x9a\x4f\x41\x3f\xb3\
\x60\xff\x00\x9f\x6b\x7f\xfb\xf6\x28\xfe\xcd\x83\xfe\x7d\xad\xff\
\x00\xef\xd8\xab\x7b\x85\x1b\x85\x79\x7f\x5e\xaf\xff\x00\x3f\x9f\
\xde\x76\xfd\x56\x87\xf2\x7e\x05\x3f\xec\x98\x0f\xfc\xbb\xc3\xff\
\x00\x7c\x0a\x3f\xb1\xe0\xff\x00\x9f\x68\x7f\xef\x81\x57\x37\x0a\
\x37\x0a\x3e\xbd\x5b\xfe\x7f\x3f\xbc\x3e\xab\x47\xf9\x17\xdc\x51\
\x92\xc9\x2d\x3e\x68\xad\xad\x8b\xe7\x18\x68\xd4\x8c\x57\x9d\xfe\
\xd7\x1f\x09\xff\x00\xe1\x65\x7c\x1a\xd5\x6c\xa0\xb1\xb4\x7d\x90\
\xbc\xeb\xb1\x55\x0e\xe5\x42\x47\x20\x7a\xd7\xa6\x5c\x9d\xca\x47\
\xaf\x14\xc4\xd3\xe3\xb7\xb1\x78\x27\xfd\xe5\xbc\xaa\x50\xae\x7d\
\x73\xfe\x35\xeb\xf0\xdf\x10\x56\xc1\x66\x31\xad\xed\x1b\xd5\x75\
\x3c\xac\xef\x22\xa1\x8b\xc1\xca\x16\x49\xfa\x1f\x84\x7e\x23\xf0\
\x85\xef\x81\x27\xf2\x35\x08\x8c\x57\x79\x0c\x57\xa9\xda\x45\x67\
\xad\xcf\x9d\xf3\x0e\x9d\x2b\xf4\x3b\xfe\x0a\x39\xfb\x10\x0d\x42\
\x39\x3c\x59\xe1\xcb\x42\xae\xb0\x08\xa4\x0a\x37\x65\x54\x57\xe7\
\xb7\x88\x34\xcb\x9f\x09\x6b\x13\x59\x5d\x40\xc6\xea\x27\x21\xe1\
\xe8\xc8\x3b\x1f\xc6\xbf\xd0\xfe\x00\xe2\xac\x1e\x69\x82\x87\x34\
\xfd\xf3\xf8\xf7\x8a\x78\x56\xbe\x5f\x89\x95\x4e\x5d\x08\x8b\x9a\
\x54\x73\xba\x9a\x92\x23\xae\xe6\x3e\x5b\xff\x00\xcf\x23\xd7\xe9\
\x47\xda\x03\x9f\x9a\x33\x6c\x47\x4d\xc7\x3b\xcf\xa5\x7e\x9d\x4e\
\xa5\x64\xb9\x6a\x2d\x0f\x80\xaf\x52\xa5\x59\x2b\x2b\x58\x98\x36\
\x69\x43\x73\x51\x86\xc8\xa4\x0f\x44\x22\x82\xa4\x9e\xc4\xe8\xdc\
\x1a\x70\x3c\x55\x70\xcc\x17\x24\xf9\x51\x77\x94\xf4\x14\xbf\xda\
\x16\xc2\x3d\xbf\x68\x4d\xbf\xf3\xd7\xb5\x6b\x2a\x90\x82\xd4\x88\
\x42\x6f\x62\x70\xe4\x30\xc7\x5c\xf1\x9a\xea\x3e\x0f\xf8\x1e\xef\
\xe2\x57\xc5\xbd\x23\x49\x96\xdf\xcf\x5b\xf9\xe3\x80\xac\x3e\x84\
\xe3\xb7\x4f\xad\x73\xba\x36\x81\x77\xa9\x5f\xdb\xc3\x0c\x6d\x7c\
\x2e\x64\x58\x90\xc6\x31\x92\xc7\x03\xf9\xd7\xea\x6f\xfc\x12\x5f\
\xfe\x09\xe0\xbf\x09\xac\xee\xfe\x24\xf8\xce\x1f\xb3\x5b\xd9\xef\
\x41\x6f\x3a\x9d\xd6\xfb\x09\x3e\x69\x3c\x8c\x57\xcc\x67\x79\x8d\
\x28\xc6\xed\x9e\xfe\x5d\x42\xb7\x44\x7d\x41\xfb\x1b\x7c\x28\xf0\
\xb7\xec\xaf\xfb\x25\xe9\x71\xea\xe8\x96\x0d\x1c\x52\x5f\x13\x2b\
\x86\x63\x94\x12\x75\x20\x67\xa7\x4a\xf2\x7d\x43\xfe\x0b\x5b\xf0\
\xb2\xd7\x57\x9e\xda\x3d\x49\x37\x42\xdb\x0e\x74\x81\x8f\xcf\x35\
\xf3\xcf\xfc\x16\x27\xf6\xe6\x87\xc5\x3e\x2c\x83\xc1\x9e\x0f\xd4\
\x01\xd3\xb4\x10\x4c\x93\xc2\xdf\x24\x99\x8c\xa3\x47\xdb\x91\x8a\
\xfc\xe8\x82\xf9\xb5\x18\x16\x46\x42\xa1\x89\xe4\xf5\x35\xe0\xe0\
\xb2\x78\xe2\xe3\xed\x2a\x3d\x5e\xb6\xec\x7a\x93\xcc\xea\x50\xd2\
\xdb\x1f\xb3\x63\xfe\x0b\x5b\xf0\xcf\x3f\xf2\x11\x83\xff\x00\x05\
\x0b\xfe\x34\x37\xfc\x16\xb7\xe1\x9f\x6d\x46\x0f\xfc\x14\x2f\xf8\
\xd7\xe3\x3e\x01\xf5\xa3\x67\x3d\xff\x00\x3a\xf6\x21\xc1\x94\x9e\
\xb7\x39\xa5\xc5\xce\x3a\x38\x9f\xb2\xff\x00\xf0\xfa\x9f\x86\xa4\
\xff\x00\xc8\x46\x1f\xfc\x14\x8f\xf1\xa0\xff\x00\xc1\x69\x7e\x1a\
\xb7\xfc\xc4\x62\xff\x00\xc1\x4a\xff\x00\x8d\x7e\x36\x27\x03\xff\
\x00\xaf\x4e\x27\x1f\xfe\xba\x95\xc2\x1c\xaf\x6d\x0c\x67\xc4\xd4\
\xea\x23\xf5\x5b\xf6\x89\xff\x00\x82\xaf\xf8\x07\xe2\x8f\xc2\x7d\
\x4f\x46\xd3\xef\xe1\x7b\xab\xa5\xc2\x2f\xf6\x6a\xa6\x7a\xf7\xcd\
\x7e\x5b\xf8\xaf\x52\x1a\xb6\xb1\x3c\xc9\xf7\x5a\x47\x39\x03\x1d\
\x49\x35\x9c\xf1\x89\x46\x0e\x7f\x03\x4e\x8c\x04\x42\xa3\xa6\x6b\
\xd8\xc2\x65\xcb\x0a\xb9\x62\xac\x79\x58\x8c\x5a\xad\xb1\x63\x4c\
\xb0\x48\xed\x79\xf5\x3d\xe8\xa8\x85\xc1\x8f\x8a\x2b\xd2\xf6\xb1\
\x47\x9f\xec\x19\xc9\xef\xcf\x15\xad\xe0\xdd\x64\xf8\x3f\xc4\x16\
\xb7\xa3\x97\x8a\x40\xc3\x3e\xd5\x8a\x39\x6a\x70\xfd\xe5\xfc\x48\
\xe7\x80\xdd\x6b\x3c\xc3\x96\xb6\x57\x53\x0f\x2d\x9a\x3d\x1a\x15\
\xa1\x42\xbc\x6a\x5f\xde\x3f\x63\x7f\xe0\x9b\xff\x00\x18\xed\xfe\
\x27\x7e\xcf\xb6\x56\x85\xd7\xed\x76\x5b\x8b\xa8\xec\x32\x00\xaf\
\x7c\x54\xd9\xf2\xff\x00\x76\xbf\x2c\xff\x00\xe0\x97\x5f\x1d\xbf\
\xe1\x55\xfc\x4a\xd5\xec\x2e\xda\x59\xec\xf5\x0b\x55\x58\x15\x33\
\xfb\xa6\x5c\xb1\x27\xf2\xaf\xd4\xbb\x4b\x88\xef\x6d\xd2\x74\x3f\
\x24\xa3\x2a\x71\xd6\xbf\xce\x1f\x12\x78\x72\x78\x6c\x7d\x59\x28\
\x68\xd9\xfd\x8d\xe1\xa6\x73\x1c\x46\x06\x30\x9c\xbd\xeb\x07\x3e\
\xd4\x02\x73\xda\x9e\x93\xee\x9b\x61\x18\xe7\x19\xa9\x4a\xe2\x50\
\xbc\x1c\xf1\x5f\x8f\xfb\x28\x5e\xdc\xa7\xe9\xce\xad\xba\x15\xf9\
\xa0\x13\x9e\xd5\x33\x7c\xa7\x18\x14\x6e\xac\xa7\xec\xa3\x2e\x56\
\xb5\x07\x56\xca\xe4\x6b\xca\xf3\x4c\x84\xb4\x90\x91\x28\xc7\x1c\
\x54\xb3\x26\xf4\xe3\x8e\x69\x5c\xf9\x80\x7a\x50\xb0\x6a\x35\x15\
\x64\xec\xfb\x0b\x99\x4e\x37\x45\x3b\xbd\x16\x2f\x13\x78\x7a\x7b\
\x2b\xf0\x45\xb3\xa9\xe4\x1c\x75\xfa\x57\xc7\x3f\xb6\x1f\xfc\x13\
\x6b\xfe\x16\x46\xbb\x36\xb7\xe1\x79\xa6\x92\x69\x50\x89\x23\xc9\
\x38\xda\x87\x1d\x7d\xeb\xed\x1b\xf6\x37\x28\x14\x71\x1e\x7e\x61\
\xdc\xd5\x66\x0b\x62\x07\x96\x0e\x1b\xd4\xe7\x9a\xfb\x7c\x8b\x8e\
\x73\x1c\x9e\xb2\x9d\x27\xb7\x43\xe6\xf3\x4e\x18\xc1\xe6\x50\x6a\
\xb2\xdc\xfc\x3a\xf1\xcf\xc0\x0f\x15\x7c\x28\xd5\xe7\xb4\xd6\x34\
\xc9\x92\x58\x8e\x77\x63\x8f\xd3\xeb\x5c\xab\xc9\xe4\xc9\xb6\xe0\
\x15\x6e\x8b\xc7\x7a\xfd\xd8\xf1\x67\xc2\x8d\x07\xe2\x2c\x13\x43\
\xae\x69\xd6\xf7\x01\xd4\xc6\x5a\x38\xd5\x5b\x07\xdf\x15\xf9\x63\
\xff\x00\x05\x04\xf8\x35\xa0\x7c\x26\xf1\x64\xa9\xa0\xdb\xc9\x6e\
\xad\xa8\x3c\x44\x48\xfb\xfe\x50\x80\x8c\x71\x5f\xda\x7e\x1a\xf8\
\xbf\x2e\x20\x82\xc3\x57\x56\x92\xb1\xfc\xd7\xc7\xdc\x0f\xfd\x92\
\xbd\xad\x25\xee\xb3\xe7\x85\x7c\x0a\x3c\xd1\x4c\x6e\x0d\x21\x35\
\xfb\xd4\x79\xb9\x6e\x8f\xc7\x52\x5f\x13\x1e\x85\x99\xb9\x56\x92\
\x2e\xea\xa3\xfc\x39\xaf\x46\xf8\x51\xfb\x36\x78\xab\xe3\xce\xa3\
\x6d\xa6\xf8\x67\x40\xba\xbc\x37\x6d\xb5\x59\xb7\x26\x31\x8d\xdd\
\x7d\x33\x5f\x77\x7f\xc1\x11\x7f\x61\x6f\x87\xdf\xb4\x5f\xc2\x1d\
\x6b\xc4\xde\x26\xd3\xae\x6e\xb5\x6b\x1d\x48\x5b\xc4\xe2\x7c\x46\
\x10\x7c\xd8\x2b\x83\x9e\x40\xaf\xaa\x7f\x68\x8f\xdb\x7f\xe1\xb7\
\xec\x3d\xa3\x5d\x5a\x5b\x78\x5d\x6e\x6f\x34\xb4\x55\x8d\xad\x6d\
\x92\x33\xf3\x02\x07\x25\x3f\xd9\xe7\x9a\xf8\xfc\x6e\x6d\x3a\xb5\
\xa5\x86\xc3\xc5\xb9\x23\xe9\x70\xb9\x7c\x55\x25\x5a\x7f\x0b\x3c\
\x6f\xf6\x1e\xff\x00\x82\x3a\xdb\x7c\x0f\x92\xd7\xc4\x5e\x37\xd6\
\x24\xcd\x95\xb8\x9e\x4b\x46\x3e\x50\x46\x05\x98\xfc\xc3\x07\x8e\
\x29\x7f\xe0\xa6\xff\x00\xf0\x52\xcf\x0e\x78\x23\xe1\xcc\xfe\x07\
\xf0\x2b\xc1\x79\x35\xfc\x67\xce\x72\x77\xec\x57\x1c\x9f\x9b\x35\
\xf2\x07\xed\x51\xff\x00\x05\x74\xf8\x83\xfb\x44\x68\x97\x76\xb6\
\xf7\x43\x4a\xd2\x2e\x26\x38\x8d\x63\xd9\x28\x53\x80\x06\xe5\x3e\
\xc7\xf3\xaf\x92\xef\x2f\x66\xd4\xe5\x12\x5c\x4d\x34\xec\x84\x32\
\x33\xc8\x58\xe4\x7a\x93\xdb\xda\xb9\xf0\x39\x15\x7c\x55\x4e\x7c\
\x66\x96\xe8\x18\xac\xda\x96\x19\x72\xe1\xf5\x35\xbc\x4d\xe2\x99\
\xfc\x5d\xab\x5c\xdd\x5d\x38\xf3\xe5\x99\xe6\x72\x14\x0c\x86\x24\
\xe3\x1f\x8d\x67\x0b\xd1\x72\x80\xa2\xec\x8f\xb0\xcd\x57\x94\xfd\
\xb5\x83\xcf\xcc\xab\xc0\x29\xc0\xc0\xe9\x91\x4e\x33\x34\xcf\x96\
\xc6\x4f\xa0\xaf\xb5\xc2\xe5\x34\xa8\xad\x24\x7c\xee\x23\x36\x9d\
\x47\xf0\x93\x89\x39\xa3\xcc\xa8\x8b\x71\x48\x6a\xea\xfb\x48\xbf\
\x71\x9c\x57\x8c\xfe\x24\x59\x49\x72\x29\x77\xe6\xa0\x53\xf2\x52\
\x86\xc7\x6a\xe8\x58\xea\xdc\xbc\xad\x13\xf5\x1a\x5b\xdc\x97\xcc\
\xdb\x4a\x1f\x8a\x88\x9a\x04\xb9\xa9\x72\x73\xdc\xd2\x30\x8c\x36\
\x25\xdf\x45\x45\xba\x8a\xcf\xd8\xa3\x4f\x6c\xce\x64\xc9\x81\xd2\
\x85\x74\xd4\xa3\x68\xc1\xdb\x34\x63\x76\x69\x8a\xe1\x08\x27\xa0\
\x39\x35\x63\x30\x09\xbc\xf8\xff\x00\xe5\xaf\xcb\xfd\x6b\xaf\x05\
\x0a\x75\x29\xf2\x4c\xd7\x1f\x41\x29\xa9\xa3\x53\xc0\x7e\x31\xb9\
\xf0\x0e\xa8\x97\x96\xd3\x11\x3a\x6e\x0d\x83\xce\x08\x23\xfa\xd7\
\xeb\x7f\xec\x0f\xfb\x4e\x58\xfc\x77\xf8\x3d\xa4\xc3\x3d\xd2\xff\
\x00\x69\x69\xea\x21\x94\x16\xc9\x2c\x41\x6f\xe9\x5f\x8e\xb2\x6c\
\xb2\xd4\x77\xb7\xdd\x98\x71\xdf\xb6\x6b\xd4\x7f\x66\x9f\x8e\x57\
\xbf\x06\x3e\x26\x59\x7d\x96\xf6\x4b\x7b\x3b\x9b\xd8\xe4\x71\xc9\
\x5c\x00\x57\xd4\x7a\xd7\xe1\x5e\x30\x78\x7f\x0c\x56\x5d\x52\xae\
\x15\x7b\xe7\xea\x3e\x1e\xf1\x72\xc1\x62\x21\x09\xbd\x0f\xdc\x05\
\x63\x77\x71\x87\x5d\x83\x3c\x1f\x5a\x72\x44\xd6\x77\x88\x7e\xf2\
\x67\xad\x73\x5f\x0e\xfe\x23\x5a\x7c\x5a\xf0\x1e\x9d\x3d\x95\xcc\
\x53\xcb\x24\x01\x89\x4c\x2f\x23\xf1\xf7\x15\xbb\x15\xf1\x85\x44\
\x0d\xf7\xb1\x8e\x95\xfe\x7c\x66\xf8\x5a\xd8\x2a\x9e\xc2\x6a\xd2\
\x3f\xae\x32\xdc\x6c\x31\xd4\xbd\xa5\x3d\x8b\x52\x1d\xcf\x4c\x66\
\xda\x29\x23\x92\x95\x94\xb0\xa8\xa5\xec\x15\x3b\xd5\xf8\x8e\xa8\
\x46\x4a\x7c\xb2\xd8\x8d\x2e\x7c\xc6\xc5\x4b\x55\xa1\x8c\xac\x95\
\x66\xb8\x20\xa5\xed\x3d\xe3\xaa\x51\x4b\xe1\x09\x3f\xd5\xd5\x7b\
\xbf\xbb\x17\xfb\xd5\x62\x4f\xf5\x75\x5e\xef\xee\xc5\xfe\xf5\x6b\
\x8c\xfe\x29\x95\x2f\x80\xb2\xff\x00\xeb\x4d\x7e\x5c\xff\x00\xc1\
\x52\xb8\xf1\x94\x9f\xf6\x14\x93\xff\x00\x40\x5a\xfd\x46\x73\xfb\
\xd3\x5f\x97\x1f\xf0\x54\xd3\xff\x00\x15\x84\x9f\xf6\x14\x93\xff\
\x00\x40\x5a\xfd\xf7\xc0\x5f\xf9\x1a\x3f\x91\xf9\x1f\x8c\x1f\xf2\
\x2a\x89\xf2\x51\x97\xe9\x48\x64\xf9\xfb\x54\x45\xb8\xa4\x2d\xf3\
\xd7\xfa\x0d\x4f\xf8\x28\xfe\x41\x9f\xf0\xe4\x7e\xd2\x7f\xc1\xba\
\x4c\xd7\x5f\xb2\xa7\x8a\x61\x0b\x80\x75\x9f\xbe\x3b\x7c\x84\x57\
\xe7\xc7\xfc\x15\x12\xf6\x49\x3f\x68\xbd\x7a\xd1\xf5\x26\x91\x7c\
\xe5\xf9\x32\x7d\x5e\xbf\x41\x7f\xe0\xdc\xb3\x22\x7e\xcb\x1e\x29\
\x61\x8f\x2f\xfb\x67\x9f\xfb\xe4\xd7\xe7\x97\xfc\x14\xf8\xd8\xc7\
\xfb\x4c\xeb\xd2\x02\xfe\x67\x9c\x3f\x9b\xd7\xe7\x79\x3f\xfc\x8e\
\x6b\xfa\x9f\x6d\x2f\xf9\x14\x52\xf4\x3e\x72\x9a\xf0\x5e\xdb\x8b\
\x5f\xba\x17\x0d\x9f\xa5\x3c\x49\x81\xda\xa0\x69\xa2\x8e\x4d\xff\
\x00\x85\x38\x1c\x8a\xfd\x13\xa9\xf0\x12\xf8\x99\x2f\x9b\xf4\xa5\
\x49\x7e\x6e\xd5\x0d\x2a\x9f\x9a\x98\x8b\x1e\x6f\xd2\x8f\x37\xe9\
\x51\x6e\xa3\x75\x00\x4e\x92\x64\x76\xa7\x6f\xfa\x54\x08\xdc\x53\
\xb7\x50\x04\xbe\x6f\xd2\x8f\x33\x1e\x95\x16\x68\xa0\x09\x7c\xdf\
\xa5\x15\x15\x14\x01\xcc\x67\x3d\x69\xc1\xf8\xa8\x15\xfe\x6a\x93\
\xcc\xc5\x61\x3a\x33\xa6\xef\x13\xd2\xf6\x8a\xb2\xb1\x2e\xed\xc7\
\xd6\x95\x2e\x82\x9d\x98\x39\x93\xa3\x7f\x76\xa0\xdf\x93\x41\xd4\
\x16\x35\xfb\x39\x5f\x9e\x7f\x95\x4f\xa5\x42\x8b\x9e\x95\x95\xd1\
\xc3\xf5\x5a\xb1\x9d\xe9\xee\x7d\x21\xfb\x17\xfe\xdd\x9a\x97\xec\
\xfb\xe3\x3d\x33\x4e\xd4\xe4\x9a\x5d\x20\x4c\x51\x9d\x9f\x80\x87\
\x6f\xa9\xff\x00\x66\xbf\x59\x7e\x1a\x7c\x49\xd3\x7e\x32\x68\xf1\
\xdf\x69\x37\x50\xcd\x12\xa2\xbc\x8a\xbc\x91\xb9\x43\x0e\x7f\x1a\
\xfc\x12\x89\xa3\xb1\x83\xec\x97\x04\x6f\x61\xb4\x39\xe4\x8f\x7f\
\xd2\xbe\x80\xfd\x8a\xff\x00\x6d\xfb\xbf\xd9\xeb\xc6\x02\x2d\x48\
\x4b\x2e\x9f\x39\x50\x59\xa7\x7d\xa0\x28\xc7\x4c\xe3\xb5\x7e\x05\
\xe2\xaf\x84\x38\x5c\x75\x09\x62\xf0\x50\xf7\xac\xf6\x3f\x6c\xe0\
\x2f\x12\x65\x97\xcd\x61\xb1\x12\xfb\xcf\xd8\xb6\x4f\xde\x60\x76\
\xab\x96\xcd\x26\xd0\x01\xfd\x2b\x82\xf8\x33\xfb\x44\xf8\x6b\xe3\
\x16\x8e\x92\x69\xf7\xb0\xbc\xa4\xb6\xe4\x07\x38\xc1\x23\xfa\x57\
\x6b\xb9\xa0\x9c\x91\xca\x1e\x41\xaf\xe0\xfc\xdf\x21\xab\x80\xc4\
\xba\x78\x9b\xa6\x8f\xea\x5c\x16\x65\x4f\x30\xc3\x2a\xb4\x59\x2b\
\x41\xb6\x5c\x93\xcd\x2d\x0f\x6e\xde\x60\x93\x3c\x51\x5e\x74\x5c\
\xb9\xd5\xce\x8c\x2f\x3f\x2b\xe7\x09\x3f\xd5\xd4\x52\x0c\x98\xfe\
\xb5\x2c\x87\xe4\xa8\xa4\x3c\xa7\xd6\xb4\xc6\x7f\x14\xde\x97\xc2\
\x3a\x6f\xf8\xfd\x6f\xad\x7e\x5b\x7f\xc1\x54\x4e\x3c\x69\x27\xfd\
\x85\x64\xff\x00\xd0\x16\xbf\x52\x66\x3f\xe9\x8d\xf5\xaf\xcb\x5f\
\xf8\x2a\x99\xc7\x8c\xa5\xff\x00\xb0\xa4\x9f\xfa\x02\xd7\xef\xde\
\x03\x7f\xc8\xd5\xfc\x8f\xc9\x3c\x60\xff\x00\x91\x4c\x4f\x91\x8b\
\xf1\x48\x5f\xe7\xa8\xcc\x9f\x4a\x43\x27\xcf\x5f\xe8\x2d\x3f\xe0\
\xa3\xf9\x02\x7f\xc3\x91\xfb\x5d\xff\x00\x06\xe2\x3f\xfc\x62\x8f\
\x8a\xbf\xec\x35\xff\x00\xb2\x9a\xfc\xe8\xff\x00\x82\xa1\x1c\x7e\
\xd3\x5a\xff\x00\x03\xfd\x70\xff\x00\xd0\x9e\xbf\x44\xbf\xe0\xdc\
\x39\x33\xfb\x28\xf8\xab\xfe\xc3\x5f\xfb\x21\xaf\xce\x9f\xf8\x2a\
\x11\xc7\xed\x35\xaf\xff\x00\xd7\x61\xff\x00\xa1\x3d\x7e\x79\x93\
\xff\x00\xc8\xe2\xb1\xf6\xd2\xff\x00\x91\x45\x2f\x43\xe7\x46\x6f\
\x9f\xf2\xa9\xf7\xd5\x36\x7c\x3d\x4f\xe6\x57\xe8\x5f\x69\x9f\x01\
\x2f\x89\x92\xef\xa3\x7d\x45\xbe\x8d\xf5\x42\x25\xdf\x46\xfa\x8b\
\x7d\x1b\xe8\x02\x74\x7e\x29\xdb\xea\x04\x7e\x29\xdb\xe8\x02\x50\
\xfc\xd4\x9b\xea\xb0\x7e\x6a\x4d\xf4\x01\x2e\xfa\x2a\x2d\xf4\x50\
\x07\x32\x06\x05\x26\x4e\x6a\x3f\x37\xeb\x47\x9b\xf5\xad\xb9\x99\
\xac\x7d\xdd\x89\x37\x35\x39\x18\x95\x23\x03\x9e\xfd\xea\x1f\x37\
\xeb\x4b\x1c\xbc\xd0\xad\xb3\x3a\x29\x55\x97\x36\xe3\xc2\xfe\xe7\
\x61\xe7\x8c\x64\xf5\xa5\xdb\x9b\x66\x8f\xf8\x5b\x8c\xf7\xfc\xe9\
\x86\x4e\x3d\xe8\x12\xe3\xbd\x70\xc9\xf3\xcb\xd9\xf4\x3c\xec\x54\
\x2d\x53\xda\x47\x73\xd0\x7e\x01\xfe\xd0\xbe\x25\xfd\x9f\x35\x97\
\xbb\xd0\xaf\xde\x44\x90\x30\x92\x39\x49\x97\x92\x31\xc6\x4f\x15\
\xfa\x3d\xfb\x2e\x7f\xc1\x56\xfc\x33\xf1\x1f\x40\x86\xc7\xc4\x84\
\x69\xfa\x9c\x21\x51\xe4\x91\xd5\x15\xb9\x0b\x90\x00\xf7\xaf\xca\
\x3b\x40\xda\x84\x9f\xe8\x67\x6e\xde\x1c\x75\xc9\xab\x51\xeb\x8f\
\xa3\x5c\x0f\xb0\xcd\x25\xad\xd8\xfb\xcc\xac\x79\x3f\xfe\xbc\x57\
\xe6\x1c\x79\xe1\x66\x03\x31\xa2\xea\xc6\x82\x72\xee\x7e\x9b\xc2\
\x7c\x7f\x8a\xc0\xa5\x09\x54\x76\x3f\xa0\x6f\x0e\xf8\x93\x4f\xf1\
\x16\x91\x15\xd5\x9e\xa1\x6f\x79\x0c\xbc\xab\x44\x72\x39\xff\x00\
\xf5\xd5\xdb\x88\xde\x15\xde\xae\xb2\x7f\xb2\xb5\xf9\x0d\xfb\x3f\
\xff\x00\xc1\x4d\xfc\x63\xf0\x7e\xde\xce\xd7\x56\x33\xea\x9a\x7d\
\xb9\x3b\x93\x20\x64\x1c\x01\xc9\xf4\xc5\x7d\xa1\xf0\x4f\xfe\x0a\
\xc5\xf0\xef\xe2\x0c\x90\x5a\xea\x3a\x85\xb6\x95\x73\x22\x0c\x89\
\x65\xce\x1b\x24\x63\xf9\x57\xf1\xf7\x10\xf8\x35\x9d\x51\xad\x2a\
\xf4\x28\xb7\x05\x73\xfa\x27\x84\xfc\x43\xc0\x62\xfd\xca\xd5\x57\
\x37\x99\xf5\x2d\xbe\xa4\x2f\x1b\xcb\xfb\x3c\xb0\x1f\xef\xc9\xf7\
\x45\x3a\xf1\x12\x00\x80\xcf\x13\x9c\xe7\x2b\xd2\xb0\x3c\x17\xf1\
\x2f\x41\xf8\x86\xbe\x66\x93\xab\x5b\x6a\x11\xe7\x69\x11\x56\xe6\
\xa3\x12\x23\xa0\x10\x37\x6e\x77\x75\xaf\xc8\x70\xb0\xaf\x84\xaf\
\x3a\x78\xea\x4e\xeb\xba\x3e\xfe\x96\x26\x85\x6a\xeb\xd9\x54\xba\
\xec\x98\xa8\xe2\x6b\xa7\xc7\x3c\xf6\xaf\xcb\x5f\xf8\x2a\xc3\x30\
\xf1\x84\x9f\x29\x1f\xf1\x34\x93\x9f\xf8\x02\xd7\xea\x6d\xb5\xbb\
\x47\x3b\x91\x11\x1c\xfa\xfb\x57\xe5\x77\xfc\x15\x7a\x59\xc7\x8c\
\xe4\x05\x70\x3f\xb5\x64\xcf\xfd\xf0\xb5\xfb\x67\xd1\xe6\xab\xa9\
\x9c\xd4\x6d\x69\xa1\xf9\xb7\x8c\x55\x3f\xd8\x23\x18\x9f\x21\x86\
\xc8\xa4\x2c\x45\x44\xb2\xd2\x99\x2b\xfd\x0a\x8f\xf0\x34\x3f\x8d\
\xb9\x9f\xb6\xb7\x43\xf6\xb3\xfe\x0d\xc1\x6c\xfe\xca\xbe\x2a\xcc\
\xa8\x83\xfb\x67\xa1\xeb\xf7\x4d\x7e\x77\x7f\xc1\x53\x64\x48\x3f\
\x69\xbd\x7b\x0e\xad\xfb\xd5\xe9\xf5\x92\xbf\x43\x3f\xe0\xdc\x48\
\x92\x4f\xd9\x53\xc5\x4c\xc0\x9f\xf8\x9c\xfa\xff\x00\xb0\x6b\xf3\
\xbb\xfe\x0a\x95\x25\xb8\xfd\xa6\x35\xef\x90\xe7\xce\x1d\xfd\xe4\
\xaf\xcc\x68\xf3\xac\xce\xa3\x87\x73\xf4\x28\xd4\x8f\xd4\x14\x1f\
\x44\x7c\xe4\xf3\x86\xc6\x11\xba\xf5\xa9\x55\x89\x15\x52\x09\x1a\
\xe0\xe1\x07\xbd\x4c\xb2\xf1\x5f\xa9\xc5\x27\x4a\x2d\xee\x7e\x6f\
\x77\xed\x64\x4d\xba\x95\x4f\xcd\x50\x79\xbf\x5a\x54\x97\xe6\xef\
\x53\x64\x69\x72\xc5\x15\x17\x9b\xf5\xa3\xcd\xfa\xd1\x64\x17\x26\
\xce\x28\xdd\x50\xf9\xbf\x5a\x3c\xdf\xad\x16\x41\x72\x60\xdc\xd4\
\x9b\xaa\xb0\x97\x9e\xf4\xff\x00\x37\xeb\x45\x90\x5c\x9b\x75\x15\
\x0f\x9b\xf5\xa2\x8b\x20\xb9\xcd\x79\x94\xe0\x72\x2b\xac\xfd\xa1\
\xb4\xcb\x6d\x17\xe3\xf7\x8e\x2c\xec\xed\xe0\xb4\xb4\xb4\xf1\x05\
\xfc\x30\x41\x0c\x62\x38\xe1\x8d\x6e\x64\x0a\x8a\xa3\x85\x50\x00\
\x00\x0e\x00\x15\xc9\x8e\x94\xa2\xee\x93\x3a\x5a\xb3\xb0\x50\x30\
\x0d\x14\xd6\xfb\xdf\x85\x6b\x4d\x5e\x46\x53\x93\x4a\xe8\x76\x68\
\x0d\xcd\x22\x7d\xda\x3f\x8e\xb9\x6b\xc5\x46\x77\x43\xa5\xef\xee\
\x49\x3b\x7d\xb5\x00\x39\x8b\x6f\xfc\xf3\xf9\x73\xf9\x52\x5b\xde\
\xcb\xa7\x7c\xb1\x2a\x38\xfe\xf3\xa8\x26\x95\x3e\xed\x34\xd7\xa1\
\x47\x13\x29\x47\x95\xa2\xea\x61\x63\x62\x58\xdc\x49\x37\x98\xec\
\x77\x7f\x77\x3c\x7e\x55\x33\x5e\x79\x6d\xfb\xb0\x23\x23\xa3\x20\
\xc1\x1f\x8d\x54\x5f\xbd\x52\x7f\x15\x70\xd4\x9a\xe6\x74\x9c\x55\
\x99\x18\x4c\x33\xa7\x57\xda\xc6\x6e\xe7\x5f\xe0\x3f\x8f\x5e\x2a\
\xf8\x6f\x30\x93\x4d\xd5\xef\x94\xe7\x3b\x5a\x76\xc7\xe5\x9a\xf6\
\x6f\x01\xff\x00\xc1\x55\x7e\x29\xf8\x42\xc6\x1b\x1f\x3e\xc2\x7b\
\x68\x9f\x70\x79\xe2\xde\xe7\x27\x9e\x4d\x7c\xd3\x9a\x7a\x9e\x2b\
\xc4\x7e\x1f\xe4\xb8\xd8\xca\x75\xa8\xab\xbf\x24\x7d\x06\x1f\x8c\
\xb3\x1c\x1d\x6f\xdd\xcd\xfd\xe7\xe8\xc7\xc3\x7f\xf8\x2b\xdc\xd3\
\x84\x3a\xed\xd6\x96\x84\xb0\xdd\x80\xcb\x81\x8e\x7a\x21\xaf\x9c\
\x7f\x6d\xff\x00\xda\x17\x46\xf8\xed\xac\x3d\xc5\x84\xf1\x4a\x4d\
\xe3\x4f\xfb\xb7\x62\x30\x54\x0e\xea\x3d\x2b\xe7\x76\xfb\xd4\x95\
\xf2\x59\x17\x85\xd9\x4e\x5f\x8e\x95\x7c\x2f\xba\xfd\x0e\xbc\xfb\
\x8d\x73\x0c\x7d\x38\xc6\xb3\xd0\x94\x37\x14\xbb\xf9\xa8\xd4\xff\
\x00\x2a\x10\xe4\xd7\xe9\x4d\x5a\x1c\xa8\xf9\x15\xac\xae\x7d\xcd\
\xff\x00\x04\xc6\xff\x00\x82\x96\x8f\xd8\xe3\xe1\x4e\xad\xe1\xf6\
\x9f\x4e\x89\x2f\xef\x7e\xd2\x44\xe1\xb7\x74\xc7\x18\x53\x5f\x37\
\x7e\xd5\x1f\x1e\xe7\xf8\xe1\xf1\x6b\x51\xd5\xc8\xb5\x78\x6e\xdf\
\x76\xe8\xd3\x8e\xad\xea\x07\xaf\xa5\x79\x6c\x03\x20\xd3\x98\x7f\
\x3a\xf1\x16\x02\x94\x6b\x3a\x89\x6a\xf7\x3d\x95\x8a\x9f\xb2\xe5\
\x02\x71\x36\x57\x81\xed\x53\x2b\xe0\x54\x11\xd4\xa9\xf7\x6b\xdf\
\x4f\xdd\x48\xf1\x25\xf1\x36\x3f\xcc\xa5\x49\x3e\x6a\x65\x2a\x7d\
\xea\x42\x25\xf3\x28\xf3\x29\xb4\x50\x04\x8a\x72\x28\xa4\x4e\x94\
\xb4\x00\xa0\xe0\xd2\xf9\x94\xda\x28\x01\xde\x65\x14\xda\x28\x03\
\xff\xd9\
\x00\x00\x06\xe7\
\xff\
\xd8\xff\xe0\x00\x10\x4a\x46\x49\x46\x00\x01\x01\x01\x00\x60\x00\
\x60\x00\x00\xff\xdb\x00\x43\x00\x03\x02\x02\x03\x02\x02\x03\x03\
\x03\x03\x04\x03\x03\x04\x05\x08\x05\x05\x04\x04\x05\x0a\x07\x07\
\x06\x08\x0c\x0a\x0c\x0c\x0b\x0a\x0b\x0b\x0d\x0e\x12\x10\x0d\x0e\
\x11\x0e\x0b\x0b\x10\x16\x10\x11\x13\x14\x15\x15\x15\x0c\x0f\x17\
\x18\x16\x14\x18\x12\x14\x15\x14\xff\xdb\x00\x43\x01\x03\x04\x04\
\x05\x04\x05\x09\x05\x05\x09\x14\x0d\x0b\x0d\x14\x14\x14\x14\x14\
\x14\x14\x14\x14\x14\x14\x14\x14\x14\x14\x14\x14\x14\x14\x14\x14\
\x14\x14\x14\x14\x14\x14\x14\x14\x14\x14\x14\x14\x14\x14\x14\x14\
\x14\x14\x14\x14\x14\x14\x14\x14\x14\x14\x14\x14\x14\xff\xc0\x00\
\x11\x08\x00\x2a\x00\x2b\x03\x01\x22\x00\x02\x11\x01\x03\x11\x01\
\xff\xc4\x00\x1f\x00\x00\x01\x05\x01\x01\x01\x01\x01\x01\x00\x00\
\x00\x00\x00\x00\x00\x00\x01\x02\x03\x04\x05\x06\x07\x08\x09\x0a\
\x0b\xff\xc4\x00\xb5\x10\x00\x02\x01\x03\x03\x02\x04\x03\x05\x05\
\x04\x04\x00\x00\x01\x7d\x01\x02\x03\x00\x04\x11\x05\x12\x21\x31\
\x41\x06\x13\x51\x61\x07\x22\x71\x14\x32\x81\x91\xa1\x08\x23\x42\
\xb1\xc1\x15\x52\xd1\xf0\x24\x33\x62\x72\x82\x09\x0a\x16\x17\x18\
\x19\x1a\x25\x26\x27\x28\x29\x2a\x34\x35\x36\x37\x38\x39\x3a\x43\
\x44\x45\x46\x47\x48\x49\x4a\x53\x54\x55\x56\x57\x58\x59\x5a\x63\
\x64\x65\x66\x67\x68\x69\x6a\x73\x74\x75\x76\x77\x78\x79\x7a\x83\
\x84\x85\x86\x87\x88\x89\x8a\x92\x93\x94\x95\x96\x97\x98\x99\x9a\
\xa2\xa3\xa4\xa5\xa6\xa7\xa8\xa9\xaa\xb2\xb3\xb4\xb5\xb6\xb7\xb8\
\xb9\xba\xc2\xc3\xc4\xc5\xc6\xc7\xc8\xc9\xca\xd2\xd3\xd4\xd5\xd6\
\xd7\xd8\xd9\xda\xe1\xe2\xe3\xe4\xe5\xe6\xe7\xe8\xe9\xea\xf1\xf2\
\xf3\xf4\xf5\xf6\xf7\xf8\xf9\xfa\xff\xc4\x00\x1f\x01\x00\x03\x01\
\x01\x01\x01\x01\x01\x01\x01\x01\x00\x00\x00\x00\x00\x00\x01\x02\
\x03\x04\x05\x06\x07\x08\x09\x0a\x0b\xff\xc4\x00\xb5\x11\x00\x02\
\x01\x02\x04\x04\x03\x04\x07\x05\x04\x04\x00\x01\x02\x77\x00\x01\
\x02\x03\x11\x04\x05\x21\x31\x06\x12\x41\x51\x07\x61\x71\x13\x22\
\x32\x81\x08\x14\x42\x91\xa1\xb1\xc1\x09\x23\x33\x52\xf0\x15\x62\
\x72\xd1\x0a\x16\x24\x34\xe1\x25\xf1\x17\x18\x19\x1a\x26\x27\x28\
\x29\x2a\x35\x36\x37\x38\x39\x3a\x43\x44\x45\x46\x47\x48\x49\x4a\
\x53\x54\x55\x56\x57\x58\x59\x5a\x63\x64\x65\x66\x67\x68\x69\x6a\
\x73\x74\x75\x76\x77\x78\x79\x7a\x82\x83\x84\x85\x86\x87\x88\x89\
\x8a\x92\x93\x94\x95\x96\x97\x98\x99\x9a\xa2\xa3\xa4\xa5\xa6\xa7\
\xa8\xa9\xaa\xb2\xb3\xb4\xb5\xb6\xb7\xb8\xb9\xba\xc2\xc3\xc4\xc5\
\xc6\xc7\xc8\xc9\xca\xd2\xd3\xd4\xd5\xd6\xd7\xd8\xd9\xda\xe2\xe3\
\xe4\xe5\xe6\xe7\xe8\xe9\xea\xf2\xf3\xf4\xf5\xf6\xf7\xf8\xf9\xfa\
\xff\xda\x00\x0c\x03\x01\x00\x02\x11\x03\x11\x00\x3f\x00\xfd\x43\
\x0c\x30\x00\x18\x51\x4c\xb8\xbe\x86\xce\x17\x96\x79\x52\x34\x55\
\xdc\xdb\xea\x2b\x9b\x84\xb3\x86\x69\xdd\xd4\xa2\x26\xff\x00\x9e\
\xbe\x27\xf8\xa9\xf1\x63\x54\xf1\xe7\x88\x27\x7f\x3e\x6b\x1b\x0b\
\x67\x74\x8a\x14\x7e\xb5\xf2\x5c\x41\xc4\x14\xb2\x3a\x50\x9c\xe3\
\xcd\x39\x1f\x45\x92\x64\x95\xb3\x9a\xdc\x90\xf7\x61\x13\xea\x46\
\xf8\xe5\xe0\x40\xdb\x4e\xbf\x6e\x0d\x74\xde\x1d\xf1\x86\x91\xe2\
\xcb\x46\x9f\x49\xbe\x8a\xee\x25\x6d\x9e\x64\x75\xf1\xc7\x81\x74\
\x6f\x08\xcf\xe1\x7d\x5e\x6f\x11\x5b\xcc\x35\x4c\xbf\xd9\x9d\x53\
\xe5\xc7\xb5\x71\xba\x0f\x89\x2f\xfc\x23\x34\x7a\x8d\xa5\xfc\x96\
\x9f\x67\x63\x28\x02\x4c\x44\x00\xe4\x92\x7b\x0a\xf8\xaa\x7c\x69\
\x8a\xa5\x2a\x32\xc4\x42\x33\x8c\xff\x00\x97\xe2\x3e\xd2\x7c\x21\
\x86\xac\xaa\x43\x0d\x39\x29\xc3\xf9\xbe\x13\xf4\x45\x64\x14\xbb\
\xc5\x7c\xe9\xfb\x38\x7e\xd6\x09\xf1\xb3\xc6\x1a\xef\x87\x66\xd3\
\x3e\xcd\x25\x9d\xb8\xbd\xb5\xbd\x8c\x61\x65\x85\x7c\xa8\xe5\xf3\
\x01\x39\x0e\x24\x7d\xca\x47\x05\x5b\x04\x29\x5f\x9b\xe8\x4d\xd5\
\xfb\x56\x23\x0f\x5f\x06\xe3\x1a\xd4\xdc\x24\xd2\x76\x7b\xab\xab\
\xeb\xd9\xf7\x5d\x1e\x87\xe5\x31\x8c\x6a\x4a\x51\x72\xbd\xba\xad\
\x8f\x3d\xf8\xed\x3b\xc7\xf0\x97\x5a\x64\x77\x8d\xf6\x7d\xf8\xeb\
\xe2\x73\xfb\xc8\xc5\x7e\x81\xeb\xba\x4d\x9f\x89\x34\x8b\x9d\x3a\
\xf6\x2f\x3e\xd6\x64\xff\x00\x57\x25\x7c\x13\xf1\x33\x4e\x97\xe1\
\x5d\xf5\xf4\x7a\xe2\x7d\x98\x44\xf8\x8d\x57\x91\x30\xec\xaa\x3b\
\x93\xff\x00\xd7\xe9\x5f\x88\x71\xbe\x53\x8c\xc6\x62\xf0\xf3\xc3\
\x41\xcd\xc9\xf2\x24\x95\xdb\x6f\x64\x91\xfa\xef\x05\xe6\x18\x6a\
\x18\x7a\xf4\xea\xc9\x45\xaf\x7d\xb7\xb5\x8f\x74\xf8\x69\xe2\xcb\
\x5b\x5f\x81\x5e\x2e\xbe\xf1\x05\xc5\x94\x1a\x76\x94\x8d\x14\x73\
\xcb\x1e\x0c\x68\x54\x00\x3d\xc9\x24\x00\x07\x24\x90\x06\x49\x15\
\xf2\x3d\xbe\x9b\x7d\xf1\x02\x44\xbc\xbe\x92\x6b\x0d\x07\x70\xf2\
\x74\xf0\x48\x6b\x94\xeb\xba\x42\x0f\x00\x90\xb8\xeb\xc7\x4c\x7d\
\xe3\xec\xff\x00\x07\x7e\x10\xea\x1f\x12\xb4\x56\xd5\x3c\x77\x7d\
\x6d\xa6\x68\x30\x33\xdc\xe8\xde\x19\x79\xc6\xdb\xab\x92\xbf\x2d\
\xc5\xd0\x07\x90\x8a\xdb\x42\xb6\x09\x3b\xb2\x15\x77\x09\x39\x8b\
\xad\x3e\x6d\x3f\x54\x9b\x4e\x6d\xb3\xdd\x23\xec\xfd\xc7\xcf\xbe\
\xbb\x33\x8c\x4c\xf8\x5b\x03\x85\x8e\x11\xc6\x78\xde\x5b\x3a\x91\
\x6a\x4a\x92\xed\x4d\xea\x9d\x47\xd6\xa2\xf8\x16\x90\x77\xbc\x97\
\x46\x51\x4a\x9e\x6f\x8c\xc5\xba\x97\x54\x39\xaf\xc8\xef\x1e\x6f\
\xf1\x75\xe5\x5f\xcb\xd5\xfc\x5a\x68\x43\xf0\x8f\x5a\x4f\x87\xbf\
\xb4\xd7\x81\x75\x05\x33\x5b\xe9\xda\xa3\x9d\x1a\x4b\x7b\x1f\x94\
\xc8\x64\x4f\x2a\x35\x91\x72\x03\x46\x1e\x48\x1b\x92\x71\xe5\xe4\
\x0c\xaa\x8a\xfd\x12\xe6\xbe\x2a\xf8\xc7\xf0\x36\xf2\xdf\xf6\x5b\
\xba\xbd\x9a\xd9\xe3\xd7\x6c\x2f\x21\xd5\xe6\x8a\x08\x0c\xad\x34\
\x2a\x1a\x27\x07\x07\xe5\x55\x59\x8c\x85\xb0\x40\x11\x9c\xe0\x72\
\x3e\xad\xf8\x7b\xe3\x5b\x7f\x88\x5e\x06\xd0\xbc\x49\x6a\x22\x48\
\xb5\x3b\x38\xee\x4c\x50\xcc\x26\x58\x5d\x94\x6f\x8b\x78\x03\x25\
\x1b\x72\x1e\x01\xca\x9c\x80\x78\xaf\xd6\xf2\xd8\xd6\x7c\x37\x80\
\xaf\x8a\xd6\xa4\x13\xa7\x27\xfe\x17\xcd\x1b\xf9\xf2\xca\xdd\x7e\
\x1d\xfa\x2f\xcc\x73\xb9\xd2\xad\x9b\xe2\x25\x85\xf8\x1b\xba\xfc\
\x2f\xf8\x9b\xdb\xeb\xe0\x1d\x4b\xe3\xc7\x85\xf5\xcf\x8a\x9a\xf6\
\xb1\xf1\x8b\x46\xd6\x6e\xb5\x7d\x26\x79\x74\xdd\x27\xc3\xba\x62\
\x41\x35\x8e\x94\x11\xb6\xbb\x33\x99\x57\xce\x9b\x70\x20\xb6\x36\
\xe4\x64\x67\xf7\x62\x3f\xbf\xa8\xaf\x5b\x03\x8c\xa1\x86\xf6\x94\
\x71\x14\x7d\xa2\x92\xb5\xd4\xb9\x5a\x4f\x74\x9d\x9f\xc4\xb4\x7d\
\x6d\xa5\xec\xda\x7e\x24\xa3\x52\x33\x4e\x32\xd8\xf8\x67\x45\xf1\
\x5f\xc0\x8d\x53\x4d\x86\xea\xe7\xc6\xfa\xc6\x8f\x3c\x9b\xb7\x59\
\x5e\xe9\xf3\xb4\xb1\xe1\x88\x1b\x8c\x4a\xe9\xc8\x19\x18\x63\xc1\
\x19\xc1\xc8\x1e\x95\xe0\xdf\x88\x3f\x02\x7c\x0f\xe0\xdb\xef\x11\
\x5b\xf8\x96\xd7\x5e\x9b\x4f\x72\x62\x49\x15\xa3\xbf\x91\xf0\xb8\
\x58\xa0\x90\x2b\xbe\x4b\x01\xbb\x1b\x3a\xe5\x80\x56\x23\xdc\xb5\
\x9f\x85\xbe\x0c\xf1\x1e\xa5\x36\xa3\xab\x78\x47\x41\xd5\x35\x09\
\xb6\xf9\xb7\x77\x9a\x64\x33\x4a\xf8\x50\xa3\x73\xb2\x92\x70\x00\
\x03\x27\xa0\x02\xbc\x6e\xdb\xe1\xdf\x85\x34\xbf\xdb\x02\xde\xce\
\xcf\xc3\x3a\x3d\xa5\xa5\xbf\x83\x17\x50\x86\xde\x0b\x08\x92\x38\
\xee\x97\x50\xc2\xce\xaa\x17\x02\x40\x00\x01\xc7\xcc\x00\xeb\x5d\
\x38\x4e\x0b\xe1\xc8\xd3\xfa\xf5\x1c\x3b\x8b\xe5\xe6\xb7\x32\x6a\
\xdb\xdb\xe0\x5e\x97\x3d\x5a\xf9\xf6\x6b\x5d\x7d\x5a\xa5\x76\xd5\
\xed\xfd\x6a\x55\xb2\xf0\x3f\x8d\xff\x00\x69\xeb\xdb\x7d\x63\xc7\
\xcb\x7f\xe0\x5f\x02\x43\x22\xa4\x7e\x09\x8e\x49\x16\x7d\x44\x29\
\x0c\xef\x74\xff\x00\x21\x00\xc8\x89\xb7\x29\x9d\xaa\x76\x84\x24\
\x4a\xff\x00\x45\xe8\xba\x1e\x9d\xe1\xcd\x36\x1d\x3b\x49\xd3\xed\
\x74\xbd\x3e\x1d\xde\x55\xa5\x94\x2b\x0c\x49\x96\x2c\x76\xa2\x80\
\x06\x49\x24\xe0\x75\x24\xd5\x98\xe9\x6b\xcf\xc5\xe3\xa7\x8a\x51\
\xa6\x92\x8d\x38\xfc\x31\x5b\x2f\xf3\x7d\xdb\xbb\x67\x97\x18\x28\
\xbb\xee\xfb\x9f\xff\xd9\
\x00\x00\x1d\x42\
\xff\
\xd8\xff\xe0\x00\x10\x4a\x46\x49\x46\x00\x01\x01\x01\x00\x78\x00\
\x78\x00\x00\xff\xdb\x00\x43\x00\x03\x02\x02\x03\x02\x02\x03\x03\
\x03\x03\x04\x03\x03\x04\x05\x08\x05\x05\x04\x04\x05\x0a\x07\x07\
\x06\x08\x0c\x0a\x0c\x0c\x0b\x0a\x0b\x0b\x0d\x0e\x12\x10\x0d\x0e\
\x11\x0e\x0b\x0b\x10\x16\x10\x11\x13\x14\x15\x15\x15\x0c\x0f\x17\
\x18\x16\x14\x18\x12\x14\x15\x14\xff\xdb\x00\x43\x01\x03\x04\x04\
\x05\x04\x05\x09\x05\x05\x09\x14\x0d\x0b\x0d\x14\x14\x14\x14\x14\
\x14\x14\x14\x14\x14\x14\x14\x14\x14\x14\x14\x14\x14\x14\x14\x14\
\x14\x14\x14\x14\x14\x14\x14\x14\x14\x14\x14\x14\x14\x14\x14\x14\
\x14\x14\x14\x14\x14\x14\x14\x14\x14\x14\x14\x14\x14\xff\xc0\x00\
\x11\x08\x00\xa0\x00\xa0\x03\x01\x22\x00\x02\x11\x01\x03\x11\x01\
\xff\xc4\x00\x1f\x00\x00\x01\x05\x01\x01\x01\x01\x01\x01\x00\x00\
\x00\x00\x00\x00\x00\x00\x01\x02\x03\x04\x05\x06\x07\x08\x09\x0a\
\x0b\xff\xc4\x00\xb5\x10\x00\x02\x01\x03\x03\x02\x04\x03\x05\x05\
\x04\x04\x00\x00\x01\x7d\x01\x02\x03\x00\x04\x11\x05\x12\x21\x31\
\x41\x06\x13\x51\x61\x07\x22\x71\x14\x32\x81\x91\xa1\x08\x23\x42\
\xb1\xc1\x15\x52\xd1\xf0\x24\x33\x62\x72\x82\x09\x0a\x16\x17\x18\
\x19\x1a\x25\x26\x27\x28\x29\x2a\x34\x35\x36\x37\x38\x39\x3a\x43\
\x44\x45\x46\x47\x48\x49\x4a\x53\x54\x55\x56\x57\x58\x59\x5a\x63\
\x64\x65\x66\x67\x68\x69\x6a\x73\x74\x75\x76\x77\x78\x79\x7a\x83\
\x84\x85\x86\x87\x88\x89\x8a\x92\x93\x94\x95\x96\x97\x98\x99\x9a\
\xa2\xa3\xa4\xa5\xa6\xa7\xa8\xa9\xaa\xb2\xb3\xb4\xb5\xb6\xb7\xb8\
\xb9\xba\xc2\xc3\xc4\xc5\xc6\xc7\xc8\xc9\xca\xd2\xd3\xd4\xd5\xd6\
\xd7\xd8\xd9\xda\xe1\xe2\xe3\xe4\xe5\xe6\xe7\xe8\xe9\xea\xf1\xf2\
\xf3\xf4\xf5\xf6\xf7\xf8\xf9\xfa\xff\xc4\x00\x1f\x01\x00\x03\x01\
\x01\x01\x01\x01\x01\x01\x01\x01\x00\x00\x00\x00\x00\x00\x01\x02\
\x03\x04\x05\x06\x07\x08\x09\x0a\x0b\xff\xc4\x00\xb5\x11\x00\x02\
\x01\x02\x04\x04\x03\x04\x07\x05\x04\x04\x00\x01\x02\x77\x00\x01\
\x02\x03\x11\x04\x05\x21\x31\x06\x12\x41\x51\x07\x61\x71\x13\x22\
\x32\x81\x08\x14\x42\x91\xa1\xb1\xc1\x09\x23\x33\x52\xf0\x15\x62\
\x72\xd1\x0a\x16\x24\x34\xe1\x25\xf1\x17\x18\x19\x1a\x26\x27\x28\
\x29\x2a\x35\x36\x37\x38\x39\x3a\x43\x44\x45\x46\x47\x48\x49\x4a\
\x53\x54\x55\x56\x57\x58\x59\x5a\x63\x64\x65\x66\x67\x68\x69\x6a\
\x73\x74\x75\x76\x77\x78\x79\x7a\x82\x83\x84\x85\x86\x87\x88\x89\
\x8a\x92\x93\x94\x95\x96\x97\x98\x99\x9a\xa2\xa3\xa4\xa5\xa6\xa7\
\xa8\xa9\xaa\xb2\xb3\xb4\xb5\xb6\xb7\xb8\xb9\xba\xc2\xc3\xc4\xc5\
\xc6\xc7\xc8\xc9\xca\xd2\xd3\xd4\xd5\xd6\xd7\xd8\xd9\xda\xe2\xe3\
\xe4\xe5\xe6\xe7\xe8\xe9\xea\xf2\xf3\xf4\xf5\xf6\xf7\xf8\xf9\xfa\
\xff\xda\x00\x0c\x03\x01\x00\x02\x11\x03\x11\x00\x3f\x00\xfd\x53\
\xa2\x8a\x28\x00\xaf\x90\xbf\x68\x2f\xda\x8b\x5f\xd2\x3c\x77\x36\
\x89\xe0\xad\x53\xec\x16\x9a\x5e\xeb\x6b\xc9\x9a\xce\x37\x69\x6e\
\x43\x10\xea\x3c\xc0\xdf\x2a\x60\x28\x20\x2e\x4e\xff\x00\xbc\x36\
\x9a\xf6\xaf\xda\x33\xe2\xcb\xfc\x28\xf0\x04\x97\x36\x13\x46\x9a\
\xfd\xfb\xfd\x9a\xc1\x5d\x55\xca\x1e\xaf\x2e\xc2\x46\x42\x2f\x7c\
\x30\x0e\xd1\x82\x08\x35\xf9\xdf\x5f\xa4\xf0\xa6\x4b\x4f\x12\xa5\
\x8d\xc4\xc5\x4a\x3b\x45\x35\x74\xfb\xbb\x3e\xdb\x2f\x3b\xf6\x3f\
\x19\xe3\xde\x24\xab\x83\x71\xcb\x70\x53\x71\x9f\xc5\x26\x9b\x4d\
\x2e\x89\x35\xae\xbb\xbf\x2b\x77\x67\xbf\xd9\xfe\xdb\x1e\x3d\xb6\
\xb4\x82\x19\x2c\x74\x2b\xb9\x23\x45\x46\xb8\x9a\xd6\x50\xf2\x90\
\x30\x59\x82\xca\xab\x93\xd4\xed\x00\x73\xc0\x1d\x2b\xad\xb3\xfd\
\xbb\xe7\x4b\x48\x16\xeb\xc1\x71\xcd\x72\x11\x44\xb2\x43\xa9\x98\
\xd1\xdf\x1f\x31\x55\x31\x31\x50\x4e\x70\x0b\x1c\x7a\x9e\xb5\xf2\
\x9d\x15\xf7\x35\x38\x77\x2a\xab\xf1\x50\x5f\x26\xd7\xe4\xd1\xf9\
\x75\x1e\x30\xcf\x68\x7c\x38\xa7\xf3\x51\x97\xe6\x99\xf6\xc5\x9f\
\xed\xc3\xe0\xc7\xb4\x81\xae\xb4\x5d\x76\x1b\x92\x8a\x65\x8e\x18\
\xa1\x91\x11\xf1\xf3\x05\x63\x2a\x96\x00\xe7\x04\xa8\xcf\xa0\xe9\
\x5d\x97\xfc\x35\x57\xc2\xdf\xfa\x1a\x3f\xf2\x9f\x75\xff\x00\xc6\
\xab\xf3\xd6\x8a\xf2\xaa\x70\x76\x5b\x37\xee\xb9\x47\xd1\xaf\xd5\
\x33\xde\xa3\xe2\x26\x73\x49\x5a\x6a\x13\xf5\x8b\xff\x00\xdb\x5a\
\x3f\x4d\xbf\xe1\x6e\x78\x17\xfe\x87\x4f\x0f\x7f\xe0\xd6\x0f\xfe\
\x2e\xba\xda\xfc\x9c\xa9\xac\xef\x27\xd3\xee\xe0\xba\xb5\x9e\x4b\
\x6b\x98\x1d\x65\x8a\x68\x5c\xa3\xc6\xea\x72\xac\xac\x39\x04\x10\
\x08\x22\xbc\x9a\x9c\x11\x4d\xff\x00\x0e\xbb\x5e\xb1\xbf\xea\x8f\
\x7e\x8f\x89\xb5\x53\xfd\xf6\x15\x3f\x49\x35\xf9\xa7\x7f\xc0\xfd\
\x5d\xa2\xbf\x33\xac\xfe\x33\x78\xf6\xc6\xee\x0b\x98\xfc\x67\xae\
\xb4\x90\xba\xc8\xab\x36\xa1\x2c\xa8\x48\x39\x1b\x91\x98\xab\x0f\
\x50\xc0\x83\xd0\x83\x5d\x65\x9f\xed\x63\xf1\x3e\xda\xee\x09\xa4\
\xf1\x04\x77\x71\xc6\xea\xed\x6f\x35\x85\xb8\x49\x40\x39\x2a\xc5\
\x51\x5b\x07\xa1\xda\x41\xe7\x82\x3a\xd7\x95\x53\x82\xf1\xab\xf8\
\x75\x22\xfd\x6e\xbf\x46\x7b\xd4\x7c\x4a\xcb\x65\xfc\x5a\x33\x8f\
\xa7\x2b\xfd\x57\xea\x7e\x82\xd1\x5f\x3f\xfe\xcd\xff\x00\xb4\x17\
\x89\x3e\x30\x78\x87\x56\xd3\xf5\x8d\x1e\xce\x1b\x6b\x5b\x55\x9d\
\x6f\x74\xf8\xe5\x44\x8d\xf7\x85\x11\xbe\xe6\x60\x4b\x02\x4a\xf2\
\x3f\xd5\xb7\x07\xf8\x7e\x80\xaf\x8c\xc7\x60\xab\x65\xf5\xde\x1e\
\xbf\xc4\xad\xb3\xbe\xe7\xe8\xf9\x66\x67\x87\xcd\xf0\xcb\x17\x85\
\x6d\xc1\xdd\x6a\xad\xb6\x81\x45\x14\x57\x01\xea\x85\x14\x51\x40\
\x05\x14\x51\x40\x05\x43\x79\x79\x06\x9f\x69\x3d\xd5\xd4\xf1\xdb\
\x5b\x40\x8d\x2c\xb3\x4c\xe1\x12\x34\x51\x96\x66\x63\xc0\x00\x02\
\x49\x35\x35\x7c\xb1\xfb\x66\xfc\x5b\x8e\xde\xc1\x3c\x03\xa7\xb6\
\xeb\x8b\x8f\x2a\xeb\x52\x95\x59\x19\x52\x30\x4b\x47\x09\x1c\x90\
\xc5\x95\x24\x3f\x74\x80\x13\xef\x07\x38\xf5\x32\xcc\x05\x4c\xcb\
\x15\x0c\x35\x3e\xbb\xbe\xcb\xab\xfe\xba\x9e\x1e\x75\x9a\xd2\xc9\
\x70\x35\x31\x95\x75\xb6\xcb\xbc\x9e\xcb\xfc\xfb\x2b\xb3\xe7\x5f\
\x8e\x1f\x16\x5f\xe2\x47\x8c\x35\x3f\x12\xea\x33\x47\x67\xa5\xdb\
\x23\x47\x6b\xe7\x2a\xc4\x2d\xec\xd1\x99\x97\xcc\x39\x23\x38\x66\
\x66\x25\x88\xc9\x38\x21\x40\x03\xe4\xaf\x17\x7e\xd9\x5e\x1c\xd2\
\xaf\x5a\x0d\x03\x49\xbb\xd7\xd1\x19\x95\xae\xa5\x7f\xb2\x44\xf8\
\x62\x03\x47\x95\x67\x2a\x46\x0f\xcc\xa8\x79\xc1\x14\x7e\xd9\x5e\
\x2d\xb9\xd2\xbc\x17\xa4\xe8\x16\xec\xf1\x26\xaf\x72\xd2\x5c\x3a\
\x3b\x0d\xf1\xc3\xb4\xf9\x6c\x01\xc1\x52\xef\x1b\xf2\x3a\xc6\xa4\
\x57\xb9\xf8\x73\xc3\x9a\x4f\x83\x3c\x3d\x65\xa0\xe8\x36\x43\x4f\
\xd2\x2c\xc1\xf2\xe2\xc8\x69\x24\x72\x00\x79\xa5\x70\x07\x99\x2b\
\xed\x5d\xcf\x81\xd1\x55\x42\xa2\xa2\xaf\xeb\x8e\x58\xca\xb8\xb9\
\x65\xb9\x74\x95\x2a\x74\x54\x6f\x2b\x29\x3d\x55\xd2\x49\xff\x00\
\x5b\xbb\xec\x8f\xe7\xe8\xc3\x2e\xc3\xe5\xf1\xce\x73\x88\x3c\x45\
\x6c\x4c\xa5\xcb\x1e\x67\x14\x94\x5d\xa4\xdb\x5f\x82\xd7\x46\x92\
\x5b\xb5\xf3\x67\xfc\x36\xef\xfd\x49\x7f\xf9\x55\xff\x00\xed\x34\
\x7f\xc3\x6e\xff\x00\xd4\x97\xff\x00\x95\x5f\xfe\xd3\x5f\x51\xd1\
\x5d\x9f\xd9\xf9\xbf\xfd\x07\xff\x00\xe5\x28\xff\x00\x99\xe7\x7f\
\x6b\xf0\xff\x00\xfd\x0a\xbf\xf2\xb4\xff\x00\xc8\xf9\x73\xfe\x1b\
\x77\xfe\xa4\xbf\xfc\xaa\xff\x00\xf6\x9a\x3f\xe1\xb7\x7f\xea\x4b\
\xff\x00\xca\xaf\xff\x00\x69\xaf\xa8\xe8\xa3\xfb\x3f\x37\xff\x00\
\xa0\xff\x00\xfc\xa5\x1f\xf3\x0f\xed\x7e\x1f\xff\x00\xa1\x57\xfe\
\x56\x9f\xf9\x1f\x2e\x7f\xc3\x6e\xff\x00\xd4\x97\xff\x00\x95\x5f\
\xfe\xd3\x47\xfc\x36\xef\xfd\x49\x7f\xf9\x55\xff\x00\xed\x35\xf5\
\x1d\x5b\xd2\xb4\x8b\xfd\x7a\xfe\x2b\x1d\x32\xca\xe3\x51\xbd\x97\
\x3e\x5d\xb5\xa4\x4d\x2c\x8f\x80\x49\xc2\xa8\x24\xe0\x02\x7e\x80\
\xd2\x78\x0c\xda\x29\xb7\x8f\xd3\xfe\xbd\xc7\xfc\xca\x8e\x6b\x90\
\x4d\xa8\xc7\x29\xbb\x7f\xf4\xfa\x7f\xe4\x7c\xa3\xff\x00\x0d\xbb\
\xff\x00\x52\x5f\xfe\x55\x7f\xfb\x4d\x68\xf8\x7b\xf6\xe8\xd3\x6c\
\x35\xab\x3b\x9d\x5f\xe1\xdc\x9a\xb6\x9d\x13\xef\x9a\xc6\x2d\x7b\
\xec\xe6\x60\x3a\x2f\x98\x2d\xd8\xa8\x27\x19\xc0\xce\x32\x01\x07\
\x04\x7e\xb5\x7c\x03\xfd\x95\x60\xf0\x3d\xdd\x97\x89\x3c\x52\xf1\
\xdf\xeb\x88\x8b\x2c\x1a\x70\x50\xd0\xd8\xcb\x92\x77\x16\xc9\x12\
\x48\x06\xdc\x10\x02\xab\x6e\x23\x71\x0a\xc3\xe8\xba\xfc\xf3\x30\
\xcf\xf1\xd4\x6a\x3a\x38\x7c\x5f\xb4\x8e\xcd\xa8\x46\x3f\x76\xef\
\xe7\xa7\x97\x73\xf5\xec\xa7\x84\xf2\xbc\x45\x18\xe2\x71\x79\x7a\
\xa5\x2b\xdd\x45\xd4\x9c\xf4\xe9\xcc\x9b\x4b\xfe\xdd\x77\xf3\xea\
\x8f\xca\x0d\x2b\xfe\x0b\x6f\x61\xa0\xd8\x45\x63\xa6\x7c\x06\xb7\
\xd3\xac\xa2\xcf\x97\x6d\x69\xe2\x65\x8a\x34\xc9\x24\xe1\x56\xc4\
\x01\x92\x49\xfa\x93\x56\xff\x00\xe1\xf9\xdf\xf5\x44\xff\x00\xf2\
\xeb\xff\x00\xee\x2a\xfd\x54\xa2\xbe\x21\xb7\x26\xdb\x7a\x9f\xa6\
\x46\x2a\x09\x46\x2a\xc9\x1f\x95\x7f\xf0\xfc\xef\xfa\xa2\x7f\xf9\
\x75\xff\x00\xf7\x15\x1f\xf0\xfc\xef\xfa\xa2\x7f\xf9\x75\xff\x00\
\xf7\x15\x7e\xaa\x51\x48\xa3\xf3\x57\xe1\xe7\xfc\x16\xdb\xc1\xda\
\xde\xb9\x05\xaf\x8c\x7e\x1c\xea\x7e\x15\xd3\xa5\x60\xad\xa8\x69\
\xfa\x92\xea\x42\x2c\xff\x00\x13\xa1\x8a\x26\xda\x3b\xed\xdc\x7d\
\x01\xe9\x5f\xa2\x9e\x13\xf1\x66\x8d\xe3\xbf\x0d\x69\xbe\x20\xf0\
\xfe\xa5\x6f\xab\xe8\xba\x8c\x2b\x71\x69\x7b\x6a\xfb\xa3\x96\x33\
\xd0\x83\xfa\x10\x79\x04\x10\x70\x45\x70\x3f\xb4\x5f\xec\xe9\xe1\
\x0f\xda\x47\xe1\xc6\xad\xe1\xaf\x12\xe9\x36\xb7\x37\x33\x5b\xba\
\xd8\x6a\x6d\x12\xfd\xa2\xc2\x7d\xa7\xcb\x96\x29\x31\x95\xc3\x63\
\x23\x38\x61\x90\x41\x04\x8a\xf8\xab\xfe\x08\x93\xf1\x0f\x53\xd6\
\xfe\x1a\xfc\x45\xf0\x75\xd4\xef\x36\x9f\xe1\xfb\xfb\x4b\xdb\x35\
\x73\x9f\x28\x5d\x2c\xc1\xd1\x7d\x17\x75\xb6\xec\x7a\xbb\x1e\xe6\
\x80\x3f\x4a\x68\xa2\x8a\x00\xe4\xbe\x29\x7c\x46\xb0\xf8\x57\xe0\
\xbb\xef\x10\x5f\x27\xda\x3c\x9d\xb1\xc1\x68\xb2\x2a\x3d\xc4\xac\
\x70\xa8\xa4\xfe\x2c\x70\x09\x0a\xac\x70\x71\x8a\xfc\xda\xf1\x0f\
\x88\x75\x2f\x15\xeb\x57\x9a\xbe\xaf\x79\x25\xfe\xa3\x76\xfe\x64\
\xd7\x12\x9e\x58\xf4\x1c\x0e\x00\x00\x00\x00\xc0\x00\x00\x00\x00\
\x0a\xf6\xef\xdb\x1f\xc7\xfa\x96\xb5\xf1\x22\x5f\x0c\x19\x24\x87\
\x48\xd1\x92\x22\x2d\xc3\xe5\x26\x9d\xe3\x12\x19\x88\xc0\xe4\x2c\
\x81\x00\x24\xe3\x6b\x11\x8d\xec\x2b\xc0\x2b\xf7\x0e\x16\xca\xe3\
\x82\xc2\x2c\x44\xd7\xbf\x51\x27\x7e\xd1\xdd\x2f\xd5\xff\x00\xc0\
\x3f\x98\x78\xe7\x3c\x96\x65\x98\x3c\x25\x36\xfd\x9d\x16\xd5\xbb\
\xc9\x69\x27\xf2\xd9\x7c\xed\xbb\x3e\x5c\xfd\xb7\x7f\xe6\x4b\xff\
\x00\xb7\xdf\xfd\xa1\x5f\x51\xd7\xcb\x9f\xb6\xef\xfc\xc9\x7f\xf6\
\xfb\xff\x00\xb4\x2b\xea\x3a\xec\xcb\xff\x00\xe4\x6f\x8f\xff\x00\
\xb8\x5f\xfa\x4b\x3c\xfc\xdf\xfe\x49\xfc\xab\xfe\xe3\x7f\xe9\x68\
\xe5\x7f\xe2\xb2\xff\x00\x85\x97\xff\x00\x30\x8f\xf8\x42\x7f\xb3\
\x7f\xe9\xa7\xda\x7e\xd1\xe6\x7f\xe8\xcf\xfc\x87\xe5\xff\x00\xd3\
\x4a\x3f\xe2\xb2\xff\x00\x85\x97\xff\x00\x30\x8f\xf8\x42\x7f\xb3\
\x7f\xe9\xa7\xda\x7e\xd1\xe6\x7f\xe8\xcf\xfc\x87\xe5\xff\x00\xd3\
\x4a\x3f\xe2\xb2\xff\x00\x85\x97\xff\x00\x30\x8f\xf8\x42\x7f\xb3\
\x7f\xe9\xa7\xda\x7e\xd1\xe6\x7f\xe8\xcf\xfc\x87\xe5\xff\x00\xd3\
\x4a\xea\xab\xab\x0f\x87\xf6\xfc\xfe\xfd\x58\xf2\xd5\x72\xf7\x9d\
\xaf\x6e\x8b\xbd\x27\xd1\x1c\x18\xbc\x5f\xd5\x7d\x9f\xee\xe8\x4f\
\x9e\x82\x8f\xba\xaf\xcb\x7f\xb5\x2e\xd5\xd7\x57\xd0\xe5\x7f\xe2\
\xb2\xff\x00\x85\x97\xff\x00\x30\x8f\xf8\x42\x7f\xb3\x7f\xe9\xa7\
\xda\x7e\xd1\xe6\x7f\xe8\xcf\xfc\x87\xe5\xff\x00\xd3\x4a\x3f\xe2\
\xb2\xff\x00\x85\x97\xff\x00\x30\x8f\xf8\x42\x7f\xb3\x7f\xe9\xa7\
\xda\x7e\xd1\xe6\x7f\xe8\xcf\xfc\x87\xe5\xff\x00\xd3\x4a\xea\xab\
\xd9\x3e\x07\xfe\xcd\x9a\xcf\xc5\x9f\x23\x56\xbb\x93\xfb\x2b\xc2\
\xeb\x3e\xc9\x2e\x5b\x22\x6b\x95\x19\xde\x20\x52\x08\x38\x20\x29\
\x76\xe0\x12\x71\xbc\xab\x2d\x2c\x5d\x3a\x18\x2a\x4e\xb6\x23\x11\
\x38\xc5\x4f\x9f\xe2\xff\x00\xc9\x16\x9a\xc3\xfb\xa5\x60\x2b\x62\
\x73\x3a\xeb\x0d\x84\xc2\x53\x94\xdd\x3f\x67\xf0\x7f\xe5\x46\xef\
\xa5\x4f\xef\xbf\xb8\xe1\xfe\x1c\xfc\x2d\xf1\x1f\xc5\x4d\x59\xec\
\x7c\x3f\x63\xf6\x8f\x27\x61\xb9\xb9\x95\x82\x43\x6e\xac\xd8\x0c\
\xec\x7f\x13\xb4\x65\x88\x56\xc0\x38\x35\xed\xff\x00\x08\x7e\x06\
\x7c\x62\xf8\x3f\xfb\x5c\xb1\xd3\xd3\x4a\xbc\xf8\x2b\x3e\x90\xb1\
\xdd\x6a\x97\x02\x0f\xb6\x49\x38\x87\x25\x50\x7f\xad\x8d\x8d\xc7\
\x3b\x47\xee\xcc\x41\x77\x16\x75\x06\xbe\xac\xf0\x77\x82\x74\x3f\
\x87\xfa\x2a\xe9\x3e\x1f\xd3\xa3\xd3\x6c\x15\xda\x53\x1a\x16\x62\
\xce\xdd\x59\x99\x89\x66\x3d\x06\x49\x3c\x00\x3a\x00\x2b\x72\xbf\
\x2a\xce\xb8\x8a\xbe\x66\xdd\x2a\x5e\xed\x2e\xdd\x5f\xf8\xbf\xc9\
\x69\xea\x7e\xf1\xc3\x5c\x1f\x86\xc9\x12\xaf\x5e\xd3\xaf\xdf\xa4\
\x7f\xc3\xfe\x6f\x57\xe5\xb1\xf3\xe7\xfc\x64\x27\xfc\x36\x37\xfc\
\xc2\x3f\xe1\x9f\x7f\xb3\x7f\xe9\x87\xda\x7e\xd1\xe4\x7f\xdf\xef\
\x33\xcf\xff\x00\xb6\x7e\x5f\xfb\x74\x7f\xc6\x42\x7f\xc3\x63\x7f\
\xcc\x23\xfe\x19\xf7\xfb\x37\xfe\x98\x7d\xa7\xed\x1e\x47\xfd\xfe\
\xf3\x3c\xff\x00\xfb\x67\xe5\xff\x00\xb7\x5f\x41\xd1\x5f\x1e\x7e\
\x86\x7c\xf9\xff\x00\x19\x09\xff\x00\x0d\x8d\xff\x00\x30\x8f\xf8\
\x67\xdf\xec\xdf\xfa\x61\xf6\x9f\xb4\x79\x1f\xf7\xfb\xcc\xf3\xff\
\x00\xed\x9f\x97\xfe\xdd\x1f\xf1\x90\x9f\xf0\xd8\xdf\xf3\x08\xff\
\x00\x86\x7d\xfe\xcd\xff\x00\xa6\x1f\x69\xfb\x47\x91\xff\x00\x7f\
\xbc\xcf\x3f\xfe\xd9\xf9\x7f\xed\xd7\xd0\x74\x50\x07\xcf\x9f\xf1\
\x90\x9f\xf0\xd8\xdf\xf3\x08\xff\x00\x86\x7d\xfe\xcd\xff\x00\xa6\
\x1f\x69\xfb\x47\x91\xff\x00\x7f\xbc\xcf\x3f\xfe\xd9\xf9\x7f\xed\
\xd1\xff\x00\x19\x09\xff\x00\x0d\x8d\xff\x00\x30\x8f\xf8\x67\xdf\
\xec\xdf\xfa\x61\xf6\x9f\xb4\x79\x1f\xf7\xfb\xcc\xf3\xff\x00\xed\
\x9f\x97\xfe\xdd\x7d\x07\x5f\x3e\x7f\xc6\x42\x7f\xc3\x63\x7f\xcc\
\x23\xfe\x19\xf7\xfb\x37\xfe\x98\x7d\xa7\xed\x1e\x47\xfd\xfe\xf3\
\x3c\xff\x00\xfb\x67\xe5\xff\x00\xb7\x40\x1f\x41\xd7\xe5\x5f\xfc\
\x10\xc7\xfe\x6b\x67\xfd\xc1\x3f\xf6\xfe\xbf\x55\x2b\xf2\xaf\xfe\
\x08\x63\xff\x00\x35\xb3\xfe\xe0\x9f\xfb\x7f\x40\x1f\xaa\x94\x51\
\x45\x00\x7c\x21\xfb\x65\xe8\x70\x69\x3f\x19\x1a\xea\x17\x91\xa4\
\xd4\xf4\xe8\x2e\xe6\x0e\x41\x0a\xe0\xb4\x20\x2e\x07\x03\x6c\x2a\
\x79\xcf\x24\xf3\xd0\x0f\x0b\xaf\xa5\xbf\x6e\x6d\x0e\x7b\x7f\x1b\
\x78\x73\x58\x67\x8c\xdb\x5d\xe9\xcd\x68\x88\x09\xde\x1e\x29\x59\
\xd8\x91\x8c\x60\x89\xd3\x1c\xf6\x6e\x07\x19\xf9\xa6\xbf\xa1\xb2\
\x0a\x9e\xd7\x2b\xa1\x2b\xdf\xdd\xb7\xdd\xa7\xe1\x6b\x1f\xc8\x7c\
\x57\x4b\xd8\xe7\x78\xa8\xda\xde\xf5\xfe\xf4\x9d\xfe\x77\xb9\xf2\
\xe7\xed\xbb\xff\x00\x32\x5f\xfd\xbe\xff\x00\xed\x0a\xfa\x8e\xbe\
\x5c\xfd\xb7\x7f\xe6\x4b\xff\x00\xb7\xdf\xfd\xa1\x5f\x51\xd7\x2e\
\x5f\xff\x00\x23\x7c\x7f\xfd\xc2\xff\x00\xd2\x59\xdd\x9b\xff\x00\
\xc9\x3f\x95\x7f\xdc\x6f\xfd\x2d\x1c\xaf\xfc\x56\x5f\xf0\xb2\xff\
\x00\xe6\x11\xff\x00\x08\x4f\xf6\x6f\xfd\x34\xfb\x4f\xda\x3c\xcf\
\xfd\x19\xff\x00\x90\xfc\xbf\xfa\x69\x5d\x55\x72\xbf\xf1\x59\x7f\
\xc2\xcb\xff\x00\x98\x47\xfc\x21\x3f\xd9\xbf\xf4\xd3\xed\x3f\x68\
\xf3\x3f\xf4\x67\xfe\x43\xf2\xff\x00\xe9\xa5\x7a\x37\x81\xfc\x2b\
\x3f\x8d\xfc\x61\xa3\x68\x36\xc6\x45\x93\x50\xba\x8e\x03\x24\x51\
\x19\x4c\x48\x4f\xcf\x26\xd0\x46\x42\x2e\xe6\x3c\x8e\x14\xe4\x8e\
\xb5\xe8\xe0\xe7\x1a\x70\xaf\x39\xb9\xa4\xa7\x26\xf9\xff\x00\xf6\
\xdf\xee\x7f\x2f\xcc\xf1\xf3\x1a\x73\xad\x53\x0b\x4a\x9a\xa6\xe5\
\x2a\x70\x49\x53\xee\xef\x6e\x7f\xfa\x79\xfc\xdf\x23\xe8\x5f\xd9\
\x9f\xf6\x6a\xd3\x7c\x53\xa5\xe9\x5e\x37\xf1\x0d\xc4\x77\xf6\x12\
\x3c\xad\x6d\xa3\x88\xf2\x8e\x51\xca\x06\x99\x8f\x51\xb9\x5f\xf7\
\x60\x60\xe1\x72\xc4\x16\x4a\xfa\xf2\xce\xce\x0d\x3e\xd2\x0b\x5b\
\x58\x23\xb6\xb6\x81\x16\x28\xa1\x85\x02\x24\x68\xa3\x0a\xaa\xa3\
\x80\x00\x00\x00\x2b\xf2\xef\x55\xff\x00\x82\x22\x5c\xeb\x7a\xa5\
\xe6\xa3\x7b\xf1\xc7\xce\xbc\xbc\x99\xee\x27\x97\xfe\x11\x20\xbb\
\xe4\x76\x2c\xc7\x02\xf4\x01\x92\x4f\x00\x62\xaa\xff\x00\xc3\x8c\
\x7f\xea\xb6\x7f\xe5\xa9\xff\x00\xdd\xb5\xf8\x5e\x69\x99\xd6\xcd\
\x31\x12\xab\x52\x4f\x96\xef\x95\x76\x5d\x3e\x7d\xdf\x53\xfa\x93\
\x23\xc9\x30\xd9\x26\x12\x34\x28\xc5\x73\xd9\x73\x4b\xac\xa5\x6d\
\x5e\xba\xda\xfb\x2d\x91\xfa\xa9\x5f\x00\x7e\xd4\x7f\xf0\x55\xbf\
\xf8\x66\xbf\x8e\xde\x26\xf8\x71\xff\x00\x0a\xbb\xfe\x12\x3f\xec\
\x5f\xb2\xff\x00\xc4\xcf\xfe\x12\x1f\xb2\xf9\xde\x75\xac\x53\xff\
\x00\xaa\xfb\x2b\xed\xc7\x9b\xb7\xef\x1c\xed\xcf\x19\xc0\xfb\xfe\
\xbf\x15\xbf\x6a\x3f\x8e\x9f\xf0\xcd\x7f\xf0\x56\x1f\x13\x7c\x47\
\xfe\xc4\xff\x00\x84\x8f\xfb\x17\xec\xbf\xf1\x2c\xfb\x5f\xd9\x7c\
\xef\x3b\x42\x8a\x0f\xf5\xbb\x1f\x6e\x3c\xdd\xdf\x74\xe7\x6e\x38\
\xce\x47\x8c\x7d\x11\xea\xbf\xf0\xfc\xef\xfa\xa2\x7f\xf9\x75\xff\
\x00\xf7\x15\x1f\xf0\xfc\xef\xfa\xa2\x7f\xf9\x75\xff\x00\xf7\x15\
\x1f\xf0\xfc\xef\xfa\xa2\x7f\xf9\x75\xff\x00\xf7\x15\x1f\xf0\xfc\
\xef\xfa\xa2\x7f\xf9\x75\xff\x00\xf7\x15\x00\x1f\xf0\xfc\xef\xfa\
\xa2\x7f\xf9\x75\xff\x00\xf7\x15\x1f\xf0\xfc\xef\xfa\xa2\x7f\xf9\
\x75\xff\x00\xf7\x15\x1f\xf0\xfc\xef\xfa\xa2\x7f\xf9\x75\xff\x00\
\xf7\x15\x7c\xab\xfb\x73\xfe\xdc\xff\x00\xf0\xda\x3f\xf0\x84\xff\
\x00\xc5\x13\xff\x00\x08\x77\xfc\x23\x5f\x6e\xff\x00\x98\xb7\xdb\
\xbe\xd3\xf6\x8f\xb3\xff\x00\xd3\x08\xb6\x6d\xfb\x3f\xbe\x77\x76\
\xc7\x20\x1f\xbf\xd5\xf3\xe7\xfc\x64\x27\xfc\x36\x37\xfc\xc2\x3f\
\xe1\x9f\x7f\xb3\x7f\xe9\x87\xda\x7e\xd1\xe4\x7f\xdf\xef\x33\xcf\
\xff\x00\xb6\x7e\x5f\xfb\x75\xf4\x1d\x7c\xf9\xff\x00\x19\x09\xff\
\x00\x0d\x8d\xff\x00\x30\x8f\xf8\x67\xdf\xec\xdf\xfa\x61\xf6\x9f\
\xb4\x79\x1f\xf7\xfb\xcc\xf3\xff\x00\xed\x9f\x97\xfe\xdd\x00\x7d\
\x07\x5f\x95\x7f\xf0\x43\x1f\xf9\xad\x9f\xf7\x04\xff\x00\xdb\xfa\
\xfd\x54\xaf\xca\xbf\xf8\x21\x8f\xfc\xd6\xcf\xfb\x82\x7f\xed\xfd\
\x00\x7e\xaa\x51\x45\x14\x01\xf2\xc7\xed\xd9\xa5\x5d\x4d\xa4\xf8\
\x3f\x53\x48\xb3\x65\x6f\x3d\xcd\xb4\xb2\xee\x1f\x2c\x92\x2c\x6c\
\x8b\x8c\xe4\xe4\x45\x21\xc8\x18\x1b\x79\xc6\x46\x7e\x43\xaf\xb7\
\xbf\x6d\xff\x00\xf9\x25\x1a\x4f\xfd\x86\xe2\xff\x00\xd1\x13\xd7\
\xc4\x35\xfb\xb7\x09\xcd\xcf\x2a\x82\x7d\x1c\x97\xe3\x7f\xd4\xfe\
\x5a\xe3\xda\x4a\x9e\x7b\x56\x4b\xed\x28\xbf\xfc\x95\x2f\xd0\xf9\
\x73\xf6\xdd\xff\x00\x99\x2f\xfe\xdf\x7f\xf6\x85\x7d\x47\x5f\x2e\
\x7e\xdb\xbf\xf3\x25\xff\x00\xdb\xef\xfe\xd0\xaf\xa8\xeb\x6c\xbf\
\xfe\x46\xf8\xff\x00\xfb\x85\xff\x00\xa4\xb3\x9b\x37\xff\x00\x92\
\x7f\x2a\xff\x00\xb8\xdf\xfa\x5a\x39\x5f\xf8\xac\xbf\xe1\x65\xff\
\x00\xcc\x23\xfe\x10\x9f\xec\xdf\xfa\x69\xf6\x9f\xb4\x79\x9f\xfa\
\x33\xff\x00\x21\xf9\x7f\xf4\xd2\xbe\xd0\xfd\x88\x3c\x05\x1d\xdd\
\xfe\xb7\xe2\xfb\xbb\x6d\xff\x00\x64\xc5\x85\x8c\xad\xb1\x95\x64\
\x61\xba\x62\x06\x0b\x2b\x05\x31\x80\xc3\x03\x12\xb8\xe7\x27\x1f\
\x29\xe9\x9a\x6e\xb1\x7d\xaf\xcb\x1a\xbc\x37\x90\xdd\x79\x30\x69\
\xfa\x7d\x8c\x0e\xd3\xef\xcb\x6e\x2e\x4f\xde\x91\xd9\x82\x85\x41\
\x80\xa8\x9d\x59\x9a\xbf\x50\xbe\x19\x78\x39\x3e\x1f\xf8\x03\x41\
\xf0\xfa\xac\x6b\x25\x95\xaa\xa4\xe6\x17\x67\x46\x9c\xfc\xd2\xb2\
\x96\xe7\x0d\x23\x39\x1c\x0e\xbd\x07\x4a\xf0\x78\x8b\x15\xf5\x1c\
\x04\xe8\x46\x52\x72\xad\x39\x7c\x4f\x54\x93\xd7\x97\xb4\x5d\x97\
\x2a\xec\xcf\xaa\xe0\xfc\x0a\xcd\x33\x4a\x78\x99\xc2\x0a\x18\x7a\
\x71\xf8\x15\x94\xa4\xd6\x8e\x57\xde\x6a\xef\x99\xff\x00\x34\x55\
\xb4\xd4\xe9\xe8\xaf\x95\x7f\xe1\xe8\xff\x00\xb3\x17\xfd\x14\xdf\
\xfc\xa0\x6a\x9f\xfc\x8d\x47\xfc\x3d\x1f\xf6\x62\xff\x00\xa2\x9b\
\xff\x00\x94\x0d\x53\xff\x00\x91\xab\xf2\x13\xfa\x10\xfa\xaa\x8a\
\x2b\xf2\xaf\xf6\xa3\xfd\xa8\xff\x00\x69\xdf\xf8\x6e\xcf\x13\x7c\
\x1a\xf8\x35\xe2\x6f\xf9\xf5\xfe\xca\xd1\x3e\xc1\xa5\xff\x00\xd0\
\x2e\x2b\xa9\xbf\x7d\x75\x17\xfd\x75\x7f\x9d\xfd\x87\x61\x40\x1f\
\xaa\x94\x57\xe5\x5f\xfc\x6c\xeb\xfc\xff\x00\xc2\x31\x47\xfc\x6c\
\xeb\xfc\xff\x00\xc2\x31\x40\x1f\xaa\x94\x57\xe5\x5f\xfc\x6c\xeb\
\xfc\xff\x00\xc2\x31\x5e\x55\xf1\xd3\xf6\xa3\xfd\xbb\x3f\x66\xbf\
\xec\x4f\xf8\x58\xfe\x26\xff\x00\x84\x73\xfb\x6b\xcf\xfb\x07\xfa\
\x06\x85\x75\xe7\x79\x3e\x5f\x9b\xfe\xa2\x27\xdb\x8f\x36\x3f\xbd\
\x8c\xee\xe3\x38\x38\x00\xfd\xa9\xaf\x9f\x3f\xe3\x21\x3f\xe1\xb1\
\xbf\xe6\x11\xff\x00\x0c\xfb\xfd\x9b\xff\x00\x4c\x3e\xd3\xf6\x8f\
\x23\xfe\xff\x00\x79\x9e\x7f\xfd\xb3\xf2\xff\x00\xdb\xaf\xa0\xeb\
\xe7\xcf\xf8\xc8\x4f\xf8\x6c\x6f\xf9\x84\x7f\xc3\x3e\xff\x00\x66\
\xff\x00\xd3\x0f\xb4\xfd\xa3\xc8\xff\x00\xbf\xde\x67\x9f\xff\x00\
\x6c\xfc\xbf\xf6\xe8\x03\xe8\x3a\xfc\xab\xff\x00\x82\x18\xff\x00\
\xcd\x6c\xff\x00\xb8\x27\xfe\xdf\xd7\xea\xa5\x7e\x55\xff\x00\xc1\
\x0c\x7f\xe6\xb6\x7f\xdc\x13\xff\x00\x6f\xe8\x03\xf5\x52\x8a\x28\
\xa0\x0f\x26\xfd\xaa\xff\x00\xe4\x82\x78\xa3\xfe\xdd\x7f\xf4\xaa\
\x1a\xfc\xf5\xaf\xd3\x1f\x8c\xd6\x70\x5f\x7c\x24\xf1\x9c\x77\x30\
\x47\x71\x1a\xe9\x17\x52\x84\x95\x03\x00\xe9\x13\x3a\x36\x0f\x75\
\x65\x56\x07\xb1\x00\x8e\x95\xf9\x9d\x5f\xb1\xf0\x54\xd3\xc1\x55\
\xa7\xda\x57\xfb\xd2\xff\x00\x23\xf9\xd3\xc4\xaa\x4d\x66\x54\x6a\
\xdf\x78\x5b\xee\x94\x9f\xea\x7c\xb9\xfb\x6e\xff\x00\xcc\x97\xff\
\x00\x6f\xbf\xfb\x42\xbe\xa3\xaf\x97\x3f\x6d\xdf\xf9\x92\xff\x00\
\xed\xf7\xff\x00\x68\x57\xd4\x75\xec\xe5\xff\x00\xf2\x37\xc7\xff\
\x00\xdc\x2f\xfd\x25\x9f\x39\x9b\xff\x00\xc9\x3f\x95\x7f\xdc\x6f\
\xfd\x2d\x1e\xd1\xfb\x27\x78\x1f\x51\xf1\x2f\xc5\x9d\x33\x57\x8b\
\x4f\xb6\xbd\xd1\xb4\x59\x0c\xb7\xf2\x5c\xc8\xa3\xc9\x2f\x0c\xc2\
\x06\x44\x20\x97\x7f\x35\x54\x8e\x9b\x76\x96\xc8\x20\x03\xf7\xdd\
\x7c\x59\xfb\x36\xfc\x3f\xfd\xa2\x7e\x1d\xfc\x6e\xd3\x2d\x2f\x22\
\xd2\xa0\xf8\x21\x7d\xa7\x36\xa1\x77\x13\x79\x62\xe9\x2e\xe4\x80\
\x6d\x52\xac\x04\xeb\x32\xba\xc6\xac\xb8\xf2\x82\x86\xea\xdc\xd7\
\xda\x75\xf9\x47\x11\x63\xff\x00\xb4\x33\x09\xca\x2f\xdd\x8f\xba\
\xbd\x17\x5f\x9b\xbf\xc8\xfd\xe7\x84\x32\x9f\xec\x9c\xa6\x9c\x24\
\xad\x39\xfb\xd2\xf5\x7b\x2f\x92\xb2\xf5\xb9\xf2\xaf\xfc\x3a\xe3\
\xf6\x62\xff\x00\xa2\x65\xff\x00\x95\xfd\x53\xff\x00\x92\x68\xff\
\x00\x87\x5c\x7e\xcc\x5f\xf4\x4c\xbf\xf2\xbf\xaa\x7f\xf2\x4d\x7d\
\x55\x45\x7c\xd1\xf6\xa1\x5f\x95\x7f\xb5\x1f\xec\xb9\xfb\x4e\xff\
\x00\xc3\x76\x78\x9b\xe3\x2f\xc1\xaf\x0c\xff\x00\xcf\xaf\xf6\x56\
\xb7\xf6\xfd\x2f\xfe\x81\x71\x5a\xcd\xfb\x9b\xa9\x7f\xeb\xaa\x7c\
\xe9\xee\x3b\x1a\xfd\x54\xa2\x80\x3f\x2a\xff\x00\xe3\x67\x5f\xe7\
\xfe\x11\x8a\x3f\xe3\x67\x5f\xe7\xfe\x11\x8a\xfd\x54\xa2\x80\x3f\
\x2a\xff\x00\xe3\x67\x5f\xe7\xfe\x11\x8a\xf2\xaf\x8e\x9f\xb2\xe7\
\xed\xd9\xfb\x4a\x7f\x62\x7f\xc2\xc7\xf0\xcf\xfc\x24\x7f\xd8\xbe\
\x7f\xd8\x3f\xd3\xf4\x2b\x5f\x27\xce\xf2\xfc\xdf\xf5\x12\xa6\xec\
\xf9\x51\xfd\xec\xe3\x6f\x18\xc9\xcf\xed\x4d\x14\x00\x57\xcf\x9f\
\xf1\x90\x9f\xf0\xd8\xdf\xf3\x08\xff\x00\x86\x7d\xfe\xcd\xff\x00\
\xa6\x1f\x69\xfb\x47\x91\xff\x00\x7f\xbc\xcf\x3f\xfe\xd9\xf9\x7f\
\xed\xd7\xd0\x75\xf3\xe7\xfc\x64\x27\xfc\x36\x37\xfc\xc2\x3f\xe1\
\x9f\x7f\xb3\x7f\xe9\x87\xda\x7e\xd1\xe4\x7f\xdf\xef\x33\xcf\xff\
\x00\xb6\x7e\x5f\xfb\x74\x01\xf4\x1d\x7e\x55\xff\x00\xc1\x0c\x7f\
\xe6\xb6\x7f\xdc\x13\xff\x00\x6f\xeb\xf5\x52\xbf\x2a\xff\x00\xe0\
\x86\x3f\xf3\x5b\x3f\xee\x09\xff\x00\xb7\xf4\x01\xfa\xa9\x45\x14\
\x50\x06\x77\x88\xf4\x38\x3c\x4f\xe1\xed\x53\x47\xba\x79\x23\xb6\
\xd4\x2d\x65\xb4\x95\xe1\x20\x3a\xa4\x88\x51\x8a\x92\x08\xce\x09\
\xc6\x41\xfa\x57\xe5\x6d\x7e\xb1\xd7\xe5\x97\x8b\xb4\x1f\xf8\x45\
\x7c\x57\xad\x68\xbe\x7f\xda\xbf\xb3\x6f\x67\xb3\xf3\xf6\x6c\xf3\
\x3c\xb9\x19\x37\x6d\xc9\xc6\x76\xe7\x19\x38\xf5\xaf\xd4\xb8\x22\
\xa6\xb8\x8a\x4d\xff\x00\x2b\x5f\x8d\xff\x00\x43\xf0\xcf\x13\xa8\
\xe9\x84\xac\x97\xf3\xa6\xff\x00\xf0\x16\x97\xe6\x7c\x8d\xfb\x6e\
\xff\x00\xcc\x97\xff\x00\x6f\xbf\xfb\x42\xbe\xe6\xf8\x0d\xf0\xdb\
\xfe\x16\x97\xc4\xad\x37\x49\x99\x37\xe9\x90\xe6\xf3\x50\xe7\x1f\
\xe8\xe8\x46\x57\x86\x53\xf3\xb1\x44\xca\x9c\x8d\xfb\xb1\xc1\xaf\
\x86\x7f\x6d\xdf\xf9\x92\xff\x00\xed\xf7\xff\x00\x68\x57\xeb\xdf\
\xec\x5f\xf0\xf2\x0d\x17\xc0\xd3\xf8\xb2\x61\x1c\xb7\xfa\xd3\xb4\
\x50\xb8\xc1\x30\xdb\xc6\xe5\x0a\xe4\xa8\x2a\x5a\x45\x62\xc0\x12\
\x08\x58\xfa\x10\x6b\xa7\x1d\x8f\x79\x76\x23\x32\xab\x17\x69\x3f\
\x65\x18\xfa\xb8\x3f\xc9\x5d\xfc\x8e\x2c\xb3\x2a\x59\xc6\x13\x26\
\xa1\x35\x78\x47\xdb\x4a\x5f\xe1\x55\x16\x9f\x37\x65\xf3\x2c\x7f\
\xc6\x42\x7f\xc3\x63\x7f\xcc\x23\xfe\x19\xf7\xfb\x37\xfe\x98\x7d\
\xa7\xed\x1e\x47\xfd\xfe\xf3\x3c\xff\x00\xfb\x67\xe5\xff\x00\xb7\
\x5f\x41\xd7\xcf\x9f\xf1\x90\x9f\xf0\xd8\xdf\xf3\x08\xff\x00\x86\
\x7d\xfe\xcd\xff\x00\xa6\x1f\x69\xfb\x47\x91\xff\x00\x7f\xbc\xcf\
\x3f\xfe\xd9\xf9\x7f\xed\xd7\xd0\x75\xf9\x21\xfd\x00\x14\x51\x45\
\x00\x15\xf8\xfb\xfb\x61\x78\x57\xc4\x5f\xb5\xc7\xfc\x14\xc7\xfe\
\x14\x7d\xef\x8b\xee\x74\x0f\x0f\xdb\xc1\x1c\x1a\x7b\x79\x26\xe6\
\x0b\x4c\x69\x42\xfe\x47\xfb\x3f\x98\x81\x9d\xdf\x72\x96\xdc\x0e\
\x36\xf2\x42\x81\x5f\xb0\x55\xf8\xfb\xfb\x61\x78\xa7\xc4\x7f\xb2\
\x3f\xfc\x14\xc7\xfe\x17\x8d\xef\x83\xee\x75\xff\x00\x0f\xdc\x41\
\x1c\xfa\x7a\xf9\xc6\xda\x0b\xbc\xe9\x42\xc2\x44\xfb\x47\x96\xe1\
\x5d\x1f\x73\x15\xda\x4e\x36\xf0\x03\x03\x40\x1d\x77\xfc\x38\xc7\
\xfe\xab\x67\xfe\x5a\x9f\xfd\xdb\x47\xfc\x38\xc7\xfe\xab\x67\xfe\
\x5a\x9f\xfd\xdb\x47\xfc\x3f\x3b\xfe\xa8\x9f\xfe\x5d\x7f\xfd\xc5\
\x47\xfc\x3f\x3b\xfe\xa8\x9f\xfe\x5d\x7f\xfd\xc5\x40\x07\xfc\x38\
\xc7\xfe\xab\x67\xfe\x5a\x9f\xfd\xdb\x5f\x3e\x7e\xd3\xbf\xb3\x17\
\x88\xff\x00\xe0\x9a\x5e\x34\xf8\x69\xe2\x9f\x0b\x7c\x4a\xb9\xd6\
\xf5\x7d\x52\x7b\xb9\xe3\x96\xdf\x4e\x3a\x77\x93\xf6\x53\x6e\x4a\
\x38\x13\xc9\xe6\xa4\x82\x72\x19\x4e\x06\x01\x04\x10\xdc\x7d\x07\
\xff\x00\x0f\xce\xff\x00\xaa\x27\xff\x00\x97\x5f\xff\x00\x71\x57\
\xcf\xbf\xb4\xe7\xed\x39\xe2\x3f\xf8\x29\x77\x8d\x3e\x1a\x78\x5b\
\xc2\xdf\x0d\x6e\x74\x4d\x5f\x4b\x9e\xee\x08\xe2\xb6\xd4\x4e\xa3\
\xe7\x7d\xa8\xdb\x82\xee\x44\x11\x88\x92\x31\x01\x2c\xc7\x23\x04\
\x92\x40\x5e\x40\x3f\x75\xab\xe7\xcf\xf8\xc8\x4f\xf8\x6c\x6f\xf9\
\x84\x7f\xc3\x3e\xff\x00\x66\xff\x00\xd3\x0f\xb4\xfd\xa3\xc8\xff\
\x00\xbf\xde\x67\x9f\xff\x00\x6c\xfc\xbf\xf6\xeb\xe8\x3a\xf9\xf3\
\xfe\x32\x13\xfe\x1b\x1b\xfe\x61\x1f\xf0\xcf\xbf\xd9\xbf\xf4\xc3\
\xed\x3f\x68\xf2\x3f\xef\xf7\x99\xe7\xff\x00\xdb\x3f\x2f\xfd\xba\
\x00\xfa\x0e\xbf\x2a\xff\x00\xe0\x86\x3f\xf3\x5b\x3f\xee\x09\xff\
\x00\xb7\xf5\xfa\xa9\x5f\x95\x7f\xf0\x43\x1f\xf9\xad\x9f\xf7\x04\
\xff\x00\xdb\xfa\x00\xfd\x54\xa2\x8a\x28\x00\xaf\xcd\x3f\x8e\x1a\
\x55\xd6\x8d\xf1\x83\xc6\x36\xf7\x91\x79\x33\x3e\xa9\x3d\xca\xae\
\xe0\xd9\x8e\x57\x32\xc6\xdc\x13\xd5\x1d\x4e\x3a\x8c\xe0\xe0\xe4\
\x57\xe9\x65\x7e\x7d\x7e\xd6\x36\x73\xdb\x7c\x76\xf1\x04\x93\x41\
\x24\x51\xdc\x25\xb4\xb0\xbb\xa1\x02\x54\x16\xf1\xa1\x65\x27\xa8\
\xdc\xac\xb9\x1d\xd4\x8e\xc6\xbf\x41\xe0\xba\x8d\x63\x6a\x53\xef\
\x1b\xfd\xcd\x7f\x99\xf9\x1f\x89\x34\x54\xb2\xca\x35\x7a\xc6\x76\
\xf9\x38\xcb\xfc\x91\xf9\xfd\xfb\x6e\xff\x00\xcc\x97\xff\x00\x6f\
\xbf\xfb\x42\xbf\x7e\xf4\x8d\x2a\xd7\x41\xd2\x6c\xb4\xcb\x18\xbc\
\x8b\x2b\x28\x12\xda\x08\xb7\x16\xd9\x1a\x28\x55\x5c\x92\x49\xc0\
\x00\x64\x92\x6b\xf0\x3f\xf6\xe2\xd2\xae\xa1\xd2\x7c\x07\xa9\xbc\
\x58\xb2\xb8\x9f\x52\xb6\x8a\x5d\xc3\xe6\x92\x35\xb4\x67\x5c\x67\
\x23\x02\x58\xce\x48\xc1\xdd\xc6\x70\x71\xfb\xf7\x5e\x3f\x13\x4e\
\xf9\xad\x74\x9e\x9e\xef\xde\xa2\xbf\x2d\x4f\xa2\xe0\x9a\x7c\xb9\
\x0e\x19\xc9\x6b\x69\xfa\xd9\xce\x4f\xee\x7a\x3f\x3d\x0f\x9f\x3f\
\xe3\x21\x3f\xe1\xb1\xbf\xe6\x11\xff\x00\x0c\xfb\xfd\x9b\xff\x00\
\x4c\x3e\xd3\xf6\x8f\x23\xfe\xff\x00\x79\x9e\x7f\xfd\xb3\xf2\xff\
\x00\xdb\xaf\xa0\xeb\xe7\xcf\xf8\xc8\x4f\xf8\x6c\x6f\xf9\x84\x7f\
\xc3\x3e\xff\x00\x66\xff\x00\xd3\x0f\xb4\xfd\xa3\xc8\xff\x00\xbf\
\xde\x67\x9f\xff\x00\x6c\xfc\xbf\xf6\xe8\xff\x00\x8c\x84\xff\x00\
\x86\xc6\xff\x00\x98\x47\xfc\x33\xef\xf6\x6f\xfd\x30\xfb\x4f\xda\
\x3c\x8f\xfb\xfd\xe6\x79\xff\x00\xf6\xcf\xcb\xff\x00\x6e\xbe\x58\
\xfb\xa3\xe8\x3a\x2b\xe7\xcf\xf8\xc8\x4f\xf8\x6c\x6f\xf9\x84\x7f\
\xc3\x3e\xff\x00\x66\xff\x00\xd3\x0f\xb4\xfd\xa3\xc8\xff\x00\xbf\
\xde\x67\x9f\xff\x00\x6c\xfc\xbf\xf6\xe8\xff\x00\x8c\x84\xff\x00\
\x86\xc6\xff\x00\x98\x47\xfc\x33\xef\xf6\x6f\xfd\x30\xfb\x4f\xda\
\x3c\x8f\xfb\xfd\xe6\x79\xff\x00\xf6\xcf\xcb\xff\x00\x6e\x80\x3e\
\x83\xa2\xbe\x7c\xff\x00\x8c\x84\xff\x00\x86\xc6\xff\x00\x98\x47\
\xfc\x33\xef\xf6\x6f\xfd\x30\xfb\x4f\xda\x3c\x8f\xfb\xfd\xe6\x79\
\xff\x00\xf6\xcf\xcb\xff\x00\x6e\x8f\xf8\xc8\x4f\xf8\x6c\x6f\xf9\
\x84\x7f\xc3\x3e\xff\x00\x66\xff\x00\xd3\x0f\xb4\xfd\xa3\xc8\xff\
\x00\xbf\xde\x67\x9f\xff\x00\x6c\xfc\xbf\xf6\xe8\x03\xe8\x3a\x2b\
\xe7\xcf\xf8\xc8\x4f\xf8\x6c\x6f\xf9\x84\x7f\xc3\x3e\xff\x00\x66\
\xff\x00\xd3\x0f\xb4\xfd\xa3\xc8\xff\x00\xbf\xde\x67\x9f\xff\x00\
\x6c\xfc\xbf\xf6\xe8\xff\x00\x8c\x84\xff\x00\x86\xc6\xff\x00\x98\
\x47\xfc\x33\xef\xf6\x6f\xfd\x30\xfb\x4f\xda\x3c\x8f\xfb\xfd\xe6\
\x79\xff\x00\xf6\xcf\xcb\xff\x00\x6e\x80\x3e\x83\xa2\xbe\x7c\xff\
\x00\x8c\x84\xff\x00\x86\xc6\xff\x00\x98\x47\xfc\x33\xef\xf6\x6f\
\xfd\x30\xfb\x4f\xda\x3c\x8f\xfb\xfd\xe6\x79\xff\x00\xf6\xcf\xcb\
\xff\x00\x6e\x8f\xf8\xc8\x4f\xf8\x6c\x6f\xf9\x84\x7f\xc3\x3e\xff\
\x00\x66\xff\x00\xd3\x0f\xb4\xfd\xa3\xc8\xff\x00\xbf\xde\x67\x9f\
\xff\x00\x6c\xfc\xbf\xf6\xe8\x03\xe8\x3a\xf9\xf3\xfe\x32\x13\xfe\
\x1b\x1b\xfe\x61\x1f\xf0\xcf\xbf\xd9\xbf\xf4\xc3\xed\x3f\x68\xf2\
\x3f\xef\xf7\x99\xe7\xff\x00\xdb\x3f\x2f\xfd\xba\x3f\xe3\x21\x3f\
\xe1\xb1\xbf\xe6\x11\xff\x00\x0c\xfb\xfd\x9b\xff\x00\x4c\x3e\xd3\
\xf6\x8f\x23\xfe\xff\x00\x79\x9e\x7f\xfd\xb3\xf2\xff\x00\xdb\xa3\
\xfe\x32\x13\xfe\x1b\x1b\xfe\x61\x1f\xf0\xcf\xbf\xd9\xbf\xf4\xc3\
\xed\x3f\x68\xf2\x3f\xef\xf7\x99\xe7\xff\x00\xdb\x3f\x2f\xfd\xba\
\x00\xfa\x0e\xbf\x2a\xff\x00\xe0\x86\x3f\xf3\x5b\x3f\xee\x09\xff\
\x00\xb7\xf5\xfa\xa9\x5f\x95\x7f\xf0\x43\x1f\xf9\xad\x9f\xf7\x04\
\xff\x00\xdb\xfa\x00\xfd\x54\xa2\x8a\x28\x00\xaf\x8b\x3f\x6d\x6d\
\x22\xfe\xf7\xe2\xbf\x87\xfe\xcf\x65\x71\x3f\xda\xf4\xb8\xad\xad\
\xbc\xa8\x99\xbc\xe9\x44\xf2\xe6\x34\xc0\xf9\x9b\xe7\x4f\x94\x73\
\xf3\xaf\xa8\xaf\xb4\xe8\xaf\x67\x29\xcc\x5e\x57\x8a\x58\x95\x1e\
\x6d\x1a\xb5\xed\xbf\xde\x7c\xee\x7f\x93\xac\xf7\x04\xf0\x72\x9f\
\x25\xda\x77\xb5\xf6\x7d\xae\x8f\xca\x9f\xf8\x2a\xff\x00\xc0\x5d\
\x4f\xc2\x7f\xb3\x97\xc1\xeb\xfb\x65\x7b\xdb\x4f\x09\xdc\x5e\x59\
\x6a\x73\x46\x77\xac\x72\xde\xf9\x52\x17\xce\xd1\xfb\xbf\x36\x16\
\x55\x24\x0f\xbc\x80\xf2\x79\xfd\x02\xfd\x9d\x3f\x68\xbf\x08\x7e\
\xd2\x1f\x0e\x74\x9f\x12\xf8\x6b\x56\xb4\xb9\xb9\x9a\xdd\x1a\xff\
\x00\x4c\x59\x57\xed\x16\x33\xed\x1e\x64\x52\xc7\x9c\xae\x1b\x38\
\x38\xc3\x0c\x10\x48\x20\xd7\x7d\xe2\xcf\x09\xe8\xde\x3b\xf0\xd6\
\xa5\xe1\xff\x00\x10\x69\xb6\xfa\xbe\x8b\xa8\xc2\xd6\xf7\x76\x57\
\x49\xba\x39\xa3\x3d\x41\x1f\xa8\x23\x90\x40\x23\x04\x57\xe7\x67\
\xc4\x3f\xf8\x22\x4f\x83\xb5\xcd\x72\x7b\xaf\x07\x7c\x45\xd4\xfc\
\x2b\xa7\xca\xc5\x97\x4f\xd4\x34\xd5\xd4\x84\x59\xfe\x14\x71\x2c\
\x4d\xb4\x76\xdd\xb8\xfa\x93\xd6\xbc\xba\xb5\x65\x5e\xa4\xaa\xcd\
\xdd\xc9\xb6\xfd\x5e\xa7\xb7\x87\xa1\x0c\x35\x18\x50\xa4\xad\x18\
\xa4\x97\xa2\x56\x47\xe9\x4d\x15\xf9\x57\xff\x00\x0e\x31\xff\x00\
\xaa\xd9\xff\x00\x96\xa7\xff\x00\x76\xd1\xff\x00\x0e\x31\xff\x00\
\xaa\xd9\xff\x00\x96\xa7\xff\x00\x76\xd6\x46\xe7\xea\xa5\x15\xf9\
\x57\xff\x00\x0e\x31\xff\x00\xaa\xd9\xff\x00\x96\xa7\xff\x00\x76\
\xd1\xff\x00\x0e\x31\xff\x00\xaa\xd9\xff\x00\x96\xa7\xff\x00\x76\
\xd0\x07\xea\xa5\x15\xf9\x57\xff\x00\x0e\x31\xff\x00\xaa\xd9\xff\
\x00\x96\xa7\xff\x00\x76\xd1\xff\x00\x0e\x31\xff\x00\xaa\xd9\xff\
\x00\x96\xa7\xff\x00\x76\xd0\x07\xea\xa5\x15\xf9\x57\xff\x00\x0e\
\x31\xff\x00\xaa\xd9\xff\x00\x96\xa7\xff\x00\x76\xd1\xff\x00\x0e\
\x31\xff\x00\xaa\xd9\xff\x00\x96\xa7\xff\x00\x76\xd0\x07\xea\xa5\
\x15\xf9\x57\xff\x00\x0e\x31\xff\x00\xaa\xd9\xff\x00\x96\xa7\xff\
\x00\x76\xd1\xff\x00\x0e\x31\xff\x00\xaa\xd9\xff\x00\x96\xa7\xff\
\x00\x76\xd0\x07\xea\xa5\x15\xf9\x57\xff\x00\x0e\x31\xff\x00\xaa\
\xd9\xff\x00\x96\xa7\xff\x00\x76\xd1\xff\x00\x0e\x31\xff\x00\xaa\
\xd9\xff\x00\x96\xa7\xff\x00\x76\xd0\x07\xdf\xff\x00\xb4\x67\xed\
\x19\xe1\x0f\xd9\xbb\xe1\xce\xad\xe2\x5f\x12\xea\xd6\xb6\xf7\x50\
\xdb\xbb\x58\x69\x8d\x2a\xfd\xa2\xfa\x7d\xa7\xcb\x8a\x38\xf3\x96\
\xcb\x63\x27\x18\x51\x92\x48\x00\x9a\xf8\xaf\xfe\x08\x95\xf0\xf3\
\x53\xd0\xfe\x1a\xfc\x45\xf1\x8d\xdc\x0f\x0e\x9f\xe2\x0b\xfb\x4b\
\x3b\x26\x71\x8f\x34\x5a\xac\xc5\xdd\x7d\x57\x75\xce\xdc\xfa\xa3\
\x0e\xc6\x8f\x87\x9f\xf0\x44\x9f\x06\xe8\x7a\xe4\x17\x5e\x31\xf8\
\x8b\xa9\xf8\xab\x4f\x89\x83\x36\x9f\xa7\xe9\xab\xa6\x89\x71\xfc\
\x2e\xfe\x6c\xad\xb4\xf7\xdb\xb4\xfa\x11\xd6\xbf\x44\xfc\x27\xe1\
\x3d\x1f\xc0\xbe\x1a\xd3\x7c\x3f\xe1\xfd\x3a\xdf\x48\xd1\x74\xe8\
\x56\xde\xd2\xca\xd5\x36\xc7\x0c\x63\xa0\x03\xf9\x9e\xa4\x92\x4f\
\x26\x80\x35\xa8\xa2\x8a\x00\x28\xa2\x8a\x00\x28\xa2\x8a\x00\x28\
\xa2\x8a\x00\x28\xa2\x8a\x00\x28\xa2\x8a\x00\x28\xa2\x8a\x00\x28\
\xa2\x8a\x00\x28\xa2\x8a\x00\x28\xa2\x8a\x00\x28\xa2\x8a\x00\xff\
\xd9\
\x00\x00\x07\x1f\
\xff\
\xd8\xff\xe0\x00\x10\x4a\x46\x49\x46\x00\x01\x01\x01\x00\x60\x00\
\x60\x00\x00\xff\xdb\x00\x43\x00\x03\x02\x02\x03\x02\x02\x03\x03\
\x03\x03\x04\x03\x03\x04\x05\x08\x05\x05\x04\x04\x05\x0a\x07\x07\
\x06\x08\x0c\x0a\x0c\x0c\x0b\x0a\x0b\x0b\x0d\x0e\x12\x10\x0d\x0e\
\x11\x0e\x0b\x0b\x10\x16\x10\x11\x13\x14\x15\x15\x15\x0c\x0f\x17\
\x18\x16\x14\x18\x12\x14\x15\x14\xff\xdb\x00\x43\x01\x03\x04\x04\
\x05\x04\x05\x09\x05\x05\x09\x14\x0d\x0b\x0d\x14\x14\x14\x14\x14\
\x14\x14\x14\x14\x14\x14\x14\x14\x14\x14\x14\x14\x14\x14\x14\x14\
\x14\x14\x14\x14\x14\x14\x14\x14\x14\x14\x14\x14\x14\x14\x14\x14\
\x14\x14\x14\x14\x14\x14\x14\x14\x14\x14\x14\x14\x14\xff\xc0\x00\
\x11\x08\x00\x58\x00\x54\x03\x01\x22\x00\x02\x11\x01\x03\x11\x01\
\xff\xc4\x00\x1f\x00\x00\x01\x05\x01\x01\x01\x01\x01\x01\x00\x00\
\x00\x00\x00\x00\x00\x00\x01\x02\x03\x04\x05\x06\x07\x08\x09\x0a\
\x0b\xff\xc4\x00\xb5\x10\x00\x02\x01\x03\x03\x02\x04\x03\x05\x05\
\x04\x04\x00\x00\x01\x7d\x01\x02\x03\x00\x04\x11\x05\x12\x21\x31\
\x41\x06\x13\x51\x61\x07\x22\x71\x14\x32\x81\x91\xa1\x08\x23\x42\
\xb1\xc1\x15\x52\xd1\xf0\x24\x33\x62\x72\x82\x09\x0a\x16\x17\x18\
\x19\x1a\x25\x26\x27\x28\x29\x2a\x34\x35\x36\x37\x38\x39\x3a\x43\
\x44\x45\x46\x47\x48\x49\x4a\x53\x54\x55\x56\x57\x58\x59\x5a\x63\
\x64\x65\x66\x67\x68\x69\x6a\x73\x74\x75\x76\x77\x78\x79\x7a\x83\
\x84\x85\x86\x87\x88\x89\x8a\x92\x93\x94\x95\x96\x97\x98\x99\x9a\
\xa2\xa3\xa4\xa5\xa6\xa7\xa8\xa9\xaa\xb2\xb3\xb4\xb5\xb6\xb7\xb8\
\xb9\xba\xc2\xc3\xc4\xc5\xc6\xc7\xc8\xc9\xca\xd2\xd3\xd4\xd5\xd6\
\xd7\xd8\xd9\xda\xe1\xe2\xe3\xe4\xe5\xe6\xe7\xe8\xe9\xea\xf1\xf2\
\xf3\xf4\xf5\xf6\xf7\xf8\xf9\xfa\xff\xc4\x00\x1f\x01\x00\x03\x01\
\x01\x01\x01\x01\x01\x01\x01\x01\x00\x00\x00\x00\x00\x00\x01\x02\
\x03\x04\x05\x06\x07\x08\x09\x0a\x0b\xff\xc4\x00\xb5\x11\x00\x02\
\x01\x02\x04\x04\x03\x04\x07\x05\x04\x04\x00\x01\x02\x77\x00\x01\
\x02\x03\x11\x04\x05\x21\x31\x06\x12\x41\x51\x07\x61\x71\x13\x22\
\x32\x81\x08\x14\x42\x91\xa1\xb1\xc1\x09\x23\x33\x52\xf0\x15\x62\
\x72\xd1\x0a\x16\x24\x34\xe1\x25\xf1\x17\x18\x19\x1a\x26\x27\x28\
\x29\x2a\x35\x36\x37\x38\x39\x3a\x43\x44\x45\x46\x47\x48\x49\x4a\
\x53\x54\x55\x56\x57\x58\x59\x5a\x63\x64\x65\x66\x67\x68\x69\x6a\
\x73\x74\x75\x76\x77\x78\x79\x7a\x82\x83\x84\x85\x86\x87\x88\x89\
\x8a\x92\x93\x94\x95\x96\x97\x98\x99\x9a\xa2\xa3\xa4\xa5\xa6\xa7\
\xa8\xa9\xaa\xb2\xb3\xb4\xb5\xb6\xb7\xb8\xb9\xba\xc2\xc3\xc4\xc5\
\xc6\xc7\xc8\xc9\xca\xd2\xd3\xd4\xd5\xd6\xd7\xd8\xd9\xda\xe2\xe3\
\xe4\xe5\xe6\xe7\xe8\xe9\xea\xf2\xf3\xf4\xf5\xf6\xf7\xf8\xf9\xfa\
\xff\xda\x00\x0c\x03\x01\x00\x02\x11\x03\x11\x00\x3f\x00\xfd\x53\
\xa2\x8a\x28\x00\xa2\x8a\x28\x00\xa2\x8a\x28\x00\xa2\xb3\xf5\x8f\
\x10\x69\x7e\x1e\x85\x25\xd5\x75\x2b\x3d\x32\x27\x38\x57\xbc\x9d\
\x22\x56\x3e\x80\xb1\x1e\xb5\x91\xff\x00\x0b\x43\xc1\xbf\xf4\x36\
\xe8\x5f\xf8\x32\x87\xff\x00\x8a\xae\x6a\x98\xaa\x14\xa5\xcb\x52\
\xa2\x4f\xcd\xa4\x75\x53\xc2\xe2\x2a\xc7\x9a\x9d\x36\xd7\x92\x6c\
\xe9\xe8\xae\x72\xdf\xe2\x47\x84\xae\xe6\x48\x60\xf1\x46\x8b\x34\
\xce\x70\xb1\xc7\xa8\x42\xcc\xc7\xd0\x00\xdc\xd7\x47\x57\x4e\xb5\
\x2a\xc9\xba\x52\x52\xb7\x67\x73\x3a\x94\x6a\xd1\x69\x55\x8b\x8d\
\xfb\xab\x05\x14\x51\x5b\x18\x85\x45\x71\x75\x0d\x9c\x7e\x64\xd2\
\x2c\x49\xd3\x73\x1c\x54\xb5\xcb\x78\xeb\x3b\x2c\x87\x6c\xbf\xf4\
\xa0\x0d\x3f\xf8\x4a\x74\xbf\xf9\xfa\xff\x00\xc8\x6d\xfe\x14\x7f\
\xc2\x53\xa5\xff\x00\xcf\xd7\xfe\x43\x6f\xf0\xae\x03\x69\xa3\x69\
\xa0\x0e\xff\x00\xfe\x12\x9d\x2f\xfe\x7e\xbf\xf2\x1b\x7f\x85\x5c\
\xb2\xd4\xad\xb5\x05\x26\xde\x65\x93\x1d\x47\x42\x3f\x03\x5e\x69\
\xb4\xd6\xff\x00\x82\xbf\xe4\x2d\x2f\xfd\x70\x3f\xfa\x12\xd0\x07\
\xcf\xff\x00\xb5\xb4\x26\x6f\x89\x1a\x68\x27\x2a\xba\x4c\x78\x53\
\xd0\x13\x34\xd9\x3f\xa0\xfc\xab\xc4\xfe\xc4\x3f\xba\x2b\xd9\x7f\
\x6b\xa7\x64\xf8\x9d\xa7\x15\x24\x7f\xc4\x9e\x2e\x9f\xf5\xda\x7a\
\xf1\x51\x79\x30\xff\x00\x96\x86\xbf\x93\xf8\xa5\x4b\xfb\x6b\x13\
\x67\xf6\xbf\x44\x7f\x55\xf0\xcc\x65\xfd\x8d\x86\xb3\xfb\x24\xbf\
\x61\x07\xaa\x8f\xca\xbe\xff\x00\xf8\x6f\x23\xcd\xf0\xef\xc2\xcf\
\x2b\xb4\x92\x36\x95\x6a\xcc\xec\x72\x58\x98\x57\x24\x9f\x5a\xfc\
\xfa\x6b\xa9\x5b\xac\x87\xf9\x57\xe8\x0f\xc2\xff\x00\xf9\x26\x7e\
\x11\xff\x00\xb0\x45\xa7\xfe\x89\x4a\xfb\x6f\x0d\xf9\x96\x2b\x11\
\x77\xf6\x57\xe6\x7c\x57\x88\x91\x6b\x0b\x87\x72\xfe\x67\xf9\x1d\
\x3d\x14\x51\x5f\xbd\x1f\x84\x85\x72\xde\x38\x6d\xab\x64\x31\x9e\
\x5f\xfa\x57\x53\x5c\xa7\x8e\xbf\xe5\xc7\xfe\x07\xff\x00\xb2\xd0\
\x07\x32\x1d\x7e\x94\xbb\x93\xd6\xa1\xa2\x80\x25\x2e\xbf\x5a\xdd\
\xf0\x5b\x6e\xd5\x65\xe3\x1f\xb9\x3f\xfa\x12\xd5\xeb\x5f\x04\xdb\
\x9b\x74\x37\x12\xcb\xe7\x11\x96\x11\x90\x00\xf6\xe8\x6b\x3f\xc4\
\x9f\xf1\x41\xd8\xc7\xa8\x58\x7e\xfa\x69\x24\x10\x32\xdc\xfc\xcb\
\xb4\x82\xd9\x18\xc7\x39\x51\x5c\x78\xcc\x55\x3c\x0d\x09\xe2\x6b\
\x7c\x31\x57\x66\xd4\x69\x4a\xbd\x45\x4e\x1b\xb3\xcb\xff\x00\x68\
\xef\x83\x7e\x27\xf1\xe7\x8a\xac\x35\x8d\x06\xd6\x2b\xf8\x92\xc9\
\x6d\x24\x87\xcf\x48\xdd\x59\x64\x76\xdd\xf3\x90\x08\x22\x4f\x5c\
\xf0\x6b\xc8\xff\x00\xe1\x9b\xbe\x23\x7f\xd0\xbb\xff\x00\x93\xd6\
\xdf\xfc\x72\xbe\x87\xff\x00\x85\xb5\xac\x7f\xcf\xb5\x8f\xfd\xf0\
\xff\x00\xfc\x5d\x28\xf8\xb7\xab\xe4\x66\xd6\xc8\x8f\xf7\x1f\xff\
\x00\x8a\xaf\xc3\x33\x09\xf0\xb6\x65\x8a\x9e\x2e\xad\x5a\xaa\x53\
\x77\x76\x4a\xdf\x8c\x5b\x3f\x5a\xcb\xf3\xac\xfb\x2d\xc2\xc3\x09\
\x4a\x9d\x37\x18\x2b\x2b\xde\xff\x00\x84\x97\xe4\x7c\xf5\x0f\xec\
\xd5\xf1\x12\x59\x91\x1b\x42\x58\x55\x8e\x0c\x8f\x7b\x01\x55\xf7\
\x38\x72\x7f\x21\x5f\x64\xf8\x47\x45\x7f\x0e\x78\x53\x45\xd2\x65\
\x91\x66\x92\xc2\xca\x1b\x56\x91\x46\x03\x14\x8d\x54\x91\xec\x71\
\x52\xf8\x7f\x57\x5d\x7b\x47\xb5\xbf\x44\xf2\xc4\xcb\x92\xbe\x84\
\x12\x08\xfc\xc1\xad\x1a\xfd\x3b\x87\xf2\x0c\x06\x53\x17\x89\xc0\
\xce\x52\x55\x12\xd6\x4d\x6d\xba\xb5\x92\xdc\xf8\xec\xfb\x88\xb1\
\xd9\xd7\x2d\x1c\x5c\x63\x1e\x46\xf4\x8a\x7b\xed\xad\xdb\x0a\x28\
\xa2\xbe\xc4\xf9\x00\xae\x67\xc6\xd6\xb2\xcb\x05\xb4\xc8\x8c\xc9\
\x19\x6d\xe5\x46\x71\x9c\x73\xfa\x57\x4d\x45\x00\x79\x4d\x15\xea\
\xd4\x50\x01\x5c\x2f\xc5\x6b\xa8\x64\xd2\x6d\x6d\x44\xaa\x6e\x3e\
\xd2\xae\x63\x07\xe6\x0a\x11\xb9\x23\xb7\x51\xf9\xd7\x95\x45\x2b\
\x20\xe0\xf7\x3d\x47\xbd\x4c\xb7\x6c\xbf\xc2\xb5\xf8\x4e\x65\xc6\
\xeb\x32\xc1\xcf\x0b\xec\x39\x39\xd5\xaf\xcd\x7f\xfd\xb5\x1f\x79\
\x86\xc8\xfe\xad\x5a\x35\x7d\xa5\xed\xe5\x6f\xd5\x8b\xe4\xd1\xe4\
\x7b\x52\x1b\xc6\xec\xaa\x2a\x36\x9d\xdf\xab\x71\xed\x5f\x9b\x39\
\x52\x5b\x1f\x4b\xef\x1e\xd3\xf0\xe8\x6d\xf0\x6e\x9e\x3f\xeb\xa7\
\xfe\x8c\x6a\xe9\x2b\x9a\xf8\x6f\xff\x00\x22\x5e\x9d\xf4\x93\xff\
\x00\x46\x35\x74\xb5\xfd\x4b\x92\xff\x00\xc8\xaf\x0b\xff\x00\x5e\
\xe1\xff\x00\xa4\xa3\xf2\xbc\x6f\xfb\xd5\x5f\xf1\x3f\xcd\x85\x14\
\x51\x5e\xd1\xc4\x14\x51\x45\x00\x14\x51\x45\x00\x7c\xda\xbd\x3f\
\x13\xfc\xe9\xd5\xea\x1a\x87\xc2\x3b\x7b\x9b\xc9\xa5\xb7\xbf\x36\
\xb1\x3b\x16\x10\xf9\x21\x82\xe7\xb0\x3b\x87\x15\x5f\xfe\x14\xe8\
\xff\x00\xa0\xb9\xff\x00\xc0\x6f\xfe\xce\xbf\x9a\xa5\xc1\x99\xdc\
\x64\xe2\xa8\xdd\x2e\xbc\xd1\xd7\xef\x77\x3f\x4b\x59\xce\x09\xab\
\xb9\xdb\xe4\xff\x00\xc8\xf3\x7a\x2b\xd2\x3f\xe1\x4e\x8f\xfa\x0b\
\x9f\xfc\x06\xff\x00\xec\xe8\xff\x00\x85\x3a\x3f\xe8\x2e\x7f\xf0\
\x1b\xff\x00\xb2\xa9\xff\x00\x53\xb3\xcf\xf9\xf1\xff\x00\x93\x43\
\xff\x00\x92\x1f\xf6\xc6\x07\xfe\x7e\x7e\x0f\xfc\x8e\x8f\xe1\xbf\
\xfc\x89\x7a\x77\xd2\x4f\xfd\x18\xd5\xd2\xd5\x3d\x23\x4b\x87\x45\
\xd3\x6d\xec\xa0\xcf\x95\x0a\xed\x05\xba\x9e\xe4\x9f\xa9\x26\xae\
\x57\xf4\x36\x5b\x87\x9e\x17\x05\x43\x0f\x53\xe2\x84\x22\x9f\xaa\
\x49\x33\xf3\xcc\x4d\x45\x56\xbc\xea\x47\x66\xdb\xfb\xd8\x51\x45\
\x15\xe8\x9c\xc1\x45\x14\x50\x01\x45\x14\x50\x01\x45\x14\x50\x01\
\x45\x14\x50\x01\x45\x14\x50\x01\x45\x14\x50\x07\xff\xd9\
\x00\x00\x12\x1e\
\xff\
\xd8\xff\xe0\x00\x10\x4a\x46\x49\x46\x00\x01\x01\x01\x00\x48\x00\
\x48\x00\x00\xff\xdb\x00\x43\x00\x03\x02\x02\x03\x02\x02\x03\x03\
\x03\x03\x04\x03\x03\x04\x05\x08\x05\x05\x04\x04\x05\x0a\x07\x07\
\x06\x08\x0c\x0a\x0c\x0c\x0b\x0a\x0b\x0b\x0d\x0e\x12\x10\x0d\x0e\
\x11\x0e\x0b\x0b\x10\x16\x10\x11\x13\x14\x15\x15\x15\x0c\x0f\x17\
\x18\x16\x14\x18\x12\x14\x15\x14\xff\xdb\x00\x43\x01\x03\x04\x04\
\x05\x04\x05\x09\x05\x05\x09\x14\x0d\x0b\x0d\x14\x14\x14\x14\x14\
\x14\x14\x14\x14\x14\x14\x14\x14\x14\x14\x14\x14\x14\x14\x14\x14\
\x14\x14\x14\x14\x14\x14\x14\x14\x14\x14\x14\x14\x14\x14\x14\x14\
\x14\x14\x14\x14\x14\x14\x14\x14\x14\x14\x14\x14\x14\xff\xc0\x00\
\x11\x08\x00\x80\x00\x80\x03\x01\x22\x00\x02\x11\x01\x03\x11\x01\
\xff\xc4\x00\x1f\x00\x00\x01\x05\x01\x01\x01\x01\x01\x01\x00\x00\
\x00\x00\x00\x00\x00\x00\x01\x02\x03\x04\x05\x06\x07\x08\x09\x0a\
\x0b\xff\xc4\x00\xb5\x10\x00\x02\x01\x03\x03\x02\x04\x03\x05\x05\
\x04\x04\x00\x00\x01\x7d\x01\x02\x03\x00\x04\x11\x05\x12\x21\x31\
\x41\x06\x13\x51\x61\x07\x22\x71\x14\x32\x81\x91\xa1\x08\x23\x42\
\xb1\xc1\x15\x52\xd1\xf0\x24\x33\x62\x72\x82\x09\x0a\x16\x17\x18\
\x19\x1a\x25\x26\x27\x28\x29\x2a\x34\x35\x36\x37\x38\x39\x3a\x43\
\x44\x45\x46\x47\x48\x49\x4a\x53\x54\x55\x56\x57\x58\x59\x5a\x63\
\x64\x65\x66\x67\x68\x69\x6a\x73\x74\x75\x76\x77\x78\x79\x7a\x83\
\x84\x85\x86\x87\x88\x89\x8a\x92\x93\x94\x95\x96\x97\x98\x99\x9a\
\xa2\xa3\xa4\xa5\xa6\xa7\xa8\xa9\xaa\xb2\xb3\xb4\xb5\xb6\xb7\xb8\
\xb9\xba\xc2\xc3\xc4\xc5\xc6\xc7\xc8\xc9\xca\xd2\xd3\xd4\xd5\xd6\
\xd7\xd8\xd9\xda\xe1\xe2\xe3\xe4\xe5\xe6\xe7\xe8\xe9\xea\xf1\xf2\
\xf3\xf4\xf5\xf6\xf7\xf8\xf9\xfa\xff\xc4\x00\x1f\x01\x00\x03\x01\
\x01\x01\x01\x01\x01\x01\x01\x01\x00\x00\x00\x00\x00\x00\x01\x02\
\x03\x04\x05\x06\x07\x08\x09\x0a\x0b\xff\xc4\x00\xb5\x11\x00\x02\
\x01\x02\x04\x04\x03\x04\x07\x05\x04\x04\x00\x01\x02\x77\x00\x01\
\x02\x03\x11\x04\x05\x21\x31\x06\x12\x41\x51\x07\x61\x71\x13\x22\
\x32\x81\x08\x14\x42\x91\xa1\xb1\xc1\x09\x23\x33\x52\xf0\x15\x62\
\x72\xd1\x0a\x16\x24\x34\xe1\x25\xf1\x17\x18\x19\x1a\x26\x27\x28\
\x29\x2a\x35\x36\x37\x38\x39\x3a\x43\x44\x45\x46\x47\x48\x49\x4a\
\x53\x54\x55\x56\x57\x58\x59\x5a\x63\x64\x65\x66\x67\x68\x69\x6a\
\x73\x74\x75\x76\x77\x78\x79\x7a\x82\x83\x84\x85\x86\x87\x88\x89\
\x8a\x92\x93\x94\x95\x96\x97\x98\x99\x9a\xa2\xa3\xa4\xa5\xa6\xa7\
\xa8\xa9\xaa\xb2\xb3\xb4\xb5\xb6\xb7\xb8\xb9\xba\xc2\xc3\xc4\xc5\
\xc6\xc7\xc8\xc9\xca\xd2\xd3\xd4\xd5\xd6\xd7\xd8\xd9\xda\xe2\xe3\
\xe4\xe5\xe6\xe7\xe8\xe9\xea\xf2\xf3\xf4\xf5\xf6\xf7\xf8\xf9\xfa\
\xff\xda\x00\x0c\x03\x01\x00\x02\x11\x03\x11\x00\x3f\x00\xfd\x53\
\xa2\x8a\x28\x00\xa2\xa9\x6b\x3a\xcd\x8f\x87\x74\xbb\x9d\x4b\x53\
\xba\x8a\xca\xc6\xd9\x0c\x92\xcf\x33\x6d\x54\x1f\xe7\xb7\x73\x5f\
\x18\xfc\x69\xfd\xae\xf5\x4f\x15\x3d\xc6\x93\xe0\xf6\x97\x47\xd1\
\xf9\x47\xbe\xfb\xb7\x37\x03\xd5\x4f\xfc\xb3\x53\xed\xf3\x7b\x8e\
\x95\xed\xe5\x79\x3e\x2b\x36\xa9\xcb\x41\x7b\xab\x79\x3d\x97\xfc\
\x1f\x23\xc9\xcc\x33\x3c\x3e\x5d\x0e\x6a\xaf\x57\xb2\x5b\xbf\xeb\
\xb9\xf4\xb7\xc4\x8f\x8f\x9e\x0d\xf8\x60\x24\x87\x53\xd4\x85\xce\
\xa4\xa3\x8d\x3a\xc4\x09\x67\xcf\xfb\x43\x38\x4f\xf8\x11\x15\xf3\
\x77\x8c\xff\x00\x6d\xdf\x12\x6a\x6e\xf1\x78\x73\x4b\xb4\xd1\x6d\
\xff\x00\x86\x6b\x8f\xf4\x89\xbe\xbc\xe1\x47\xd3\x07\xeb\x5f\x37\
\x48\xed\x2b\xb3\xbb\x17\x76\x24\xb3\x31\xc9\x27\xd4\xd2\x57\xeb\
\x98\x0e\x13\xcb\xf0\x89\x3a\xab\xda\x4b\xbb\xdb\xee\xdb\xef\xb9\
\xf9\xb6\x33\x88\xf1\xb8\x96\xd5\x37\xc9\x1f\x2d\xfe\xff\x00\xf2\
\xb1\xda\xeb\xbf\x1a\xbc\x77\xe2\x46\x26\xff\x00\xc5\x7a\xa3\xa9\
\x39\x31\xc5\x70\x61\x4f\xfb\xe5\x30\x3f\x4a\xe5\x2e\x35\x6b\xeb\
\xb6\x2d\x3d\xed\xc4\xcc\x7b\xc9\x2b\x31\xfd\x4d\x55\xa2\xbe\xb2\
\x9e\x1e\x8d\x15\x6a\x70\x51\x5e\x49\x23\xe7\x27\x5a\xad\x57\x7a\
\x92\x6f\xd5\xdc\xb5\x6f\xab\x5f\x5a\x30\x68\x2f\x6e\x21\x61\xde\
\x39\x59\x4f\xe8\x6b\xab\xd0\xbe\x35\x78\xef\xc3\x6c\x0d\x87\x8a\
\xf5\x44\x50\x72\x23\x96\xe0\xcc\x9f\xf7\xcb\xe4\x7e\x95\xc5\x51\
\x45\x4c\x3d\x1a\xca\xd5\x20\xa4\xbc\xd2\x61\x0a\xd5\x69\x3b\xd3\
\x93\x5e\x8e\xc7\xd2\x5e\x0c\xfd\xb7\x7c\x49\xa6\x3a\x45\xe2\x3d\
\x2e\xd3\x5a\xb7\xfe\x29\xad\xff\x00\xd1\xe6\xfa\xf1\x95\x3f\x4c\
\x0f\xad\x7d\x23\xf0\xdf\xe3\xe7\x83\x7e\x27\x88\xe1\xd3\x35\x21\
\x6d\xa9\x30\xe7\x4e\xbe\x02\x29\xf3\xfe\xc8\xce\x1f\xfe\x02\x4d\
\x7e\x6e\x52\xa3\xb4\x4e\xae\x8c\x51\xd4\xe5\x59\x4e\x08\x3e\xa2\
\xbe\x4f\x1f\xc2\x79\x7e\x2d\x37\x49\x7b\x39\x77\x5b\x7d\xdb\x7d\
\xd6\x3e\x8f\x07\xc4\x78\xdc\x33\x4a\xa3\xe7\x8f\x9e\xff\x00\x7f\
\xf9\xdc\xfd\x67\xa2\xbe\x24\xf8\x2d\xfb\x5d\xea\x9e\x15\x7b\x7d\
\x27\xc6\x0d\x2e\xb1\xa3\xf0\x89\x7d\xf7\xae\x6d\xc7\xab\x1f\xf9\
\x68\xa3\xdf\xe6\xf7\x3d\x2b\xec\xed\x1b\x59\xb1\xf1\x16\x97\x6d\
\xa9\x69\x97\x51\x5e\xd8\xdc\xa0\x92\x29\xe1\x6d\xca\xe3\xfc\xf6\
\xec\x6b\xf2\x3c\xd3\x27\xc5\x65\x35\x39\x6b\xaf\x75\xed\x25\xb3\
\xff\x00\x83\xe4\x7e\x93\x97\xe6\x78\x7c\xc6\x1c\xd4\x9e\xab\x74\
\xf7\x5f\xd7\x72\xed\x14\x51\x5e\x21\xeb\x05\x52\xd6\xb5\x9b\x2f\
\x0f\x69\x57\x5a\x9e\xa5\x73\x1d\x9d\x8d\xac\x66\x59\xa7\x90\xe1\
\x51\x47\x7f\xfe\xb7\x53\x57\x6b\xe2\x5f\xda\xef\xe3\x4b\xf8\xa7\
\x5f\x7f\x07\x69\x33\xff\x00\xc4\x9f\x4c\x93\xfd\x31\xe3\x3c\x5c\
\x5c\x8e\xaa\x7d\x55\x3a\x63\xfb\xd9\xf4\x06\xbd\xbc\x9f\x2b\xa9\
\x9b\x62\x95\x08\xe9\x1d\xe4\xfb\x2f\xf3\xec\x79\x39\x9e\x61\x0c\
\xbb\x0e\xea\xcb\x57\xb2\x5d\xdf\xf5\xb9\xc3\xfc\x78\xf8\xf3\xa9\
\x7c\x60\xd6\x9a\x18\x8c\x96\x5e\x1b\xb6\x73\xf6\x4b\x1c\xe0\xbf\
\x6f\x36\x4c\x75\x73\xd8\x74\x50\x70\x3b\x93\xe5\x34\x51\x5f\xd0\
\xb8\x5c\x2d\x1c\x1d\x18\xd0\xa1\x1b\x45\x7f\x5f\x79\xf8\xae\x23\
\x11\x53\x15\x51\xd6\xac\xef\x26\x14\x51\x45\x75\x9c\xe1\x45\x14\
\x50\x01\x45\x15\x67\x4d\xd3\x2f\x35\x8b\xd8\xac\xec\x2d\x27\xbe\
\xbb\x94\xe2\x38\x2d\xa3\x32\x48\xe7\xd9\x40\x24\xd2\x6d\x45\x5d\
\x8d\x26\xdd\x91\x5a\x8a\xb5\xaa\x69\x37\xda\x1d\xec\x96\x7a\x8d\
\x95\xc6\x9f\x77\x1f\xdf\xb7\xba\x89\xa3\x91\x7e\xaa\xc0\x11\x55\
\x69\x26\xa4\xae\xb6\x06\x9a\x76\x61\x5e\xad\xf0\x1f\xe3\xce\xa5\
\xf0\x7f\x5a\x58\x65\x32\x5e\xf8\x6e\xe5\xc7\xda\xec\x73\x92\x9d\
\xbc\xd8\xf3\xd1\xc7\x71\xd1\x80\xc1\xec\x47\x94\xd1\x5c\xd8\xac\
\x2d\x1c\x65\x19\x50\xaf\x1b\xc5\xff\x00\x5f\x79\xbe\x1f\x11\x53\
\x0b\x51\x56\xa2\xed\x24\x7e\xad\xe8\xda\xcd\x97\x88\x74\xab\x5d\
\x4f\x4d\xb9\x8e\xf2\xc6\xea\x31\x2c\x33\xc6\x72\xae\xa7\xbf\xff\
\x00\x5b\xa8\xab\xb5\xf1\x2f\xec\x89\xf1\xa5\xfc\x2d\xaf\xa7\x83\
\xb5\x69\xff\x00\xe2\x4f\xa9\xc9\xfe\x86\xf2\x1e\x2d\xee\x4f\x45\
\x1e\x8a\xfd\x31\xfd\xec\x7a\x93\x5f\x6d\x57\xf3\xd6\x71\x95\xd4\
\xca\x71\x4e\x84\xb5\x8e\xf1\x7d\xd7\xf9\xf7\x3f\x6a\xcb\x33\x08\
\x66\x38\x75\x5a\x3a\x3d\x9a\xec\xff\x00\xad\x8f\x3a\xf8\xfb\xf1\
\x23\xfe\x15\x87\xc3\x4d\x4b\x54\x85\xc2\x6a\x53\x8f\xb2\x58\x8e\
\xfe\x73\x83\x86\xff\x00\x80\x80\xcd\xff\x00\x01\xc7\x7a\xfc\xdd\
\x77\x69\x1d\x9d\xd8\xbb\xb1\xc9\x66\x39\x24\xfa\x9a\xfa\x47\xf6\
\xdd\xf1\x9b\x6a\x7e\x37\xd2\xfc\x39\x13\xff\x00\xa3\xe9\x76\xde\
\x7c\xaa\x0f\xfc\xb6\x97\x9e\x7e\x88\xa9\x8f\xf7\x8d\x7c\xdb\x5f\
\xae\x70\x9e\x01\x61\x32\xf5\x55\xaf\x7a\xa6\xaf\xd3\xa7\xe1\xaf\
\xcc\xfc\xdb\x88\xf1\x8f\x13\x8d\x74\xd3\xf7\x61\xa7\xcf\xaf\xf9\
\x7c\x82\x8a\x28\xaf\xb4\x3e\x58\x28\xa2\x8a\x00\x28\xa2\x8a\x00\
\x2b\xed\xff\x00\xd8\xf7\xe1\x28\xf0\xaf\x85\x1f\xc5\x7a\x8c\x1b\
\x75\x4d\x61\x07\xd9\xc3\x8f\x9a\x2b\x5e\xa3\xe9\xbc\xfc\xdf\x40\
\x9e\xf5\xf3\x57\xec\xff\x00\xf0\xad\xfe\x2b\x7c\x41\xb4\xb1\x99\
\x18\xe9\x16\x98\xba\xd4\x1c\x70\x3c\xb0\x78\x4c\xfa\xb9\xc2\xfd\
\x32\x7b\x57\xdd\x5f\x15\xfe\x21\xe9\xff\x00\x08\x3e\x1d\xea\x3a\
\xfd\xc2\x46\x12\xd2\x21\x1d\xa5\xa8\xf9\x44\xb3\x11\x88\xe3\x00\
\x76\xcf\x5c\x74\x50\x4f\x6a\xfc\xd7\x8b\x73\x19\xcb\x93\x2b\xc3\
\xeb\x29\xda\xfe\x9d\x17\xcd\xea\xfc\xbd\x4f\xba\xe1\xbc\x14\x57\
\x36\x61\x5f\x48\xc6\xf6\xfd\x5f\xcb\xfa\xd8\xf9\x27\xf6\xef\xf1\
\xa6\x97\x71\xf1\x0f\x42\xd2\xac\x95\x25\xd4\x74\xcb\x47\x1a\x84\
\x8b\xd7\x12\x15\x68\xe3\x27\xd5\x40\x66\xff\x00\xb6\xb5\xf3\xec\
\x33\x25\xc4\x61\xd0\xe5\x4d\x60\xeb\xda\xe5\xef\x89\xb5\xab\xed\
\x5b\x52\x9d\xae\x6f\xef\x66\x79\xe7\x95\xba\xb3\xb1\xc9\x3f\xaf\
\x4a\x8a\xc6\xf9\xec\xa4\xc8\xe5\x0f\xde\x5f\x5a\xfa\x8c\xaa\x97\
\xf6\x7e\x16\x9e\x19\xbb\xa8\xaf\xc7\x77\xf2\xb9\xf3\xd9\x85\x5f\
\xae\xe2\x27\x5d\x2b\x5d\xff\x00\xc3\x1d\x3d\x15\x1c\x33\x25\xc4\
\x61\xd0\xe5\x4d\x49\x5f\x43\xb9\xe3\x0a\x8e\xd1\xba\xba\x31\x47\
\x53\x90\xca\x70\x41\xf5\xaf\xd2\x2f\x80\x5f\x12\x3f\xe1\x67\xfc\
\x34\xd3\x75\x49\x9c\x3e\xa5\x00\xfb\x25\xf0\xef\xe7\x20\x19\x6f\
\xf8\x10\x2a\xdf\xf0\x2c\x76\xaf\xcd\xca\xfa\x4b\xf6\x22\xf1\x9b\
\x69\x9e\x37\xd5\x3c\x39\x2b\xff\x00\xa3\xea\x96\xde\x7c\x4a\x4f\
\xfc\xb6\x8b\x9e\x3e\xa8\xcf\x9f\xf7\x45\x7c\x67\x16\x60\x16\x2f\
\x2f\x75\x52\xf7\xa9\xea\xbd\x3a\xfe\x1a\xfc\x8f\xa9\xe1\xcc\x63\
\xc3\x63\x55\x36\xfd\xd9\xe9\xf3\xe9\xfe\x5f\x33\xc8\xbe\x35\x6b\
\xa7\xc4\x9f\x16\x7c\x59\x7e\x49\x65\x6d\x42\x58\xd0\x9f\xee\x21\
\xf2\xd7\xff\x00\x1d\x51\x5c\x55\x5a\xd5\xae\x0d\xde\xab\x7b\x3b\
\x1c\xb4\xb3\x3b\x93\xf5\x62\x6a\xad\x7d\x66\x1e\x9a\xa3\x46\x14\
\xd6\xd1\x49\x7d\xc8\xf9\xca\xd3\x75\x6a\xca\xa3\xea\xdb\xfb\xc2\
\x8a\x28\xae\x83\x10\xa2\x8a\xbf\xa0\x68\x37\xfe\x28\xd6\x6d\x34\
\xad\x2e\xd5\xef\x2f\xee\xe4\x11\xc3\x0c\x63\x96\x27\xf9\x01\xd4\
\x93\xc0\x00\x93\x53\x29\x28\x27\x29\x3b\x24\x34\x9c\x9a\x8c\x55\
\xdb\x28\x57\x67\x65\xf0\x6b\xc6\xba\x97\x84\x97\xc4\xd6\x9e\x1d\
\xbc\xb9\xd1\x5f\x25\x67\x88\x2b\x33\x00\x70\x58\x46\x0e\xf2\xbc\
\x1f\x9b\x6e\x3d\xeb\xeb\x7f\x85\x9f\xb2\x1f\x85\xfc\x2b\xa7\xc3\
\x71\xe2\x68\x13\xc4\x5a\xcb\x28\x32\x2c\x84\xfd\x9a\x23\xfd\xd5\
\x4e\x37\x7d\x5b\x39\xf4\x15\xee\xba\x76\x9d\x6b\xa4\x58\xc1\x65\
\x63\x6d\x15\xa5\xa4\x08\x23\x8a\x08\x10\x22\x22\x8e\x80\x01\xc0\
\x15\xf9\xae\x61\xc6\x74\xa9\x4f\x93\x05\x0e\x6b\x3d\x5b\xd1\x35\
\xe5\xad\xfe\x6f\xee\x3e\xef\x05\xc2\xd5\x2a\x47\x9b\x17\x2e\x5b\
\xad\x12\xdd\x3f\x3e\x9f\x25\xf7\x9e\x6d\xfb\x3a\x7c\x29\x5f\x85\
\x7f\x0f\xad\xe0\xb9\x88\x2e\xb5\xa8\x62\xea\xfd\xbb\xab\x11\xf2\
\xc7\xf4\x40\x71\xf5\x2c\x7b\xd7\xc8\x7f\xb6\x87\xc6\x5f\xf8\x4f\
\xfc\x7b\xff\x00\x08\xe6\x9d\x3e\xfd\x0f\x40\x76\x88\x94\x3f\x2c\
\xd7\x5d\x24\x7f\x70\xbf\x70\x7d\x18\x8e\x1a\xbe\xfa\xf1\x46\x9f\
\x7f\xab\x78\x73\x53\xb1\xd3\x35\x0f\xec\xad\x42\xe6\xdd\xe2\x82\
\xfb\xcb\xf3\x3c\x87\x65\x20\x38\x5c\x8c\x91\x9c\xf5\xaf\xc9\xff\
\x00\x88\xfe\x05\xd4\xbe\x1a\xf8\xdb\x55\xf0\xde\xac\xf1\xcb\x7f\
\x63\x20\x0f\x24\x2c\x59\x24\x0c\xa1\xd5\x81\x3c\xf2\xac\xa7\x9e\
\x79\xaf\x13\x87\x5c\x73\x0c\x7d\x5c\x6e\x22\x57\xa9\xba\x5e\xbb\
\xbf\x45\xb2\xff\x00\x86\x3d\x5c\xf1\x4b\x05\x83\xa7\x85\xa3\x1b\
\x43\x66\xfd\x3a\x7c\xf7\x67\x37\x45\x14\x57\xe9\x87\xc0\x96\x6c\
\x6f\x9e\xca\x4c\x8e\x50\xfd\xe5\xf5\xae\x8e\x19\x92\xe2\x30\xe8\
\x72\xa6\xb9\x3a\xb3\x63\x7c\xf6\x52\x64\x72\x87\xef\x2f\xad\x74\
\xd2\xab\xc9\xa3\xd8\xc2\xa5\x3e\x6d\x56\xe7\x4f\x5d\xaf\xc1\x5d\
\x74\xf8\x6f\xe2\xcf\x85\x2f\xc1\x2a\xab\xa8\x45\x1b\x91\xfd\xc7\
\x3e\x5b\x7f\xe3\xac\x6b\x86\x86\x64\xb8\x8c\x3a\x1c\xa9\xab\xda\
\x4d\xc1\xb4\xd5\x6c\xa7\x53\x86\x8a\x64\x70\x7e\x8c\x0d\x75\x57\
\xa6\xab\xd1\x9d\x37\xb4\x93\x5f\x7a\x31\xa3\x37\x4a\xac\x66\xb7\
\x4d\x3f\xb9\x86\xad\x6e\x6d\x35\x5b\xd8\x18\x61\xa2\x99\xd0\x8f\
\xa3\x11\x55\x6b\xb5\xf8\xd5\xa1\x1f\x0d\xfc\x59\xf1\x65\x81\x05\
\x55\x75\x09\x64\x40\x7f\xb8\xe7\xcc\x5f\xfc\x75\x85\x71\x54\x61\
\xea\x2a\xd4\x61\x51\x6d\x24\x9f\xde\x82\xb4\x1d\x2a\xb2\xa6\xfa\
\x36\xbe\xe0\xa2\x8a\x2b\xa0\xc4\x2b\xed\xbf\xd8\xff\x00\xe0\xfa\
\x78\x63\xc3\x43\xc6\x1a\x9d\xbf\xfc\x4d\xb5\x54\xff\x00\x44\x0e\
\x39\x82\xd8\xf4\x23\xd0\xbf\x5c\xff\x00\x77\x6f\xa9\xaf\x9a\xfe\
\x02\x7c\x2a\x7f\x8b\x3e\x3d\xb6\xd3\xe4\x74\x8f\x4c\xb5\xc5\xcd\
\xf1\x2e\x03\x98\x81\x19\x55\x1d\x49\x63\x81\x91\xd3\x39\xfa\xfe\
\x8f\x43\x0c\x76\xd0\xa4\x31\x22\xc7\x14\x6a\x15\x11\x06\x02\x81\
\xc0\x00\x7a\x57\xe6\x5c\x63\x9b\x7b\x3a\x6b\x2f\xa4\xf5\x96\xb2\
\xf4\xe8\xbe\x7b\xbf\x2f\x53\xef\x78\x63\x2e\xf6\x93\x78\xda\x8b\
\x45\xa4\x7d\x7a\xbf\x97\xe7\xe8\x3e\x8a\x28\xaf\xc8\x4f\xd2\xc2\
\xbf\x2e\xff\x00\x6a\x1f\x0e\x5c\xf8\x67\xe3\xaf\x8a\xad\xee\x6e\
\x66\xbc\xf3\xee\x05\xdc\x73\x4e\xe5\x98\xc7\x22\x87\x55\xc9\xec\
\xb9\xd8\x3d\x96\xbf\x51\x2b\xf3\x47\xf6\xc6\xd6\xe1\xd6\xfe\x3f\
\xf8\x80\x40\xc1\xe3\xb3\x48\x2d\x0b\x0e\xec\xb1\x2e\xe1\xf8\x31\
\x23\xf0\xaf\xb7\xe1\x29\x49\x63\x66\x96\xdc\xba\xfd\xe8\xf9\x2e\
\x25\x51\xfa\xac\x5b\xdf\x9b\xf4\x67\x8a\xd1\x45\x15\xfa\xc9\xf9\
\xb8\x51\x45\x14\x01\x66\xc6\xf9\xec\xa4\xc8\xe5\x0f\xde\x5f\x5a\
\xeb\xb4\x25\x5d\x4f\x51\xb1\x8e\x23\xbb\xce\x99\x10\x7d\x4b\x01\
\x5c\x45\x7a\x17\xec\xfd\xa5\x4d\xaf\xfc\x64\xf0\x8e\x9b\x18\x2d\
\x1c\xba\x8c\x52\x4a\x9f\xec\x46\x7c\xc7\x3f\xf7\xca\x1a\xa9\x62\
\x7e\xaf\x4a\x73\x96\xc9\x37\xf7\x21\x46\x87\xb6\xa9\x18\xc7\x76\
\xd2\x3e\x80\xfd\xb7\x7c\x18\xda\x67\x8d\xf4\xbf\x11\xc4\x9f\xe8\
\xfa\xa5\xb7\x91\x2b\x01\xff\x00\x2d\xa2\xe3\x9f\xaa\x32\x63\xfd\
\xd3\x5f\x36\xd7\xe9\x1f\xc7\xdf\x86\xff\x00\xf0\xb3\xfe\x1a\x6a\
\x5a\x5c\x28\x1f\x52\x80\x7d\xae\xc4\xf7\xf3\x90\x1c\x2f\xfc\x08\
\x16\x5f\xf8\x16\x7b\x57\xe6\xeb\xa3\x46\xec\x8e\xa5\x1d\x4e\x0a\
\xb0\xc1\x07\xd0\xd7\x89\xc2\x78\xf5\x8b\xcb\xd5\x26\xfd\xea\x7a\
\x3f\x4e\x9f\x86\x9f\x23\xd7\xe2\x3c\x1b\xc3\x63\x5d\x44\xbd\xd9\
\xeb\xf3\xeb\xfe\x7f\x31\x28\xa2\x8a\xfb\x43\xe5\x8b\x5a\x56\xad\
\x7d\xa1\x6a\x30\x5f\xe9\xb7\x73\x58\x5f\x40\xdb\xe2\xb8\xb7\x72\
\x8e\x87\xd4\x11\x5f\x4c\x7c\x08\xfd\xad\xa3\xb7\xf1\x06\xa7\x0f\
\xc4\x8d\x41\xd2\x7d\x40\xc2\x96\xba\x9a\xc4\x05\xb4\x6a\x8a\x57\
\x63\xaa\xfd\xcc\x92\x58\x90\x31\x96\x3d\x05\x7c\xbb\x51\xcd\x0a\
\x5c\x46\x51\xc6\x54\xd7\x8b\x99\x65\x58\x6c\xd2\x9b\x85\x65\xaf\
\x47\xd5\x75\xdc\xf5\x30\x19\x8d\x7c\x05\x45\x2a\x4f\x4e\xdd\x19\
\xfa\x71\xf0\x8f\xc7\x1f\xf0\xb2\xbc\x1f\xff\x00\x09\x34\x60\xad\
\x8d\xfd\xe5\xcf\xd8\x91\x86\x08\x82\x39\x5a\x24\x24\x7a\xb7\x96\
\x58\x8e\xc5\xab\xb3\xdc\x0b\x15\xc8\xdc\x06\x48\xef\x5f\x96\xff\
\x00\x0d\xfe\x38\x78\xd7\xe0\x95\xea\xae\x8b\xa8\x99\xb4\xa6\x6d\
\xcd\xa6\xde\x66\x4b\x69\x3d\x7e\x5c\xe5\x1b\xdd\x48\x3f\x5a\xfa\
\x63\xf6\x7a\xfd\xad\x7c\x39\xa9\x9d\x60\x78\xe3\x56\xfe\xcb\xf1\
\x0e\xa7\xa8\x35\xc2\xcd\x3c\x64\x59\xa4\x3b\x15\x63\x85\x1c\x13\
\xb1\x54\x29\xfb\xd8\x19\x62\x72\x49\x35\xf9\x0e\x67\xc3\x78\x9c\
\x2c\xea\x54\xa6\xb9\xa0\xb6\x4b\x57\x6f\x35\xe4\xba\x9f\xa5\x65\
\xf9\xee\x1f\x11\x18\x42\xa3\xb4\xba\xb7\xb7\xdf\xe6\xfa\x1f\x42\
\xfc\x54\xf8\x87\x61\xf0\xb3\xc0\x9a\xaf\x88\xef\xd9\x4a\xda\xc4\
\x7c\x98\x49\xc1\x9e\x63\xc4\x71\x8f\xab\x63\xe8\x32\x7b\x57\xe4\
\xf6\xb1\xab\x5d\x6b\xda\xbd\xee\xa7\x7d\x29\x9e\xf6\xf2\x77\xb8\
\x9e\x43\xd5\xdd\xd8\xb3\x1f\xc4\x93\x5f\x57\xfe\xdf\x3e\x3b\xb7\
\xd6\xdf\xc1\xda\x46\x99\x7f\x0d\xee\x9c\x62\x9b\x50\x67\xb5\x94\
\x49\x1c\xa4\x90\x91\x9c\xa9\x20\xe0\x2c\x9f\xf7\xd1\xaf\x91\x6b\
\xea\xf8\x63\x02\xb0\xf8\x4f\x6f\x2f\x8a\x7f\x82\x4e\xc9\x7e\xa7\
\xce\x71\x06\x2d\xd7\xc4\xfb\x15\xf0\xc3\xf3\x7a\xff\x00\xc0\x0a\
\x28\xa2\xbe\xc8\xf9\x70\xa2\x8a\x28\x00\xaf\xa9\xbf\x60\x5f\x03\
\x36\xad\xe3\xed\x5f\xc5\x13\x46\x7e\xcd\xa4\xda\xf9\x10\xb1\x1f\
\xf2\xda\x5e\x38\xfa\x22\xbe\x7f\xdf\x15\xf2\xd4\x71\xb4\xb2\x2a\
\x22\x97\x76\x21\x55\x54\x64\x93\xd8\x01\x5f\xa9\x3f\xb3\x97\xc2\
\xef\xf8\x54\xbf\x0a\xb4\xbd\x26\x78\xc2\x6a\xb7\x00\xde\xea\x04\
\x75\xf3\xdc\x0c\xaf\xfc\x05\x42\xa7\xfc\x07\x3d\xeb\xe4\xf8\x97\
\x1a\xb0\xd8\x27\x49\x3f\x7a\x7a\x7c\xba\xff\x00\x97\xcc\xfa\x3c\
\x87\x0a\xf1\x18\xb5\x51\xed\x0d\x7e\x7d\x3f\xcf\xe4\x7a\x75\x7c\
\x4b\xfb\x5d\xfc\x16\x7f\x0b\x6b\xef\xe3\x1d\x26\x0f\xf8\x93\xea\
\x72\x7f\xa6\x24\x63\x8b\x7b\x93\xd5\x8f\xa2\xbf\x5c\xff\x00\x7b\
\x3e\xa0\x57\xdb\x55\x4b\x5a\xd1\xac\xbc\x43\xa5\x5d\x69\x9a\x95\
\xb4\x77\x96\x37\x51\x98\xa6\x82\x41\x95\x75\x3d\xbf\xfa\xfd\x45\
\x7e\x6d\x93\xe6\x95\x32\x9c\x52\xaf\x1d\x63\xb4\x97\x75\xfe\x7d\
\x8f\xbc\xcc\xf2\xf8\x66\x38\x77\x4a\x5a\x3d\xd3\xec\xff\x00\xad\
\xcf\xca\x4a\x2b\xd5\xbe\x3c\x7c\x06\xd4\xbe\x0f\xeb\x4d\x34\x42\
\x4b\xdf\x0d\xdc\xb9\xfb\x25\xf6\x32\x53\xbf\x95\x26\x3a\x38\xec\
\x7a\x30\x19\x1d\xc0\xf2\x9a\xfe\x85\xc2\xe2\xa8\xe3\x28\xc6\xbd\
\x09\x5e\x2f\xfa\xfb\xcf\xc5\x71\x18\x7a\x98\x5a\x8e\x8d\x65\x69\
\x20\xa2\x8a\x2b\xac\xe7\x23\x9a\x14\xb8\x8c\xa3\x8c\xa9\xae\x72\
\xfa\xc5\xec\xa4\xc1\xe5\x0f\xdd\x6f\x5a\xe9\xea\x39\xa1\x4b\x88\
\xca\x38\xca\x9a\xc2\xa5\x35\x51\x79\x9a\x42\x6e\x0c\xe4\xe8\xab\
\x37\xd6\x2f\x65\x26\x0f\x28\x7e\xeb\x7a\xd5\x6a\xf3\x1a\x71\x76\
\x67\x72\x69\xab\xa0\xa2\x8a\x29\x0c\x28\xa2\xbd\x8b\xf6\x76\xfd\
\x9d\xb5\x4f\x8d\x9a\xf2\xcd\x32\xcb\x63\xe1\x6b\x49\x07\xdb\x35\
\x0c\x60\xb9\xeb\xe5\x45\x9e\xae\x7b\x9e\x8a\x0e\x4f\x60\x79\xb1\
\x18\x8a\x58\x5a\x4e\xb5\x67\x68\xa3\x7a\x14\x2a\x62\x6a\x2a\x54\
\x95\xdb\x3b\xff\x00\xd8\xaf\xe0\x43\xf8\xbb\xc4\x69\xe3\x8d\x66\
\xdf\xfe\x24\x9a\x54\xbf\xe8\x31\xc8\xbc\x5c\xdd\x0e\x8c\x3d\x56\
\x33\xce\x7f\xbd\x81\xce\x18\x57\xde\xf5\x43\x42\xd0\xac\x3c\x33\
\xa3\xd9\xe9\x5a\x5d\xac\x76\x5a\x7d\xa4\x62\x18\x2d\xe2\x18\x54\
\x51\xd0\x7f\xf5\xcf\x24\xf2\x6a\xfd\x7e\x1f\x9a\x66\x33\xcc\xb1\
\x0e\xb4\xb4\x5b\x25\xd9\x7f\x9f\x73\xf5\xbc\xbf\x03\x0c\x05\x05\
\x4a\x3a\xbd\xdb\xee\xc2\x8a\x28\xaf\x20\xf4\xca\x5a\xce\x8d\x63\
\xe2\x2d\x2e\xe7\x4d\xd4\xed\x62\xbd\xb1\xb9\x43\x1c\xb0\x4c\xbb\
\x95\xc7\xf9\xef\xd8\xd7\xc6\x3f\x1a\x7f\x64\x4d\x53\xc2\xaf\x71\
\xab\x78\x3d\x65\xd6\x34\x7e\x5d\xec\x7e\xf5\xcd\xb8\xf4\x51\xff\
\x00\x2d\x14\x7b\x7c\xde\xc7\xad\x7d\xb7\x45\x7b\x79\x5e\x71\x8a\
\xca\x6a\x73\x50\x7e\xeb\xde\x2f\x67\xff\x00\x07\xcc\xf2\x73\x0c\
\xb3\x0f\x98\xc3\x96\xaa\xd5\x6c\xd6\xeb\xfa\xec\x7e\x4c\x48\x8d\
\x13\xb2\x3a\x94\x75\x24\x32\xb0\xc1\x07\xd0\xd2\x57\xe9\x1f\xc4\
\x8f\x80\x7e\x0d\xf8\x9e\x24\x9b\x53\xd3\x45\xb6\xa4\xc3\x8d\x46\
\xc4\x88\xa7\xcf\xfb\x47\x18\x7f\xf8\x10\x35\xf3\x77\x8c\xff\x00\
\x62\x2f\x12\x69\x8e\xf2\xf8\x73\x54\xb4\xd6\xad\xff\x00\x86\x1b\
\x8f\xf4\x79\xbe\x9c\xe5\x4f\xd7\x23\xe9\x5f\xae\x60\x38\xb3\x2f\
\xc5\xa4\xaa\xbf\x67\x2e\xcf\x6f\xbf\x6f\xbe\xc7\xe6\xd8\xce\x1c\
\xc6\xe1\x9b\x74\xd7\x3c\x7c\xb7\xfb\xbf\xca\xe7\xcd\xb4\x57\x6b\
\xae\xfc\x15\xf1\xdf\x86\xd8\x8b\xff\x00\x0a\x6a\x88\xa0\xe0\xc9\
\x15\xb9\x99\x3f\xef\xa4\xc8\xfd\x6b\x94\xb8\xd2\x6f\xad\x18\xac\
\xf6\x57\x10\xb0\xed\x24\x4c\xa7\xf5\x15\xf5\x94\xf1\x14\x6b\x2b\
\xd3\x9a\x92\xf2\x69\x9f\x39\x3a\x35\x69\x3b\x54\x8b\x5e\xaa\xc5\
\x19\xa1\x4b\x88\xca\x38\xca\x9a\xe7\x2f\xac\x5e\xca\x4c\x1e\x50\
\xfd\xd6\xf5\xae\xc6\xdf\x49\xbe\xbb\x60\xb0\x59\x5c\x4c\xc7\xb4\
\x71\x33\x1f\xd0\x57\x4f\xa4\xfc\x0f\xf1\xc7\x8a\xd7\xcb\xb4\xf0\
\x96\xa9\x2c\x6d\xc0\x79\xad\xcc\x29\xff\x00\x7d\x3e\x07\xeb\x58\
\xe2\x67\x42\x31\xe6\xa9\x35\x1f\x56\x91\xa5\x08\x55\x93\xb4\x22\
\xdf\xa2\xb9\xe3\xd4\xe8\xe3\x69\x64\x54\x45\x2e\xec\x42\xaa\xa8\
\xc9\x24\xf4\x00\x57\xd4\xfe\x0b\xfd\x80\xfc\x4d\xa9\xdc\x2c\xbe\
\x25\xd6\x6c\xf4\x4b\x3c\xf3\x0d\xb7\xfa\x45\xc1\x1e\x9c\x61\x07\
\xd7\x71\xfa\x57\xd4\x3f\x0b\x7f\x67\x2f\x03\xfc\x25\x11\xcd\xa4\
\xe9\x62\xef\x54\x51\xce\xa9\x7e\x44\xb7\x19\xff\x00\x64\xe3\x09\
\xff\x00\x01\x02\xbe\x1b\x1b\xc4\xb8\x2c\x2a\x6a\x9b\xf6\x92\xf2\
\xdb\xef\xdb\xee\xb9\xf5\x98\x4c\x87\x17\x88\x69\xd4\x5c\x91\xf3\
\xdf\xee\xff\x00\x3b\x1f\x2a\xfc\x08\xfd\x8a\xf5\x7f\x17\xbd\xbe\
\xb3\xe3\x74\x9b\x43\xd1\x0e\x24\x4d\x3f\xee\xdd\xdc\x8f\x46\x1f\
\xf2\xc9\x4f\xbf\xcd\xec\x38\x35\xf7\x4e\x87\xa1\x69\xfe\x19\xd2\
\x2d\x74\xbd\x2a\xce\x1b\x0d\x3e\xd5\x04\x70\xdb\xc0\xbb\x51\x17\
\xd8\x7e\xa4\xf5\x24\x92\x6a\xfd\x15\xf9\x96\x63\x9a\x62\x33\x29\
\xf3\x56\x7a\x2d\x92\xd9\x7f\x5d\xcf\xbf\xc0\xe5\xf4\x30\x10\xe5\
\xa4\xb5\x7b\xbe\xac\x28\xa2\x8a\xf2\x0f\x4c\xff\xd9\
\x00\x00\x05\x68\
\xff\
\xd8\xff\xe0\x00\x10\x4a\x46\x49\x46\x00\x01\x01\x01\x00\x78\x00\
\x78\x00\x00\xff\xe1\x00\x22\x45\x78\x69\x66\x00\x00\x4d\x4d\x00\
\x2a\x00\x00\x00\x08\x00\x01\x01\x12\x00\x03\x00\x00\x00\x01\x00\
\x01\x00\x00\x00\x00\x00\x00\xff\xdb\x00\x43\x00\x02\x01\x01\x02\
\x01\x01\x02\x02\x02\x02\x02\x02\x02\x02\x03\x05\x03\x03\x03\x03\
\x03\x06\x04\x04\x03\x05\x07\x06\x07\x07\x07\x06\x07\x07\x08\x09\
\x0b\x09\x08\x08\x0a\x08\x07\x07\x0a\x0d\x0a\x0a\x0b\x0c\x0c\x0c\
\x0c\x07\x09\x0e\x0f\x0d\x0c\x0e\x0b\x0c\x0c\x0c\xff\xdb\x00\x43\
\x01\x02\x02\x02\x03\x03\x03\x06\x03\x03\x06\x0c\x08\x07\x08\x0c\
\x0c\x0c\x0c\x0c\x0c\x0c\x0c\x0c\x0c\x0c\x0c\x0c\x0c\x0c\x0c\x0c\
\x0c\x0c\x0c\x0c\x0c\x0c\x0c\x0c\x0c\x0c\x0c\x0c\x0c\x0c\x0c\x0c\
\x0c\x0c\x0c\x0c\x0c\x0c\x0c\x0c\x0c\x0c\x0c\x0c\x0c\x0c\x0c\x0c\
\x0c\xff\xc0\x00\x11\x08\x00\x27\x00\x2b\x03\x01\x22\x00\x02\x11\
\x01\x03\x11\x01\xff\xc4\x00\x1f\x00\x00\x01\x05\x01\x01\x01\x01\
\x01\x01\x00\x00\x00\x00\x00\x00\x00\x00\x01\x02\x03\x04\x05\x06\
\x07\x08\x09\x0a\x0b\xff\xc4\x00\xb5\x10\x00\x02\x01\x03\x03\x02\
\x04\x03\x05\x05\x04\x04\x00\x00\x01\x7d\x01\x02\x03\x00\x04\x11\
\x05\x12\x21\x31\x41\x06\x13\x51\x61\x07\x22\x71\x14\x32\x81\x91\
\xa1\x08\x23\x42\xb1\xc1\x15\x52\xd1\xf0\x24\x33\x62\x72\x82\x09\
\x0a\x16\x17\x18\x19\x1a\x25\x26\x27\x28\x29\x2a\x34\x35\x36\x37\
\x38\x39\x3a\x43\x44\x45\x46\x47\x48\x49\x4a\x53\x54\x55\x56\x57\
\x58\x59\x5a\x63\x64\x65\x66\x67\x68\x69\x6a\x73\x74\x75\x76\x77\
\x78\x79\x7a\x83\x84\x85\x86\x87\x88\x89\x8a\x92\x93\x94\x95\x96\
\x97\x98\x99\x9a\xa2\xa3\xa4\xa5\xa6\xa7\xa8\xa9\xaa\xb2\xb3\xb4\
\xb5\xb6\xb7\xb8\xb9\xba\xc2\xc3\xc4\xc5\xc6\xc7\xc8\xc9\xca\xd2\
\xd3\xd4\xd5\xd6\xd7\xd8\xd9\xda\xe1\xe2\xe3\xe4\xe5\xe6\xe7\xe8\
\xe9\xea\xf1\xf2\xf3\xf4\xf5\xf6\xf7\xf8\xf9\xfa\xff\xc4\x00\x1f\
\x01\x00\x03\x01\x01\x01\x01\x01\x01\x01\x01\x01\x00\x00\x00\x00\
\x00\x00\x01\x02\x03\x04\x05\x06\x07\x08\x09\x0a\x0b\xff\xc4\x00\
\xb5\x11\x00\x02\x01\x02\x04\x04\x03\x04\x07\x05\x04\x04\x00\x01\
\x02\x77\x00\x01\x02\x03\x11\x04\x05\x21\x31\x06\x12\x41\x51\x07\
\x61\x71\x13\x22\x32\x81\x08\x14\x42\x91\xa1\xb1\xc1\x09\x23\x33\
\x52\xf0\x15\x62\x72\xd1\x0a\x16\x24\x34\xe1\x25\xf1\x17\x18\x19\
\x1a\x26\x27\x28\x29\x2a\x35\x36\x37\x38\x39\x3a\x43\x44\x45\x46\
\x47\x48\x49\x4a\x53\x54\x55\x56\x57\x58\x59\x5a\x63\x64\x65\x66\
\x67\x68\x69\x6a\x73\x74\x75\x76\x77\x78\x79\x7a\x82\x83\x84\x85\
\x86\x87\x88\x89\x8a\x92\x93\x94\x95\x96\x97\x98\x99\x9a\xa2\xa3\
\xa4\xa5\xa6\xa7\xa8\xa9\xaa\xb2\xb3\xb4\xb5\xb6\xb7\xb8\xb9\xba\
\xc2\xc3\xc4\xc5\xc6\xc7\xc8\xc9\xca\xd2\xd3\xd4\xd5\xd6\xd7\xd8\
\xd9\xda\xe2\xe3\xe4\xe5\xe6\xe7\xe8\xe9\xea\xf2\xf3\xf4\xf5\xf6\
\xf7\xf8\xf9\xfa\xff\xda\x00\x0c\x03\x01\x00\x02\x11\x03\x11\x00\
\x3f\x00\xfd\xea\x83\xf7\xf3\x7f\xd3\x2a\x97\xc9\x8f\xfb\xf1\x56\
\x55\xfc\xf9\xd0\xaf\xbf\xeb\xda\xbe\x79\xfb\x75\xf4\xe7\xfe\x3f\
\xae\xff\x00\xef\xed\x00\x7d\x31\xe5\xc6\x23\x2c\xd2\x6d\xc5\x79\
\x26\xad\xfb\x71\xfc\x2e\xd2\x75\x0b\xab\x59\xfc\x53\xa6\xc3\x71\
\x67\x27\x95\x2c\x7b\xba\x1a\x67\xc0\xb9\x64\xb8\xbc\xd7\x04\x97\
\x13\x4c\x7e\xcb\xff\x00\x2d\x24\xce\x2b\xf2\xdf\xe2\x67\x87\x2f\
\xae\x3e\x27\x78\x8a\x4f\xec\x5d\x43\xc9\xfe\xd4\x97\xfe\x5d\x6b\
\xf3\x1f\x11\xf8\xcf\x1b\x90\x43\x0f\xf5\x1a\x7e\xd3\xda\x1f\xa7\
\xf8\x63\xc0\xf8\x2e\x23\xa9\x89\xfa\xd5\x5f\x67\xec\x92\x7d\x35\
\xdc\xfd\x90\xf0\x97\x8c\x74\x9f\x1d\x68\x16\xba\xae\x93\x70\xb7\
\x56\x37\x5f\xea\xa4\x8b\x90\x6a\xf7\x9d\x5e\x47\xfb\x13\x03\x61\
\xfb\x2f\xf8\x66\x3f\x2a\x58\x64\xf2\x00\xf2\xe5\x8e\xbd\x63\xcf\
\xaf\xbf\xcb\x71\xce\xae\x0e\x9e\x32\xa6\xf3\x57\x3f\x3d\xc6\x52\
\xa5\x85\xc5\xd4\xa5\x4f\x64\xff\x00\x53\x97\xf8\xb3\xf1\x33\x44\
\xf8\x39\xf0\x7f\xc6\x5e\x2d\xf1\x35\xf7\xf6\x6f\x86\xfc\x27\xa0\
\xdc\xeb\x3a\xb5\xe7\x93\x24\xdf\x64\xb4\xb6\x89\xa6\x9a\x4d\x91\
\xab\x3b\xed\x8d\x18\xed\x45\x2c\x71\x80\x09\xc0\xaf\x8c\xa5\xfd\
\xba\xbc\x27\x14\x3f\xf2\x2c\xfc\x74\xfc\x7e\x0c\x78\xb8\x7f\xee\
\x36\xbd\xc7\xfe\x0a\x7d\x71\xe7\x7f\xc1\x2f\xff\x00\x69\x6f\xfb\
\x25\x5e\x28\xff\x00\xd3\x45\xd5\x7d\x2d\x73\x04\x6b\x6e\x7f\x77\
\x17\x4a\xee\x94\xac\xae\x71\x6f\xa1\xf0\xff\x00\x8d\x7f\xe0\xa3\
\x9e\x00\xf0\x1f\x85\x34\xf9\xbc\x37\xa0\xfc\x68\xb1\xd4\xef\x31\
\x15\xd1\x97\xe0\xc7\x8c\x22\x57\x1e\xc5\xb4\xc0\x0f\xe0\x4d\x76\
\x1f\xb2\x1f\xed\x2f\x61\xfb\x4c\x5c\x69\x5a\xce\x8e\xd6\xf7\xba\
\x05\xfd\xc5\xdd\xa4\x86\xf3\x45\x97\x4e\xb9\x8e\x7b\x5b\x99\x6d\
\x6e\x22\x92\xde\xe6\x38\xe6\x89\xe3\x9e\x19\x50\xab\xa2\x90\x50\
\xf1\x8c\x1a\xcd\xf1\x89\x8c\xf8\xcb\x54\x3e\x67\x3f\x69\xe9\x5e\
\x73\xff\x00\x04\x97\x9a\x3f\xec\x9b\x8c\xf5\x3f\x10\xbc\x71\xff\
\x00\xa9\x5e\xaf\x5f\xce\x55\x78\xc2\xae\x6b\x9c\xd1\xa9\x4d\x3a\
\x71\x8d\x68\xc7\x92\xeb\x95\xa6\xa5\x7d\x2d\x7b\xfb\xaa\xda\xf7\
\xd0\xfd\x2e\x39\x2c\x70\x59\x7c\x95\xd6\xb1\x6f\x6d\x74\x6b\xad\
\xfc\xfb\x1f\x7d\x6a\x10\x47\x62\xb0\xc7\x04\x71\xc5\x1f\xfb\x15\
\x5e\xac\x78\x9f\xef\x43\x59\x9e\x7f\xbd\x7f\x46\xad\x8f\xcd\x0f\
\x3c\xfd\xa8\x3e\x0d\x7f\xc3\x48\xfe\xcc\x3f\x12\xbe\x1c\x9d\x53\
\xfb\x13\xfe\x16\x1f\x85\x75\x4f\x0c\x7f\x68\xfd\x9b\xed\x3f\x60\
\xfb\x6d\xa4\xb6\xde\x7f\x95\xb9\x3c\xcd\x9e\x6e\xed\x9b\xd7\x76\
\xdc\x6e\x5c\xe4\x72\x07\x4c\xfd\xa9\x48\xff\x00\x92\xbb\xf0\x0b\
\xff\x00\x0c\xf6\xad\xff\x00\xcd\x35\x14\x53\x03\x9a\x1f\x03\x3f\
\x68\x4b\xf9\x64\x95\xfe\x24\xfe\xcf\x3e\x64\xbd\x7f\xe2\xce\xea\
\xdc\xff\x00\xe5\xcd\x5d\xe7\xec\x71\xfb\x36\x7f\xc3\x31\x7c\x28\
\x87\x45\xd5\x6f\x74\x9f\x13\x78\x9a\x4d\x77\x5c\xd7\xef\xf5\x7b\
\x1d\x29\xb4\xab\x69\x66\xd5\x35\x7b\xcd\x4d\xd2\x2b\x67\x9e\xe1\
\xe3\x8e\x33\x76\x62\x50\xd3\x48\x4a\xc6\x09\x6c\x9c\x02\x8a\xe5\
\xa7\x92\xe5\xd1\xaf\xee\xd0\x87\x7d\xba\xf7\xfc\x4a\xad\x99\x62\
\x76\xe7\x7f\x7b\x3d\x6a\xfb\x5d\xfe\xd4\xff\x00\x96\x7f\xea\x6a\
\x3a\x28\xae\xa2\x4f\xff\xd9\
\x00\x00\x06\x46\
\xff\
\xd8\xff\xe0\x00\x10\x4a\x46\x49\x46\x00\x01\x01\x01\x00\x78\x00\
\x78\x00\x00\xff\xe1\x00\x3a\x45\x78\x69\x66\x00\x00\x4d\x4d\x00\
\x2a\x00\x00\x00\x08\x00\x03\x51\x10\x00\x01\x00\x00\x00\x01\x01\
\x00\x00\x00\x51\x11\x00\x04\x00\x00\x00\x01\x00\x00\x00\x00\x51\
\x12\x00\x04\x00\x00\x00\x01\x00\x00\x00\x00\x00\x00\x00\x00\xff\
\xdb\x00\x43\x00\x02\x01\x01\x02\x01\x01\x02\x02\x02\x02\x02\x02\
\x02\x02\x03\x05\x03\x03\x03\x03\x03\x06\x04\x04\x03\x05\x07\x06\
\x07\x07\x07\x06\x07\x07\x08\x09\x0b\x09\x08\x08\x0a\x08\x07\x07\
\x0a\x0d\x0a\x0a\x0b\x0c\x0c\x0c\x0c\x07\x09\x0e\x0f\x0d\x0c\x0e\
\x0b\x0c\x0c\x0c\xff\xdb\x00\x43\x01\x02\x02\x02\x03\x03\x03\x06\
\x03\x03\x06\x0c\x08\x07\x08\x0c\x0c\x0c\x0c\x0c\x0c\x0c\x0c\x0c\
\x0c\x0c\x0c\x0c\x0c\x0c\x0c\x0c\x0c\x0c\x0c\x0c\x0c\x0c\x0c\x0c\
\x0c\x0c\x0c\x0c\x0c\x0c\x0c\x0c\x0c\x0c\x0c\x0c\x0c\x0c\x0c\x0c\
\x0c\x0c\x0c\x0c\x0c\x0c\x0c\x0c\x0c\xff\xc0\x00\x11\x08\x00\x20\
\x00\x20\x03\x01\x22\x00\x02\x11\x01\x03\x11\x01\xff\xc4\x00\x1f\
\x00\x00\x01\x05\x01\x01\x01\x01\x01\x01\x00\x00\x00\x00\x00\x00\
\x00\x00\x01\x02\x03\x04\x05\x06\x07\x08\x09\x0a\x0b\xff\xc4\x00\
\xb5\x10\x00\x02\x01\x03\x03\x02\x04\x03\x05\x05\x04\x04\x00\x00\
\x01\x7d\x01\x02\x03\x00\x04\x11\x05\x12\x21\x31\x41\x06\x13\x51\
\x61\x07\x22\x71\x14\x32\x81\x91\xa1\x08\x23\x42\xb1\xc1\x15\x52\
\xd1\xf0\x24\x33\x62\x72\x82\x09\x0a\x16\x17\x18\x19\x1a\x25\x26\
\x27\x28\x29\x2a\x34\x35\x36\x37\x38\x39\x3a\x43\x44\x45\x46\x47\
\x48\x49\x4a\x53\x54\x55\x56\x57\x58\x59\x5a\x63\x64\x65\x66\x67\
\x68\x69\x6a\x73\x74\x75\x76\x77\x78\x79\x7a\x83\x84\x85\x86\x87\
\x88\x89\x8a\x92\x93\x94\x95\x96\x97\x98\x99\x9a\xa2\xa3\xa4\xa5\
\xa6\xa7\xa8\xa9\xaa\xb2\xb3\xb4\xb5\xb6\xb7\xb8\xb9\xba\xc2\xc3\
\xc4\xc5\xc6\xc7\xc8\xc9\xca\xd2\xd3\xd4\xd5\xd6\xd7\xd8\xd9\xda\
\xe1\xe2\xe3\xe4\xe5\xe6\xe7\xe8\xe9\xea\xf1\xf2\xf3\xf4\xf5\xf6\
\xf7\xf8\xf9\xfa\xff\xc4\x00\x1f\x01\x00\x03\x01\x01\x01\x01\x01\
\x01\x01\x01\x01\x00\x00\x00\x00\x00\x00\x01\x02\x03\x04\x05\x06\
\x07\x08\x09\x0a\x0b\xff\xc4\x00\xb5\x11\x00\x02\x01\x02\x04\x04\
\x03\x04\x07\x05\x04\x04\x00\x01\x02\x77\x00\x01\x02\x03\x11\x04\
\x05\x21\x31\x06\x12\x41\x51\x07\x61\x71\x13\x22\x32\x81\x08\x14\
\x42\x91\xa1\xb1\xc1\x09\x23\x33\x52\xf0\x15\x62\x72\xd1\x0a\x16\
\x24\x34\xe1\x25\xf1\x17\x18\x19\x1a\x26\x27\x28\x29\x2a\x35\x36\
\x37\x38\x39\x3a\x43\x44\x45\x46\x47\x48\x49\x4a\x53\x54\x55\x56\
\x57\x58\x59\x5a\x63\x64\x65\x66\x67\x68\x69\x6a\x73\x74\x75\x76\
\x77\x78\x79\x7a\x82\x83\x84\x85\x86\x87\x88\x89\x8a\x92\x93\x94\
\x95\x96\x97\x98\x99\x9a\xa2\xa3\xa4\xa5\xa6\xa7\xa8\xa9\xaa\xb2\
\xb3\xb4\xb5\xb6\xb7\xb8\xb9\xba\xc2\xc3\xc4\xc5\xc6\xc7\xc8\xc9\
\xca\xd2\xd3\xd4\xd5\xd6\xd7\xd8\xd9\xda\xe2\xe3\xe4\xe5\xe6\xe7\
\xe8\xe9\xea\xf2\xf3\xf4\xf5\xf6\xf7\xf8\xf9\xfa\xff\xda\x00\x0c\
\x03\x01\x00\x02\x11\x03\x11\x00\x3f\x00\xfd\xaf\xfd\xa0\xff\x00\
\x68\x27\xf8\x54\xf6\x5a\x1e\x83\x63\x6d\xad\x78\xcb\x58\x86\x5b\
\x9b\x6b\x5b\x9b\x9f\xb3\x59\x69\xb6\xb1\x0f\xdf\x6a\x17\xd3\x60\
\xf9\x36\xb1\xe4\x02\x40\x2c\xec\x42\x20\x3f\x33\x2f\xe7\x77\xc6\
\xaf\xf8\x2a\x16\x86\x3c\x49\x35\xad\xd7\x8a\xfe\x27\x7c\x53\xbd\
\xb7\x91\x84\xaf\xe1\xad\x69\xfc\x11\xe1\xe8\x9b\xba\x5a\x9b\x5c\
\xde\x4a\x80\xf1\xba\x79\x64\xcf\x50\xc4\x62\x9f\xff\x00\x05\x3e\
\xf8\xcb\xab\x4b\xf0\xe7\xc4\x57\x16\xf3\x4d\x6f\x77\xf1\x53\xc6\
\xda\xa7\x87\xe6\x94\x39\xdf\x1e\x8d\xe1\xf9\x8d\x82\xd9\xa9\xed\
\x1c\x97\x62\x7b\x86\x03\xa9\x9d\xc1\xc8\x38\xaf\x30\xfd\x82\xbe\
\x2d\xdd\xfe\xcd\xb6\xfa\xd3\x68\xde\x15\xd1\xb5\xed\x7f\x5c\x6b\
\x58\xec\xae\x2f\xe1\x32\xfd\x87\x67\x9a\x19\x51\x57\x0e\x4c\x86\
\x45\x18\x57\x5f\xb8\x3a\xf1\x8f\xd0\x72\x9c\x96\x9c\x30\xbf\x58\
\x94\x79\xa5\xda\xf6\xd6\xf6\x7e\xf6\xea\xda\xad\x37\xb3\xde\xe9\
\x2f\x90\xcc\x33\x49\x4b\x11\xec\x54\xb9\x57\x7b\x5f\xcd\x69\xd6\
\xfa\x6f\xdf\xa5\x9b\x7e\xab\xf0\x3f\xfe\x0a\x5f\xa3\xdc\x78\x82\
\x1b\x7b\x3f\x15\x7c\x4e\xf8\x5b\x7b\x70\xea\x22\x6f\x12\xeb\x4f\
\xe3\x7f\x0f\xca\xdd\x92\xe8\xdd\x62\xf2\x34\x24\xe3\x74\x12\xc7\
\x8e\xa5\x80\xcd\x7e\x84\xfe\xcf\xff\x00\x1f\xe4\xf8\xa3\x25\xee\
\x87\xaf\x58\x5b\xe8\xbe\x32\xd1\xe1\x8a\xe2\xe6\xd6\xde\xe3\xed\
\x36\x5a\x95\xac\xbf\xea\xaf\xec\xa6\xc0\xf3\xad\x64\xc1\x19\x20\
\x3a\x32\x94\x60\x3e\x56\x6f\x97\xff\x00\xe0\xa1\xfe\x18\xb1\xf1\
\xf7\xec\x4f\xa5\xea\xfe\x3c\xd0\xf4\x4d\x2f\xe2\x4d\xc1\x81\xad\
\x96\xd6\x3d\xb2\xc7\x21\x94\x79\x88\x09\x25\xf6\xf9\x19\x2c\xa5\
\x88\x0d\x8e\x72\x01\xaf\x2d\xff\x00\x82\x7a\xfc\x53\xd4\xf4\xdf\
\x00\xf8\x6a\xf2\xe2\x59\xae\x2e\xfe\x18\xf8\xd3\x4c\xd0\x21\x90\
\xb1\xdf\x2e\x91\xaf\xce\xb6\x0d\x66\xc7\xa9\x8d\x2e\x8c\x17\x00\
\x76\x68\x10\x74\x18\xae\x2c\x5e\x0a\x86\x2f\x08\xf1\x34\x63\xca\
\xd3\x71\xde\xfa\xec\x9a\x96\xf2\x4d\xd9\x6b\xea\xad\x66\x9f\x4e\
\x1f\x15\x57\x0f\x88\x54\x2a\x4b\x99\x35\x7d\xad\xa7\x54\xd7\x46\
\x96\xba\x7c\xf7\xd3\x4b\xfe\x0a\x11\xfb\x33\x6a\x3e\x22\xd1\x3c\
\x59\xe1\xed\x3e\xda\x6b\x8d\x5f\xc0\xfe\x22\xbe\xf1\xde\x93\x6e\
\x06\xe7\xd4\xb4\x6d\x59\xfc\xeb\xe7\x8c\x0f\xbc\xf0\x5f\xf9\xc1\
\x90\x64\xac\x7e\x5b\x1f\xf5\x8a\x0f\x95\xff\x00\xc1\x3d\x99\xae\
\x7e\x39\xf8\x71\x6d\x24\xb1\x86\xe9\x5a\x69\x22\x7b\xb8\x0c\xf1\
\x23\x2c\x12\x30\x25\x03\xa1\x24\x63\x8c\x30\xc1\xc1\xe7\x18\x3f\
\xa8\x3f\x1f\xfe\x08\x47\xf1\x8b\x43\xb1\x9e\xca\xf2\xe3\x43\xf1\
\x57\x87\xe6\x6b\xad\x0f\x5b\xb5\x21\x6e\x74\xd9\x59\x76\xb8\x19\
\x05\x64\x8a\x45\xf9\x64\x89\xc1\x47\x18\xc8\xca\xab\x2f\xc7\xdf\
\x10\x7f\x64\x5d\x66\xe3\x5c\x9a\xeb\xc5\x9f\x05\x35\x2d\x4b\x52\
\x95\xcb\x4b\xac\xfc\x34\xd6\x6d\x6d\x17\x51\x6e\xf2\x49\x61\x7c\
\xeb\x1c\x0c\x79\x24\x24\xb2\x64\xf2\x4d\x56\x5d\x9e\x53\x9e\x12\
\x58\x5a\xae\xd7\x4f\x5d\x34\x6f\x77\xab\x49\xa6\xf5\xde\xf7\x6d\
\x5a\xda\x93\x8e\xca\xe6\xb1\x0a\xbd\x35\x7b\x35\xa6\xba\xdb\xa6\
\x97\x6b\xb7\xa7\x5b\x9c\x3f\xed\xe1\xe2\xcb\xad\x5b\xe2\x96\xa3\
\x6d\xaa\xdf\x43\x79\x71\xa7\xc3\x0c\x48\x61\x8d\xa3\x85\x15\xa2\
\x47\xc2\x23\x33\x15\xe5\xb2\x7e\x63\x93\x93\xec\x3a\xaf\xd8\xbb\
\xf6\x7c\xbe\xd3\x2c\x7c\x27\xe1\xbb\xdb\x79\x21\xd5\x3c\x65\xe2\
\x1b\x2f\x1c\x6a\xb0\x11\xb5\xf4\xdd\x1f\x49\x90\x4f\x64\xf2\x0f\
\xe1\x79\xaf\xfc\x80\xaa\x70\x5a\x3f\x35\x87\xfa\xb6\x03\x43\xc1\
\x1f\xb3\x5f\x88\xb4\xbd\x4a\x29\x7c\x1b\xf0\x3f\x58\xb1\xd4\xe3\
\x60\x62\xd5\xfe\x24\xeb\x16\xb7\x11\xe9\xed\xda\x44\xb2\xb1\x76\
\x8e\x76\x1d\x40\x79\x63\xc1\xe4\x1a\xfa\xcb\xf6\x68\xf8\x27\x79\
\xf0\x8f\x41\xd4\xae\xb5\xcb\xc6\xd6\xbc\x55\xe2\x29\xd6\xeb\x58\
\xd5\xe7\x21\xae\x6f\xa4\x55\xda\xaa\x76\x80\xa9\x14\x6b\xf2\xc7\
\x12\x00\x88\x33\x81\x96\x66\x6c\xf1\xd9\xbd\x2a\x78\x55\x86\xa2\
\xef\x64\xbb\x6a\xd7\x5d\x1b\x49\x5f\x5d\xef\x74\x95\xad\xa9\x58\
\x3c\xb6\x72\xc4\x3c\x45\x5e\xad\xf7\xd2\xfd\x35\xb3\x7a\x69\xda\
\xdd\x6e\x7f\xff\xd9\
\x00\x00\x0a\xd0\
\xff\
\xd8\xff\xe0\x00\x10\x4a\x46\x49\x46\x00\x01\x01\x01\x00\x60\x00\
\x60\x00\x00\xff\xe1\x00\x22\x45\x78\x69\x66\x00\x00\x4d\x4d\x00\
\x2a\x00\x00\x00\x08\x00\x01\x01\x12\x00\x03\x00\x00\x00\x01\x00\
\x01\x00\x00\x00\x00\x00\x00\xff\xdb\x00\x43\x00\x02\x01\x01\x02\
\x01\x01\x02\x02\x02\x02\x02\x02\x02\x02\x03\x05\x03\x03\x03\x03\
\x03\x06\x04\x04\x03\x05\x07\x06\x07\x07\x07\x06\x07\x07\x08\x09\
\x0b\x09\x08\x08\x0a\x08\x07\x07\x0a\x0d\x0a\x0a\x0b\x0c\x0c\x0c\
\x0c\x07\x09\x0e\x0f\x0d\x0c\x0e\x0b\x0c\x0c\x0c\xff\xdb\x00\x43\
\x01\x02\x02\x02\x03\x03\x03\x06\x03\x03\x06\x0c\x08\x07\x08\x0c\
\x0c\x0c\x0c\x0c\x0c\x0c\x0c\x0c\x0c\x0c\x0c\x0c\x0c\x0c\x0c\x0c\
\x0c\x0c\x0c\x0c\x0c\x0c\x0c\x0c\x0c\x0c\x0c\x0c\x0c\x0c\x0c\x0c\
\x0c\x0c\x0c\x0c\x0c\x0c\x0c\x0c\x0c\x0c\x0c\x0c\x0c\x0c\x0c\x0c\
\x0c\xff\xc0\x00\x11\x08\x00\x58\x00\x54\x03\x01\x22\x00\x02\x11\
\x01\x03\x11\x01\xff\xc4\x00\x1f\x00\x00\x01\x05\x01\x01\x01\x01\
\x01\x01\x00\x00\x00\x00\x00\x00\x00\x00\x01\x02\x03\x04\x05\x06\
\x07\x08\x09\x0a\x0b\xff\xc4\x00\xb5\x10\x00\x02\x01\x03\x03\x02\
\x04\x03\x05\x05\x04\x04\x00\x00\x01\x7d\x01\x02\x03\x00\x04\x11\
\x05\x12\x21\x31\x41\x06\x13\x51\x61\x07\x22\x71\x14\x32\x81\x91\
\xa1\x08\x23\x42\xb1\xc1\x15\x52\xd1\xf0\x24\x33\x62\x72\x82\x09\
\x0a\x16\x17\x18\x19\x1a\x25\x26\x27\x28\x29\x2a\x34\x35\x36\x37\
\x38\x39\x3a\x43\x44\x45\x46\x47\x48\x49\x4a\x53\x54\x55\x56\x57\
\x58\x59\x5a\x63\x64\x65\x66\x67\x68\x69\x6a\x73\x74\x75\x76\x77\
\x78\x79\x7a\x83\x84\x85\x86\x87\x88\x89\x8a\x92\x93\x94\x95\x96\
\x97\x98\x99\x9a\xa2\xa3\xa4\xa5\xa6\xa7\xa8\xa9\xaa\xb2\xb3\xb4\
\xb5\xb6\xb7\xb8\xb9\xba\xc2\xc3\xc4\xc5\xc6\xc7\xc8\xc9\xca\xd2\
\xd3\xd4\xd5\xd6\xd7\xd8\xd9\xda\xe1\xe2\xe3\xe4\xe5\xe6\xe7\xe8\
\xe9\xea\xf1\xf2\xf3\xf4\xf5\xf6\xf7\xf8\xf9\xfa\xff\xc4\x00\x1f\
\x01\x00\x03\x01\x01\x01\x01\x01\x01\x01\x01\x01\x00\x00\x00\x00\
\x00\x00\x01\x02\x03\x04\x05\x06\x07\x08\x09\x0a\x0b\xff\xc4\x00\
\xb5\x11\x00\x02\x01\x02\x04\x04\x03\x04\x07\x05\x04\x04\x00\x01\
\x02\x77\x00\x01\x02\x03\x11\x04\x05\x21\x31\x06\x12\x41\x51\x07\
\x61\x71\x13\x22\x32\x81\x08\x14\x42\x91\xa1\xb1\xc1\x09\x23\x33\
\x52\xf0\x15\x62\x72\xd1\x0a\x16\x24\x34\xe1\x25\xf1\x17\x18\x19\
\x1a\x26\x27\x28\x29\x2a\x35\x36\x37\x38\x39\x3a\x43\x44\x45\x46\
\x47\x48\x49\x4a\x53\x54\x55\x56\x57\x58\x59\x5a\x63\x64\x65\x66\
\x67\x68\x69\x6a\x73\x74\x75\x76\x77\x78\x79\x7a\x82\x83\x84\x85\
\x86\x87\x88\x89\x8a\x92\x93\x94\x95\x96\x97\x98\x99\x9a\xa2\xa3\
\xa4\xa5\xa6\xa7\xa8\xa9\xaa\xb2\xb3\xb4\xb5\xb6\xb7\xb8\xb9\xba\
\xc2\xc3\xc4\xc5\xc6\xc7\xc8\xc9\xca\xd2\xd3\xd4\xd5\xd6\xd7\xd8\
\xd9\xda\xe2\xe3\xe4\xe5\xe6\xe7\xe8\xe9\xea\xf2\xf3\xf4\xf5\xf6\
\xf7\xf8\xf9\xfa\xff\xda\x00\x0c\x03\x01\x00\x02\x11\x03\x11\x00\
\x3f\x00\xfd\xfc\xa2\x8a\x28\x00\xa2\x8a\x28\x00\xa2\x8a\x28\x01\
\x99\xe0\x8f\xeb\x4a\xb8\x03\xde\xb0\x3c\x69\xf1\x23\xc3\xff\x00\
\x0e\x2d\x52\xe3\x5e\xd6\x74\x9d\x16\x19\x1b\x6a\xc9\x7d\x77\x1c\
\x08\xc7\xd0\x17\x23\x27\x9a\xe6\xff\x00\xe1\xac\xfe\x19\xb7\x07\
\xc7\xde\x0e\x07\xfe\xc3\x36\xff\x00\xfc\x5d\x79\xf5\xf3\x4c\x1d\
\x19\xfb\x3a\xd5\x62\x9f\x9b\x48\xea\xa3\x97\xe2\xea\xc3\x9e\x95\
\x36\xd7\x92\x6c\xf4\x30\x79\xef\xf9\x52\xa8\x1d\x6b\x80\xd2\xff\
\x00\x69\xdf\x87\x7a\xc5\xf4\x56\xb6\xbe\x38\xf0\x9d\xd5\xcc\xe7\
\x6c\x71\xc5\xab\x5b\xb3\xb9\xf4\x0a\x1f\x9a\xef\x03\xf9\xa9\x95\
\x20\x83\xc8\x23\xbd\x6b\x87\xc6\xe1\xf1\x09\xba\x13\x53\xb7\x67\
\x73\x3a\xd8\x5a\xf4\x5a\x55\xa0\xe3\x7e\xea\xc4\x94\x50\x3a\x51\
\x5d\x66\x21\x55\xb5\x1d\x4e\xdb\x48\xb7\xf3\xae\x66\x8e\x08\xfa\
\x6e\x76\xc5\x59\xae\x07\xe3\x96\x4c\x3a\x60\xec\x5a\x5f\xfd\x96\
\x80\x37\x7f\xe1\x69\x68\x5f\xf3\xff\x00\xff\x00\x90\x5f\xff\x00\
\x89\xa3\xfe\x16\x96\x85\xff\x00\x3f\xff\x00\xf9\x05\xff\x00\xf8\
\x9a\xf2\x1d\x86\x8d\x86\x80\x3d\x7b\xfe\x16\x96\x85\xff\x00\x3f\
\xff\x00\xf9\x05\xff\x00\xf8\x9a\xd0\xd1\xbc\x49\x65\xe2\x08\x8b\
\x5a\x5c\xa4\xc5\x7e\xf0\x1c\x32\xfe\x06\xbc\x47\x61\xae\xbb\xe0\
\xbf\xfc\x8d\x97\x1f\xf5\xe8\xdf\xfa\x1a\x50\x07\xc6\xdf\xf0\x55\
\xeb\x46\xbc\xfd\xa4\xb4\xd0\xcd\x98\xe3\xd0\x21\xda\x87\xee\xa9\
\x6b\x8b\x9c\x9f\xfc\x74\x7e\x55\xf3\x37\xf6\x2a\x93\xf7\x56\xbe\
\x8e\xff\x00\x82\xb3\x4b\x24\x3f\xb4\xf6\x9e\x54\xb0\xff\x00\x8a\
\x76\xdf\xa7\xfd\x7c\x5d\x57\xcd\x0b\xab\x5c\x2b\x0f\xde\x9a\xff\
\x00\x3f\x7c\x53\x75\x7f\xd6\x8c\x5a\x8c\xbe\xd7\xe8\x8f\xef\x5f\
\x0b\x28\xc9\xf0\xb6\x0d\xc7\xf9\x5f\xe6\xcb\x3f\xd8\x8a\x4f\xcc\
\xab\xf9\x57\xeb\x9f\xec\xc3\x3c\x97\xbf\xb3\xa7\x81\xa5\x9e\x49\
\x66\x9a\x4d\x06\xc9\xde\x47\x39\x69\x18\xdb\xa6\x49\x3e\xb5\xf9\
\x04\xfa\xa4\xf2\x1c\x19\x5b\xf9\x57\xeb\xc7\xec\x9d\xcf\xec\xc5\
\xf0\xff\x00\xfe\xc5\xeb\x0f\xfd\x27\x8e\xbf\x50\xfa\x3a\x3a\x9f\
\x5e\xc5\xa9\x4b\xec\xaf\xcc\xfc\xc7\xe9\x0d\x49\xc7\x09\x83\x72\
\xfe\x69\x7e\x48\xf4\x51\xc8\xa2\x8a\x2b\xfa\xc8\xfe\x58\x0a\xe0\
\x7e\x37\xc9\xb2\x3d\x30\x6d\xdd\x96\x94\xff\x00\xe8\x35\xdf\x57\
\x9f\xfc\x73\xe9\xa4\xff\x00\xdb\x5f\xfd\xa7\x40\x1c\x32\xcc\x9f\
\xee\xd3\xbc\xc8\xfd\x6a\xb5\x14\x01\x3b\x4c\x9f\xef\x57\x57\xf0\
\x6a\x42\xfe\x29\xb8\xf9\x71\xfe\x8a\xdf\xfa\x1a\x56\x96\x9b\xf0\
\x5e\xd0\xe9\xe8\x6f\x27\xba\x17\x24\x65\xc4\x4c\xaa\xa3\xdb\xa1\
\xac\x3f\x89\x6f\xff\x00\x0a\x3f\x4a\x87\x53\xd2\x73\x71\x71\x71\
\x28\xb5\x71\x76\xdb\xd7\x61\x0c\xf9\x1b\x76\xf3\x94\x5a\xf3\x73\
\x6c\xce\x8e\x5d\x84\xa9\x8d\xc4\x7c\x10\x57\x66\xf8\x5c\x34\xf1\
\x15\x55\x1a\x5f\x14\x8f\x02\xff\x00\x82\x89\xfe\xc7\x1e\x3a\xf8\
\xdd\xf1\x63\x4e\xf1\x17\x85\x74\xf8\x75\x6b\x74\xd2\xe3\xd3\xe5\
\x80\x5c\xc7\x0c\xb1\xb2\x4b\x23\xef\xfd\xe1\x0a\x54\xac\xbf\xde\
\xcf\xca\x6b\xe7\xc3\xff\x00\x04\xe8\xf8\xca\x4e\x3f\xe1\x0b\x94\
\xff\x00\xdc\x4e\xcb\xff\x00\x8e\xd7\xd9\x83\xf6\xac\xf1\x2e\x38\
\xb5\xd1\xff\x00\xef\xd4\x9f\xfc\x72\x95\x3f\x6a\xff\x00\x11\x86\
\x05\xac\xf4\x92\x0f\xfd\x33\x93\xff\x00\x8b\xaf\xe5\x6c\xfa\xb7\
\x87\xf9\xc6\x61\x3c\xc3\x11\x5e\xb2\x9d\x47\x77\x64\xad\xf8\xc5\
\xb3\xfa\x03\x87\xb8\xc7\x8c\x72\x6c\xbe\x9e\x5d\x86\xa5\x49\xc2\
\x9a\xb2\xe6\xbd\xfb\xf4\x92\xfc\x8f\x8d\xac\x7f\xe0\x9c\x3f\x18\
\xee\xaf\x62\x89\xfc\x26\x2d\x92\x46\xc1\x9a\x5d\x4a\xd4\xa4\x7e\
\xe7\x6c\x85\xbf\xef\x95\xaf\xd2\x8f\x83\x1e\x06\x93\xe1\xbf\xc2\
\x7f\x0d\xf8\x7a\x79\x52\xe2\x6d\x0f\x4c\xb7\xb1\x92\x55\x5c\x2c\
\x8d\x1c\x4a\x84\x8f\x63\xb6\xae\x7c\x3f\xf1\x62\x78\xf7\xc2\x16\
\x3a\xac\x49\xe4\x8b\xc5\xcb\x27\xf7\x48\x25\x58\x7e\x60\xd6\xe0\
\xc0\x6c\xe2\xbf\x72\xe0\x1e\x05\xc9\xf2\x38\x3c\x6e\x55\x39\x4d\
\x56\x4b\x59\x35\xb6\xea\xd6\x4b\x73\xf3\x9e\x39\xf1\x03\x36\xe2\
\x27\x0a\x19\x9c\x61\x1f\x64\xde\x90\x4d\x6b\xb3\xbd\xdb\x24\xa2\
\x8e\xb4\x57\xe9\x27\xe7\xc1\x5c\x2f\xc6\xad\x2e\x7b\x9b\x1b\x2b\
\x88\xa3\x77\x8e\xdd\x9f\xcd\x28\xb9\xda\x1b\x6f\x3f\xa5\x77\x54\
\x50\x07\xcf\xf4\x57\xd0\x14\xd9\xbf\xd5\x37\xd0\xd4\xce\x5c\xb1\
\x72\xec\x34\x33\xcc\x53\xfc\x43\x07\xde\xbc\x97\xf6\xa5\xd4\xed\
\xae\xbc\x39\x61\x64\xb3\xc6\xd7\x22\xf1\x64\x68\xc3\x65\xd5\x44\
\x6f\x92\x47\x6e\xa3\xf3\xaf\x07\xb5\xb9\x78\x46\x55\x8f\xde\x6e\
\xa3\xfd\xaa\xb2\xba\x9c\x8a\x31\xb5\x05\x7f\x29\xf1\x2f\x8d\x51\
\xcd\x32\xfa\xb9\x77\xd5\xbd\x9f\xb4\x5c\xb7\xe6\xbf\xfe\xda\x8f\
\xd5\x32\xee\x08\x78\x5c\x44\x31\x1e\xd6\xf6\xd7\x6b\x7e\xac\xf8\
\xb3\xfe\x0e\x00\xf8\x97\xe2\x7f\x82\xdf\xf0\x4d\xaf\x10\xeb\xde\
\x0f\xf1\x1e\xbd\xe1\x4d\x6e\x0d\x5f\x4d\x8a\x3d\x43\x47\xd4\x25\
\xb1\xba\x8d\x1e\xe0\x06\x51\x2c\x4c\xac\x01\x1c\x10\x0f\x22\xbf\
\x31\x7f\xe0\x8a\x1f\xf0\x50\x9f\x8b\x90\xff\x00\xc1\x45\xfe\x1c\
\xe8\xdf\x10\xfe\x24\x7c\x40\xf1\x3f\x85\xbc\x7f\x0d\xd6\x97\x1d\
\xb7\x88\x3c\x45\x79\x7d\x6a\xcf\x22\xca\xb0\x4b\x1a\x4d\x23\x2e\
\xff\x00\xb5\x40\x22\x0d\x8c\xfc\xce\x07\x5e\x7f\x46\xff\x00\xe0\
\xe4\x8d\x41\xae\x3f\xe0\x96\x5e\x25\x4d\xaa\xa3\xfb\x6b\x4b\xe9\
\xff\x00\x5f\x2b\x5f\x91\x1f\x10\xfc\x23\x7d\xf0\x5f\xf6\x1f\xfd\
\x90\xbe\x3b\xe8\xb6\xc8\xd7\xfa\x16\xad\xab\x58\xc9\x31\x38\x02\
\x6b\x3d\x6a\x6b\xeb\x35\x3f\x52\xf7\x3c\xff\x00\xb3\x5e\xe7\x87\
\x78\x1c\xbf\x15\xc2\xb2\xc1\xd4\x84\x5c\xb1\x15\x6a\x52\x8c\x9a\
\x57\x52\x74\x9c\x95\x9f\xac\x74\xf3\x39\x38\x8e\xbd\x7a\x59\xaa\
\xad\x19\x3b\x53\x8c\x64\xd5\xf7\x5c\xf6\x7a\x7c\xcf\xab\xbf\xe0\
\xe0\x9f\xf8\x29\xff\x00\xc6\x2f\x06\xfe\xdc\xb6\x1f\x0e\x7e\x12\
\x7c\x55\xf8\x99\xe0\x9d\x2b\xe1\xff\x00\x86\x21\x83\x54\xb0\xf0\
\xaf\x88\x6f\x74\xc8\xa7\xbd\x95\xe7\xbf\x9a\x79\x16\xde\x45\x12\
\x15\xb6\x9a\xdc\x16\x6c\xed\x11\x9e\x98\x6a\xfd\x26\xff\x00\x83\
\x42\x7f\x68\xcf\x88\x5f\xb4\xb7\xec\x21\xf1\x1b\x58\xf8\x8f\xe3\
\xbf\x19\x7c\x40\xd5\xac\x7c\x7b\x2d\x9d\xb5\xef\x89\x35\xab\x9d\
\x56\xe2\xde\x01\xa7\xd9\x38\x89\x24\x9d\xdd\x95\x37\x3b\x36\xd0\
\x71\x96\x27\x19\x26\xbf\x1c\x3e\x0b\xe9\x52\xfe\xdb\xda\x4f\xfc\
\x14\x0b\xf6\x8a\xbc\x8e\x47\xb0\xd1\x7c\x26\x7e\xc0\x93\xa0\xf3\
\x6c\xe4\xd4\xf5\x8b\x75\xb4\x5c\x82\x40\x29\x65\x69\x71\x16\x06\
\x73\x9e\xbc\x1c\xfe\xae\x7f\xc1\x93\xbf\xf2\x8e\xef\x8a\x1f\xf6\
\x51\xa6\xff\x00\xd3\x65\x85\x7e\xf3\xc3\xd8\x29\xe0\xf2\xac\x36\
\x12\xa7\xc5\x0a\x70\x8b\xf5\x51\x49\xfe\x27\xc0\x66\x35\x95\x6c\
\x55\x4a\xb1\xda\x52\x6f\xef\x67\xec\xb5\x14\x51\x5e\xc9\xc8\x14\
\x51\x45\x00\x14\xd9\xbf\xd5\x37\xd0\xd3\xa9\x18\x6e\x52\x3d\x6a\
\x2a\x45\xca\x0e\x2b\xa8\xd6\xe7\xc4\xb1\x67\x67\xfc\x08\xff\x00\
\x3a\x7d\x7b\x96\xbd\xfb\x26\x5b\x5f\xea\x93\xcf\x67\xab\x1b\x38\
\x26\x76\x71\x07\xd9\x43\x84\xcf\x60\x77\x0e\x2a\xa8\xfd\x8f\xd8\
\xff\x00\xcc\xc0\x07\xfd\xb9\x7f\xf6\xca\xfe\x26\xc4\x78\x3b\xc5\
\x2a\xb4\xa3\x0a\x17\x8a\x7b\xf3\x47\x5f\xbd\xdc\xfd\xae\x97\x19\
\x65\x6e\x09\xca\xa5\xbe\x4f\xfc\x8f\x80\x7f\xe0\xad\x1f\xb1\xb7\
\x89\xff\x00\x6f\x1f\xd8\xc7\x57\xf8\x75\xe1\x0b\xfd\x07\x4d\xd6\
\xf5\x0d\x42\xce\xee\x39\xf5\x89\xe5\x86\xd5\x52\x19\x83\xb0\x2d\
\x14\x72\x36\x48\x1c\x61\x0f\x3e\x95\xf3\x5f\x89\x7f\xe0\x8a\xbe\
\x37\xf1\x6f\xfc\x11\x93\xc3\xdf\xb3\xed\xe6\xaf\xe0\x96\xf8\x89\
\xe1\x7d\x75\xf5\xbb\x0d\x44\x5d\xdd\x7f\x64\xa3\xbd\xe4\xee\xdf\
\xbd\xfb\x3f\x9d\xcd\xb5\xcc\x8b\xfe\xab\xef\xe0\x74\xf9\xab\xf6\
\x4f\xfe\x18\xf1\xbf\xe8\x60\x1f\xf8\x05\xff\x00\xdb\x28\xff\x00\
\x86\x3e\x6f\xfa\x18\x0f\xfe\x01\x7f\xf6\x75\xf4\x99\x5f\x08\x71\
\xf6\x5f\x85\xa5\x83\xc3\x50\x4a\x14\xea\xaa\xcb\x58\x5f\x9d\x2b\
\x6a\xf9\xb5\x56\xd1\xa3\xce\xc5\x67\x3c\x3f\x88\xab\x3a\xd5\x2a\
\x36\xe5\x1e\x47\xa4\xb6\xbd\xfb\x6f\x7e\xa7\xe6\xa7\xec\x17\xff\
\x00\x04\x0c\xf8\x83\xf0\xbb\xfe\x08\x61\xf1\xd7\xe0\xab\xeb\xde\
\x00\x9b\xe2\x77\xc6\xdd\x4b\xed\x36\xfa\x94\x77\x57\x63\x4a\xb6\
\xb6\x81\xad\x56\x18\xa6\x94\xdb\x79\xd9\x56\x86\xe9\xbe\x58\x88\
\xfd\xf2\x8f\x53\x5f\x4d\x7f\xc1\xbc\x5f\xf0\x4a\xdf\x88\x5f\xf0\
\x49\x6f\xd9\x4f\xc6\x5e\x07\xf8\x8d\xac\xf8\x33\x5a\xd5\xbc\x43\
\xe2\xc9\x35\xdb\x69\x7c\x37\x77\x73\x73\x6e\x90\x35\x9d\xac\x01\
\x5d\xa7\x82\x06\x0f\xba\x16\x38\x0a\x46\x08\xe7\x39\x03\xee\x6f\
\x07\x78\x56\x0f\x06\x78\x76\xd7\x4c\xb6\xdd\xe4\x5a\x26\xc5\x63\
\xd5\xbb\x92\x7e\xa4\x9a\xd6\x4e\x49\x1e\x95\xfd\x53\x96\x7d\x67\
\xea\x94\xbe\xb9\x6f\x6b\xca\xb9\xad\xb7\x35\x95\xed\xf3\x3f\x29\
\xc4\xfb\x3f\x6b\x2f\x63\xf0\xdd\xdb\xd2\xfa\x1e\x0f\xfb\x53\x7f\
\xc1\x45\x7c\x13\xfb\x23\x7c\x41\xb3\xf0\xdf\x89\x34\xbf\x14\xdf\
\x5f\x5f\x69\xc9\xa9\x47\x26\x9b\x6d\x04\xb1\x08\xde\x49\x63\x00\
\x99\x26\x43\xbb\x31\x37\x18\xc6\x08\xe7\xd0\xaf\x8c\x7f\xe0\xb7\
\x5f\xf2\x75\x9e\x1f\xff\x00\xb1\x4e\xdb\xff\x00\x4b\x2f\x68\xae\
\xf3\x23\xf5\x2a\x8a\x28\xa0\x02\x8a\x28\xa0\x03\x19\xa2\x8a\x28\
\x00\xa2\x8a\x28\x00\xa2\x8a\x28\x03\xc0\xff\x00\x6a\x6f\xf8\x27\
\x5f\x82\x7f\x6b\x9f\x88\x36\x7e\x24\xf1\x26\xa9\xe2\x9b\x2b\xeb\
\x2d\x39\x34\xd8\xe3\xd3\x6e\x60\x8a\x23\x1a\x49\x2c\x80\x91\x24\
\x2e\x77\x66\x56\xe7\x38\xc0\x1c\x75\x24\xa2\x8a\x00\xff\xd9\
\x00\x00\x04\x02\
\xff\
\xd8\xff\xe0\x00\x10\x4a\x46\x49\x46\x00\x01\x01\x01\x00\x78\x00\
\x78\x00\x00\xff\xdb\x00\x43\x00\x0a\x07\x07\x09\x07\x06\x0a\x09\
\x08\x09\x0b\x0b\x0a\x0c\x0f\x19\x10\x0f\x0e\x0e\x0f\x1e\x16\x17\
\x12\x19\x24\x20\x26\x25\x23\x20\x23\x22\x28\x2d\x39\x30\x28\x2a\
\x36\x2b\x22\x23\x32\x44\x32\x36\x3b\x3d\x40\x40\x40\x26\x30\x46\
\x4b\x45\x3e\x4a\x39\x3f\x40\x3d\xff\xdb\x00\x43\x01\x0b\x0b\x0b\
\x0f\x0d\x0f\x1d\x10\x10\x1d\x3d\x29\x23\x29\x3d\x3d\x3d\x3d\x3d\
\x3d\x3d\x3d\x3d\x3d\x3d\x3d\x3d\x3d\x3d\x3d\x3d\x3d\x3d\x3d\x3d\
\x3d\x3d\x3d\x3d\x3d\x3d\x3d\x3d\x3d\x3d\x3d\x3d\x3d\x3d\x3d\x3d\
\x3d\x3d\x3d\x3d\x3d\x3d\x3d\x3d\x3d\x3d\x3d\x3d\x3d\xff\xc0\x00\
\x11\x08\x00\x2a\x00\x2b\x03\x01\x22\x00\x02\x11\x01\x03\x11\x01\
\xff\xc4\x00\x1f\x00\x00\x01\x05\x01\x01\x01\x01\x01\x01\x00\x00\
\x00\x00\x00\x00\x00\x00\x01\x02\x03\x04\x05\x06\x07\x08\x09\x0a\
\x0b\xff\xc4\x00\xb5\x10\x00\x02\x01\x03\x03\x02\x04\x03\x05\x05\
\x04\x04\x00\x00\x01\x7d\x01\x02\x03\x00\x04\x11\x05\x12\x21\x31\
\x41\x06\x13\x51\x61\x07\x22\x71\x14\x32\x81\x91\xa1\x08\x23\x42\
\xb1\xc1\x15\x52\xd1\xf0\x24\x33\x62\x72\x82\x09\x0a\x16\x17\x18\
\x19\x1a\x25\x26\x27\x28\x29\x2a\x34\x35\x36\x37\x38\x39\x3a\x43\
\x44\x45\x46\x47\x48\x49\x4a\x53\x54\x55\x56\x57\x58\x59\x5a\x63\
\x64\x65\x66\x67\x68\x69\x6a\x73\x74\x75\x76\x77\x78\x79\x7a\x83\
\x84\x85\x86\x87\x88\x89\x8a\x92\x93\x94\x95\x96\x97\x98\x99\x9a\
\xa2\xa3\xa4\xa5\xa6\xa7\xa8\xa9\xaa\xb2\xb3\xb4\xb5\xb6\xb7\xb8\
\xb9\xba\xc2\xc3\xc4\xc5\xc6\xc7\xc8\xc9\xca\xd2\xd3\xd4\xd5\xd6\
\xd7\xd8\xd9\xda\xe1\xe2\xe3\xe4\xe5\xe6\xe7\xe8\xe9\xea\xf1\xf2\
\xf3\xf4\xf5\xf6\xf7\xf8\xf9\xfa\xff\xc4\x00\x1f\x01\x00\x03\x01\
\x01\x01\x01\x01\x01\x01\x01\x01\x00\x00\x00\x00\x00\x00\x01\x02\
\x03\x04\x05\x06\x07\x08\x09\x0a\x0b\xff\xc4\x00\xb5\x11\x00\x02\
\x01\x02\x04\x04\x03\x04\x07\x05\x04\x04\x00\x01\x02\x77\x00\x01\
\x02\x03\x11\x04\x05\x21\x31\x06\x12\x41\x51\x07\x61\x71\x13\x22\
\x32\x81\x08\x14\x42\x91\xa1\xb1\xc1\x09\x23\x33\x52\xf0\x15\x62\
\x72\xd1\x0a\x16\x24\x34\xe1\x25\xf1\x17\x18\x19\x1a\x26\x27\x28\
\x29\x2a\x35\x36\x37\x38\x39\x3a\x43\x44\x45\x46\x47\x48\x49\x4a\
\x53\x54\x55\x56\x57\x58\x59\x5a\x63\x64\x65\x66\x67\x68\x69\x6a\
\x73\x74\x75\x76\x77\x78\x79\x7a\x82\x83\x84\x85\x86\x87\x88\x89\
\x8a\x92\x93\x94\x95\x96\x97\x98\x99\x9a\xa2\xa3\xa4\xa5\xa6\xa7\
\xa8\xa9\xaa\xb2\xb3\xb4\xb5\xb6\xb7\xb8\xb9\xba\xc2\xc3\xc4\xc5\
\xc6\xc7\xc8\xc9\xca\xd2\xd3\xd4\xd5\xd6\xd7\xd8\xd9\xda\xe2\xe3\
\xe4\xe5\xe6\xe7\xe8\xe9\xea\xf2\xf3\xf4\xf5\xf6\xf7\xf8\xf9\xfa\
\xff\xda\x00\x0c\x03\x01\x00\x02\x11\x03\x11\x00\x3f\x00\xf6\x2c\
\xd2\x33\xaa\x29\x66\x60\x00\x19\x39\xa6\xb3\x04\x56\x62\x46\x00\
\xcf\x35\xe7\xda\xce\xb5\x3e\xa5\x76\xc7\x73\x47\x12\x12\x15\x41\
\xae\x3c\x66\x32\x38\x68\xa6\xd5\xdb\x3a\xb0\xb8\x59\x62\x25\x65\
\xa2\x47\x65\xff\x00\x09\x0e\x96\x0e\x3e\xd6\x95\x6e\xd6\xf6\xde\
\xf6\x32\xf6\xf2\xab\xa8\x38\xc8\xae\x13\x4d\x83\x4e\x6b\x0b\x86\
\xbe\x47\xf3\xf9\xf2\xc8\x1c\x56\x7d\xad\xcc\xd6\x92\x2c\x90\xc8\
\xca\x54\xe4\x00\x78\xaf\x3d\x66\xb3\x8f\x2b\x9a\x4d\x3e\xdb\x9d\
\xef\x2d\x84\xae\xa0\xdd\xd7\x7d\x8f\x52\xcd\x19\xac\xfd\x1b\x53\
\xfe\xd3\xd3\xd6\x76\x01\x5f\x38\x61\xfd\x6a\xf6\x6b\xda\xa7\x38\
\xd4\x8a\x94\x76\x67\x91\x38\x4a\x12\x71\x96\xe8\xcb\xf1\x13\x11\
\xa0\xdc\x10\x48\x38\xea\x2b\xcf\xba\x8a\xf4\xeb\x88\x63\xba\xb7\
\x78\x65\x5d\xc8\xc3\xa1\xaf\x39\xbf\xb3\x97\x4f\xba\x78\xa7\x5d\
\xa4\x1e\x3d\x08\xaf\x0b\x38\xa5\x2e\x68\xd4\xe9\xb1\xec\xe5\x55\
\x23\xcb\x28\x75\xdc\xe9\x34\x19\x5a\xe3\xc3\xd7\x82\x50\x8c\x22\
\x05\x53\xe5\xe4\x0c\x57\x26\x2b\xac\xf0\xf4\x22\x2d\x12\xe1\x24\
\x9a\x25\x6b\x80\x76\x02\xdf\xce\xb9\x67\x89\xa2\x9d\xa1\x38\x67\
\x07\x1f\x2f\x39\xae\x4c\x5a\x93\xa3\x49\xbe\xc7\x56\x15\xaf\x6b\
\x55\x2e\xe7\x47\xe0\xa2\x7e\xd7\x72\x32\x71\xb4\x71\x5d\x6d\x63\
\x78\x6f\x4d\x3a\x7d\x80\x69\xa3\x0b\x71\x27\x24\xfb\x56\xbe\x6b\
\xde\xc0\x53\x95\x2c\x3c\x63\x2d\xcf\x13\x1d\x52\x35\x2b\xca\x51\
\xd8\x4c\xd4\x17\x76\x56\xd7\xcb\x8b\x88\x95\xc8\x18\x52\x7b\x54\
\xf4\x57\x5c\xa2\xa4\xad\x25\x74\x73\x26\xe2\xee\x99\xcf\x7f\xc2\
\x1b\x6b\xff\x00\x3f\x32\xd5\xed\x3f\x40\xb3\xd3\xd4\x1d\xbe\x6c\
\x80\xe5\x5d\xba\x8a\xd2\xa0\xd7\x3c\x30\x74\x20\xf9\xa3\x15\x73\
\x79\xe2\xeb\x4d\x72\xca\x4e\xc2\xe6\x8a\x41\x45\x74\x1c\xe7\xff\
\xd9\
\x00\x00\x07\x1f\
\xff\
\xd8\xff\xe0\x00\x10\x4a\x46\x49\x46\x00\x01\x01\x01\x00\x60\x00\
\x60\x00\x00\xff\xdb\x00\x43\x00\x03\x02\x02\x03\x02\x02\x03\x03\
\x03\x03\x04\x03\x03\x04\x05\x08\x05\x05\x04\x04\x05\x0a\x07\x07\
\x06\x08\x0c\x0a\x0c\x0c\x0b\x0a\x0b\x0b\x0d\x0e\x12\x10\x0d\x0e\
\x11\x0e\x0b\x0b\x10\x16\x10\x11\x13\x14\x15\x15\x15\x0c\x0f\x17\
\x18\x16\x14\x18\x12\x14\x15\x14\xff\xdb\x00\x43\x01\x03\x04\x04\
\x05\x04\x05\x09\x05\x05\x09\x14\x0d\x0b\x0d\x14\x14\x14\x14\x14\
\x14\x14\x14\x14\x14\x14\x14\x14\x14\x14\x14\x14\x14\x14\x14\x14\
\x14\x14\x14\x14\x14\x14\x14\x14\x14\x14\x14\x14\x14\x14\x14\x14\
\x14\x14\x14\x14\x14\x14\x14\x14\x14\x14\x14\x14\x14\xff\xc0\x00\
\x11\x08\x00\x58\x00\x54\x03\x01\x22\x00\x02\x11\x01\x03\x11\x01\
\xff\xc4\x00\x1f\x00\x00\x01\x05\x01\x01\x01\x01\x01\x01\x00\x00\
\x00\x00\x00\x00\x00\x00\x01\x02\x03\x04\x05\x06\x07\x08\x09\x0a\
\x0b\xff\xc4\x00\xb5\x10\x00\x02\x01\x03\x03\x02\x04\x03\x05\x05\
\x04\x04\x00\x00\x01\x7d\x01\x02\x03\x00\x04\x11\x05\x12\x21\x31\
\x41\x06\x13\x51\x61\x07\x22\x71\x14\x32\x81\x91\xa1\x08\x23\x42\
\xb1\xc1\x15\x52\xd1\xf0\x24\x33\x62\x72\x82\x09\x0a\x16\x17\x18\
\x19\x1a\x25\x26\x27\x28\x29\x2a\x34\x35\x36\x37\x38\x39\x3a\x43\
\x44\x45\x46\x47\x48\x49\x4a\x53\x54\x55\x56\x57\x58\x59\x5a\x63\
\x64\x65\x66\x67\x68\x69\x6a\x73\x74\x75\x76\x77\x78\x79\x7a\x83\
\x84\x85\x86\x87\x88\x89\x8a\x92\x93\x94\x95\x96\x97\x98\x99\x9a\
\xa2\xa3\xa4\xa5\xa6\xa7\xa8\xa9\xaa\xb2\xb3\xb4\xb5\xb6\xb7\xb8\
\xb9\xba\xc2\xc3\xc4\xc5\xc6\xc7\xc8\xc9\xca\xd2\xd3\xd4\xd5\xd6\
\xd7\xd8\xd9\xda\xe1\xe2\xe3\xe4\xe5\xe6\xe7\xe8\xe9\xea\xf1\xf2\
\xf3\xf4\xf5\xf6\xf7\xf8\xf9\xfa\xff\xc4\x00\x1f\x01\x00\x03\x01\
\x01\x01\x01\x01\x01\x01\x01\x01\x00\x00\x00\x00\x00\x00\x01\x02\
\x03\x04\x05\x06\x07\x08\x09\x0a\x0b\xff\xc4\x00\xb5\x11\x00\x02\
\x01\x02\x04\x04\x03\x04\x07\x05\x04\x04\x00\x01\x02\x77\x00\x01\
\x02\x03\x11\x04\x05\x21\x31\x06\x12\x41\x51\x07\x61\x71\x13\x22\
\x32\x81\x08\x14\x42\x91\xa1\xb1\xc1\x09\x23\x33\x52\xf0\x15\x62\
\x72\xd1\x0a\x16\x24\x34\xe1\x25\xf1\x17\x18\x19\x1a\x26\x27\x28\
\x29\x2a\x35\x36\x37\x38\x39\x3a\x43\x44\x45\x46\x47\x48\x49\x4a\
\x53\x54\x55\x56\x57\x58\x59\x5a\x63\x64\x65\x66\x67\x68\x69\x6a\
\x73\x74\x75\x76\x77\x78\x79\x7a\x82\x83\x84\x85\x86\x87\x88\x89\
\x8a\x92\x93\x94\x95\x96\x97\x98\x99\x9a\xa2\xa3\xa4\xa5\xa6\xa7\
\xa8\xa9\xaa\xb2\xb3\xb4\xb5\xb6\xb7\xb8\xb9\xba\xc2\xc3\xc4\xc5\
\xc6\xc7\xc8\xc9\xca\xd2\xd3\xd4\xd5\xd6\xd7\xd8\xd9\xda\xe2\xe3\
\xe4\xe5\xe6\xe7\xe8\xe9\xea\xf2\xf3\xf4\xf5\xf6\xf7\xf8\xf9\xfa\
\xff\xda\x00\x0c\x03\x01\x00\x02\x11\x03\x11\x00\x3f\x00\xfd\x53\
\xa2\x8a\x28\x00\xa2\x8a\x28\x00\xa2\x8a\x28\x00\xa2\xb3\xf5\x8f\
\x10\x69\x7e\x1e\x85\x25\xd5\x75\x2b\x3d\x32\x27\x38\x57\xbc\x9d\
\x22\x56\x3e\x80\xb1\x1e\xb5\x91\xff\x00\x0b\x43\xc1\xbf\xf4\x36\
\xe8\x5f\xf8\x32\x87\xff\x00\x8a\xae\x6a\x98\xaa\x14\xa5\xcb\x52\
\xa2\x4f\xcd\xa4\x75\x53\xc2\xe2\x2a\xc7\x9a\x9d\x36\xd7\x92\x6c\
\xe9\xe8\xae\x72\xdf\xe2\x47\x84\xae\xe6\x48\x60\xf1\x46\x8b\x34\
\xce\x70\xb1\xc7\xa8\x42\xcc\xc7\xd0\x00\xdc\xd7\x47\x57\x4e\xb5\
\x2a\xc9\xba\x52\x52\xb7\x67\x73\x3a\x94\x6a\xd1\x69\x55\x8b\x8d\
\xfb\xab\x05\x14\x51\x5b\x18\x85\x45\x71\x75\x0d\x9c\x7e\x64\xd2\
\x2c\x49\xd3\x73\x1c\x54\xb5\xcb\x78\xeb\x3b\x2c\x87\x6c\xbf\xf4\
\xa0\x0d\x3f\xf8\x4a\x74\xbf\xf9\xfa\xff\x00\xc8\x6d\xfe\x14\x7f\
\xc2\x53\xa5\xff\x00\xcf\xd7\xfe\x43\x6f\xf0\xae\x03\x69\xa3\x69\
\xa0\x0e\xff\x00\xfe\x12\x9d\x2f\xfe\x7e\xbf\xf2\x1b\x7f\x85\x5c\
\xb2\xd4\xad\xb5\x05\x26\xde\x65\x93\x1d\x47\x42\x3f\x03\x5e\x69\
\xb4\xd6\xff\x00\x82\xbf\xe4\x2d\x2f\xfd\x70\x3f\xfa\x12\xd0\x07\
\xcf\xff\x00\xb5\xb4\x26\x6f\x89\x1a\x68\x27\x2a\xba\x4c\x78\x53\
\xd0\x13\x34\xd9\x3f\xa0\xfc\xab\xc4\xfe\xc4\x3f\xba\x2b\xd9\x7f\
\x6b\xa7\x64\xf8\x9d\xa7\x15\x24\x7f\xc4\x9e\x2e\x9f\xf5\xda\x7a\
\xf1\x51\x79\x30\xff\x00\x96\x86\xbf\x93\xf8\xa5\x4b\xfb\x6b\x13\
\x67\xf6\xbf\x44\x7f\x55\xf0\xcc\x65\xfd\x8d\x86\xb3\xfb\x24\xbf\
\x61\x07\xaa\x8f\xca\xbe\xff\x00\xf8\x6f\x23\xcd\xf0\xef\xc2\xcf\
\x2b\xb4\x92\x36\x95\x6a\xcc\xec\x72\x58\x98\x57\x24\x9f\x5a\xfc\
\xfa\x6b\xa9\x5b\xac\x87\xf9\x57\xe8\x0f\xc2\xff\x00\xf9\x26\x7e\
\x11\xff\x00\xb0\x45\xa7\xfe\x89\x4a\xfb\x6f\x0d\xf9\x96\x2b\x11\
\x77\xf6\x57\xe6\x7c\x57\x88\x91\x6b\x0b\x87\x72\xfe\x67\xf9\x1d\
\x3d\x14\x51\x5f\xbd\x1f\x84\x85\x72\xde\x38\x6d\xab\x64\x31\x9e\
\x5f\xfa\x57\x53\x5c\xa7\x8e\xbf\xe5\xc7\xfe\x07\xff\x00\xb2\xd0\
\x07\x32\x1d\x7e\x94\xbb\x93\xd6\xa1\xa2\x80\x25\x2e\xbf\x5a\xdd\
\xf0\x5b\x6e\xd5\x65\xe3\x1f\xb9\x3f\xfa\x12\xd5\xeb\x5f\x04\xdb\
\x9b\x74\x37\x12\xcb\xe7\x11\x96\x11\x90\x00\xf6\xe8\x6b\x3f\xc4\
\x9f\xf1\x41\xd8\xc7\xa8\x58\x7e\xfa\x69\x24\x10\x32\xdc\xfc\xcb\
\xb4\x82\xd9\x18\xc7\x39\x51\x5c\x78\xcc\x55\x3c\x0d\x09\xe2\x6b\
\x7c\x31\x57\x66\xd4\x69\x4a\xbd\x45\x4e\x1b\xb3\xcb\xff\x00\x68\
\xef\x83\x7e\x27\xf1\xe7\x8a\xac\x35\x8d\x06\xd6\x2b\xf8\x92\xc9\
\x6d\x24\x87\xcf\x48\xdd\x59\x64\x76\xdd\xf3\x90\x08\x22\x4f\x5c\
\xf0\x6b\xc8\xff\x00\xe1\x9b\xbe\x23\x7f\xd0\xbb\xff\x00\x93\xd6\
\xdf\xfc\x72\xbe\x87\xff\x00\x85\xb5\xac\x7f\xcf\xb5\x8f\xfd\xf0\
\xff\x00\xfc\x5d\x28\xf8\xb7\xab\xe4\x66\xd6\xc8\x8f\xf7\x1f\xff\
\x00\x8a\xaf\xc3\x33\x09\xf0\xb6\x65\x8a\x9e\x2e\xad\x5a\xaa\x53\
\x77\x76\x4a\xdf\x8c\x5b\x3f\x5a\xcb\xf3\xac\xfb\x2d\xc2\xc3\x09\
\x4a\x9d\x37\x18\x2b\x2b\xde\xff\x00\x84\x97\xe4\x7c\xf5\x0f\xec\
\xd5\xf1\x12\x59\x91\x1b\x42\x58\x55\x8e\x0c\x8f\x7b\x01\x55\xf7\
\x38\x72\x7f\x21\x5f\x64\xf8\x47\x45\x7f\x0e\x78\x53\x45\xd2\x65\
\x91\x66\x92\xc2\xca\x1b\x56\x91\x46\x03\x14\x8d\x54\x91\xec\x71\
\x52\xf8\x7f\x57\x5d\x7b\x47\xb5\xbf\x44\xf2\xc4\xcb\x92\xbe\x84\
\x12\x08\xfc\xc1\xad\x1a\xfd\x3b\x87\xf2\x0c\x06\x53\x17\x89\xc0\
\xce\x52\x55\x12\xd6\x4d\x6d\xba\xb5\x92\xdc\xf8\xec\xfb\x88\xb1\
\xd9\xd7\x2d\x1c\x5c\x63\x1e\x46\xf4\x8a\x7b\xed\xad\xdb\x0a\x28\
\xa2\xbe\xc4\xf9\x00\xae\x67\xc6\xd6\xb2\xcb\x05\xb4\xc8\x8c\xc9\
\x19\x6d\xe5\x46\x71\x9c\x73\xfa\x57\x4d\x45\x00\x79\x4d\x15\xea\
\xd4\x50\x01\x5c\x2f\xc5\x6b\xa8\x64\xd2\x6d\x6d\x44\xaa\x6e\x3e\
\xd2\xae\x63\x07\xe6\x0a\x11\xb9\x23\xb7\x51\xf9\xd7\x95\x45\x2b\
\x20\xe0\xf7\x3d\x47\xbd\x4c\xb7\x6c\xbf\xc2\xb5\xf8\x4e\x65\xc6\
\xeb\x32\xc1\xcf\x0b\xec\x39\x39\xd5\xaf\xcd\x7f\xfd\xb5\x1f\x79\
\x86\xc8\xfe\xad\x5a\x35\x7d\xa5\xed\xe5\x6f\xd5\x8b\xe4\xd1\xe4\
\x7b\x52\x1b\xc6\xec\xaa\x2a\x36\x9d\xdf\xab\x71\xed\x5f\x9b\x39\
\x52\x5b\x1f\x4b\xef\x1e\xd3\xf0\xe8\x6d\xf0\x6e\x9e\x3f\xeb\xa7\
\xfe\x8c\x6a\xe9\x2b\x9a\xf8\x6f\xff\x00\x22\x5e\x9d\xf4\x93\xff\
\x00\x46\x35\x74\xb5\xfd\x4b\x92\xff\x00\xc8\xaf\x0b\xff\x00\x5e\
\xe1\xff\x00\xa4\xa3\xf2\xbc\x6f\xfb\xd5\x5f\xf1\x3f\xcd\x85\x14\
\x51\x5e\xd1\xc4\x14\x51\x45\x00\x14\x51\x45\x00\x7c\xda\xbd\x3f\
\x13\xfc\xe9\xd5\xea\x1a\x87\xc2\x3b\x7b\x9b\xc9\xa5\xb7\xbf\x36\
\xb1\x3b\x16\x10\xf9\x21\x82\xe7\xb0\x3b\x87\x15\x5f\xfe\x14\xe8\
\xff\x00\xa0\xb9\xff\x00\xc0\x6f\xfe\xce\xbf\x9a\xa5\xc1\x99\xdc\
\x64\xe2\xa8\xdd\x2e\xbc\xd1\xd7\xef\x77\x3f\x4b\x59\xce\x09\xab\
\xb9\xdb\xe4\xff\x00\xc8\xf3\x7a\x2b\xd2\x3f\xe1\x4e\x8f\xfa\x0b\
\x9f\xfc\x06\xff\x00\xec\xe8\xff\x00\x85\x3a\x3f\xe8\x2e\x7f\xf0\
\x1b\xff\x00\xb2\xa9\xff\x00\x53\xb3\xcf\xf9\xf1\xff\x00\x93\x43\
\xff\x00\x92\x1f\xf6\xc6\x07\xfe\x7e\x7e\x0f\xfc\x8e\x8f\xe1\xbf\
\xfc\x89\x7a\x77\xd2\x4f\xfd\x18\xd5\xd2\xd5\x3d\x23\x4b\x87\x45\
\xd3\x6d\xec\xa0\xcf\x95\x0a\xed\x05\xba\x9e\xe4\x9f\xa9\x26\xae\
\x57\xf4\x36\x5b\x87\x9e\x17\x05\x43\x0f\x53\xe2\x84\x22\x9f\xaa\
\x49\x33\xf3\xcc\x4d\x45\x56\xbc\xea\x47\x66\xdb\xfb\xd8\x51\x45\
\x15\xe8\x9c\xc1\x45\x14\x50\x01\x45\x14\x50\x01\x45\x14\x50\x01\
\x45\x14\x50\x01\x45\x14\x50\x01\x45\x14\x50\x07\xff\xd9\
\x00\x00\x30\x5a\
\xff\
\xd8\xff\xe0\x00\x10\x4a\x46\x49\x46\x00\x01\x01\x01\x00\x60\x00\
\x60\x00\x00\xff\xe1\x02\xb2\x45\x78\x69\x66\x00\x00\x4d\x4d\x00\
\x2a\x00\x00\x00\x08\x00\x02\x87\x69\x00\x04\x00\x00\x00\x01\x00\
\x00\x01\x32\xea\x1c\x00\x07\x00\x00\x01\x0c\x00\x00\x00\x26\x00\
\x00\x00\x00\x1c\xea\x00\x00\x00\x01\x00\x00\x00\x00\x00\x00\x00\
\x00\x00\x00\x00\x00\x00\x00\x00\x00\x00\x00\x00\x00\x00\x00\x00\
\x00\x00\x00\x00\x00\x00\x00\x00\x00\x00\x00\x00\x00\x00\x00\x00\
\x00\x00\x00\x00\x00\x00\x00\x00\x00\x00\x00\x00\x00\x00\x00\x00\
\x00\x00\x00\x00\x00\x00\x00\x00\x00\x00\x00\x00\x00\x00\x00\x00\
\x00\x00\x00\x00\x00\x00\x00\x00\x00\x00\x00\x00\x00\x00\x00\x00\
\x00\x00\x00\x00\x00\x00\x00\x00\x00\x00\x00\x00\x00\x00\x00\x00\
\x00\x00\x00\x00\x00\x00\x00\x00\x00\x00\x00\x00\x00\x00\x00\x00\
\x00\x00\x00\x00\x00\x00\x00\x00\x00\x00\x00\x00\x00\x00\x00\x00\
\x00\x00\x00\x00\x00\x00\x00\x00\x00\x00\x00\x00\x00\x00\x00\x00\
\x00\x00\x00\x00\x00\x00\x00\x00\x00\x00\x00\x00\x00\x00\x00\x00\
\x00\x00\x00\x00\x00\x00\x00\x00\x00\x00\x00\x00\x00\x00\x00\x00\
\x00\x00\x00\x00\x00\x00\x00\x00\x00\x00\x00\x00\x00\x00\x00\x00\
\x00\x00\x00\x00\x00\x00\x00\x00\x00\x00\x00\x00\x00\x00\x00\x00\
\x00\x00\x00\x00\x00\x00\x00\x00\x00\x00\x00\x00\x00\x00\x00\x00\
\x00\x00\x00\x00\x00\x00\x00\x00\x00\x00\x00\x00\x00\x00\x00\x00\
\x00\x00\x00\x00\x00\x00\x00\x00\x00\x00\x00\x00\x00\x00\x00\x00\
\x05\x90\x03\x00\x02\x00\x00\x00\x14\x00\x00\x02\x80\x90\x04\x00\
\x02\x00\x00\x00\x14\x00\x00\x02\x94\x92\x91\x00\x02\x00\x00\x00\
\x03\x30\x30\x00\x00\x92\x92\x00\x02\x00\x00\x00\x03\x30\x30\x00\
\x00\xea\x1c\x00\x07\x00\x00\x01\x0c\x00\x00\x01\x74\x00\x00\x00\
\x00\x1c\xea\x00\x00\x00\x01\x00\x00\x00\x00\x00\x00\x00\x00\x00\
\x00\x00\x00\x00\x00\x00\x00\x00\x00\x00\x00\x00\x00\x00\x00\x00\
\x00\x00\x00\x00\x00\x00\x00\x00\x00\x00\x00\x00\x00\x00\x00\x00\
\x00\x00\x00\x00\x00\x00\x00\x00\x00\x00\x00\x00\x00\x00\x00\x00\
\x00\x00\x00\x00\x00\x00\x00\x00\x00\x00\x00\x00\x00\x00\x00\x00\
\x00\x00\x00\x00\x00\x00\x00\x00\x00\x00\x00\x00\x00\x00\x00\x00\
\x00\x00\x00\x00\x00\x00\x00\x00\x00\x00\x00\x00\x00\x00\x00\x00\
\x00\x00\x00\x00\x00\x00\x00\x00\x00\x00\x00\x00\x00\x00\x00\x00\
\x00\x00\x00\x00\x00\x00\x00\x00\x00\x00\x00\x00\x00\x00\x00\x00\
\x00\x00\x00\x00\x00\x00\x00\x00\x00\x00\x00\x00\x00\x00\x00\x00\
\x00\x00\x00\x00\x00\x00\x00\x00\x00\x00\x00\x00\x00\x00\x00\x00\
\x00\x00\x00\x00\x00\x00\x00\x00\x00\x00\x00\x00\x00\x00\x00\x00\
\x00\x00\x00\x00\x00\x00\x00\x00\x00\x00\x00\x00\x00\x00\x00\x00\
\x00\x00\x00\x00\x00\x00\x00\x00\x00\x00\x00\x00\x00\x00\x00\x00\
\x00\x00\x00\x00\x00\x00\x00\x00\x00\x00\x00\x00\x00\x00\x00\x00\
\x00\x00\x00\x00\x00\x00\x00\x00\x00\x00\x00\x00\x00\x00\x00\x00\
\x00\x00\x00\x00\x00\x00\x00\x00\x00\x00\x00\x00\x00\x32\x30\x32\
\x36\x3a\x30\x35\x3a\x32\x33\x20\x31\x35\x3a\x33\x32\x3a\x33\x31\
\x00\x32\x30\x32\x36\x3a\x30\x35\x3a\x32\x33\x20\x31\x35\x3a\x33\
\x32\x3a\x33\x31\x00\x00\x00\xff\xe1\x02\xac\x68\x74\x74\x70\x3a\
\x2f\x2f\x6e\x73\x2e\x61\x64\x6f\x62\x65\x2e\x63\x6f\x6d\x2f\x78\
\x61\x70\x2f\x31\x2e\x30\x2f\x00\x3c\x3f\x78\x70\x61\x63\x6b\x65\
\x74\x20\x62\x65\x67\x69\x6e\x3d\x27\xef\xbb\xbf\x27\x20\x69\x64\
\x3d\x27\x57\x35\x4d\x30\x4d\x70\x43\x65\x68\x69\x48\x7a\x72\x65\
\x53\x7a\x4e\x54\x63\x7a\x6b\x63\x39\x64\x27\x3f\x3e\x0d\x0a\x3c\
\x78\x3a\x78\x6d\x70\x6d\x65\x74\x61\x20\x78\x6d\x6c\x6e\x73\x3a\
\x78\x3d\x22\x61\x64\x6f\x62\x65\x3a\x6e\x73\x3a\x6d\x65\x74\x61\
\x2f\x22\x3e\x3c\x72\x64\x66\x3a\x52\x44\x46\x20\x78\x6d\x6c\x6e\
\x73\x3a\x72\x64\x66\x3d\x22\x68\x74\x74\x70\x3a\x2f\x2f\x77\x77\
\x77\x2e\x77\x33\x2e\x6f\x72\x67\x2f\x31\x39\x39\x39\x2f\x30\x32\
\x2f\x32\x32\x2d\x72\x64\x66\x2d\x73\x79\x6e\x74\x61\x78\x2d\x6e\
\x73\x23\x22\x3e\x3c\x72\x64\x66\x3a\x44\x65\x73\x63\x72\x69\x70\
\x74\x69\x6f\x6e\x20\x72\x64\x66\x3a\x61\x62\x6f\x75\x74\x3d\x22\
\x75\x75\x69\x64\x3a\x66\x61\x66\x35\x62\x64\x64\x35\x2d\x62\x61\
\x33\x64\x2d\x31\x31\x64\x61\x2d\x61\x64\x33\x31\x2d\x64\x33\x33\
\x64\x37\x35\x31\x38\x32\x66\x31\x62\x22\x20\x78\x6d\x6c\x6e\x73\
\x3a\x65\x78\x69\x66\x3d\x22\x68\x74\x74\x70\x3a\x2f\x2f\x6e\x73\
\x2e\x61\x64\x6f\x62\x65\x2e\x63\x6f\x6d\x2f\x65\x78\x69\x66\x2f\
\x31\x2e\x30\x2f\x22\x3e\x3c\x65\x78\x69\x66\x3a\x44\x61\x74\x65\
\x54\x69\x6d\x65\x4f\x72\x69\x67\x69\x6e\x61\x6c\x3e\x32\x30\x32\
\x36\x2d\x30\x35\x2d\x32\x33\x54\x31\x35\x3a\x33\x32\x3a\x33\x31\
\x3c\x2f\x65\x78\x69\x66\x3a\x44\x61\x74\x65\x54\x69\x6d\x65\x4f\
\x72\x69\x67\x69\x6e\x61\x6c\x3e\x3c\x2f\x72\x64\x66\x3a\x44\x65\
\x73\x63\x72\x69\x70\x74\x69\x6f\x6e\x3e\x3c\x2f\x72\x64\x66\x3a\
\x52\x44\x46\x3e\x3c\x2f\x78\x3a\x78\x6d\x70\x6d\x65\x74\x61\x3e\
\x0d\x0a\x20\x20\x20\x20\x20\x20\x20\x20\x20\x20\x20\x20\x20\x20\
\x20\x20\x20\x20\x20\x20\x20\x20\x20\x20\x20\x20\x20\x20\x20\x20\
\x20\x20\x20\x20\x20\x20\x20\x20\x20\x20\x20\x20\x20\x20\x20\x20\
\x20\x20\x20\x20\x20\x20\x20\x20\x20\x20\x20\x20\x20\x20\x20\x20\
\x20\x20\x20\x20\x20\x20\x20\x20\x20\x20\x20\x20\x20\x20\x20\x20\
\x20\x20\x20\x20\x20\x20\x20\x20\x20\x20\x20\x20\x20\x20\x20\x20\
\x20\x20\x20\x20\x20\x20\x0a\x20\x20\x20\x20\x20\x20\x20\x20\x20\
\x20\x20\x20\x20\x20\x20\x20\x20\x20\x20\x20\x20\x20\x20\x20\x20\
\x20\x20\x20\x20\x20\x20\x20\x20\x20\x20\x20\x20\x20\x20\x20\x20\
\x20\x20\x20\x20\x20\x20\x20\x20\x20\x20\x20\x20\x20\x20\x20\x20\
\x20\x20\x20\x20\x20\x20\x20\x20\x20\x20\x20\x20\x20\x20\x20\x20\
\x20\x20\x20\x20\x20\x20\x20\x20\x20\x20\x20\x20\x20\x20\x20\x20\
\x20\x20\x20\x20\x20\x20\x20\x20\x20\x20\x20\x0a\x20\x20\x20\x20\
\x20\x20\x20\x20\x20\x20\x20\x20\x20\x20\x20\x20\x20\x20\x20\x20\
\x20\x20\x20\x20\x20\x20\x20\x20\x20\x20\x20\x20\x20\x20\x20\x20\
\x20\x20\x20\x20\x20\x20\x20\x20\x20\x20\x20\x20\x20\x20\x20\x20\
\x20\x20\x3c\x3f\x78\x70\x61\x63\x6b\x65\x74\x20\x65\x6e\x64\x3d\
\x27\x77\x27\x3f\x3e\xff\xdb\x00\x43\x00\x03\x02\x02\x03\x02\x02\
\x03\x03\x03\x03\x04\x03\x03\x04\x05\x08\x05\x05\x04\x04\x05\x0a\
\x07\x07\x06\x08\x0c\x0a\x0c\x0c\x0b\x0a\x0b\x0b\x0d\x0e\x12\x10\
\x0d\x0e\x11\x0e\x0b\x0b\x10\x16\x10\x11\x13\x14\x15\x15\x15\x0c\
\x0f\x17\x18\x16\x14\x18\x12\x14\x15\x14\xff\xdb\x00\x43\x01\x03\
\x04\x04\x05\x04\x05\x09\x05\x05\x09\x14\x0d\x0b\x0d\x14\x14\x14\
\x14\x14\x14\x14\x14\x14\x14\x14\x14\x14\x14\x14\x14\x14\x14\x14\
\x14\x14\x14\x14\x14\x14\x14\x14\x14\x14\x14\x14\x14\x14\x14\x14\
\x14\x14\x14\x14\x14\x14\x14\x14\x14\x14\x14\x14\x14\x14\x14\xff\
\xc0\x00\x11\x08\x01\x00\x01\x00\x03\x01\x22\x00\x02\x11\x01\x03\
\x11\x01\xff\xc4\x00\x1f\x00\x00\x01\x05\x01\x01\x01\x01\x01\x01\
\x00\x00\x00\x00\x00\x00\x00\x00\x01\x02\x03\x04\x05\x06\x07\x08\
\x09\x0a\x0b\xff\xc4\x00\xb5\x10\x00\x02\x01\x03\x03\x02\x04\x03\
\x05\x05\x04\x04\x00\x00\x01\x7d\x01\x02\x03\x00\x04\x11\x05\x12\
\x21\x31\x41\x06\x13\x51\x61\x07\x22\x71\x14\x32\x81\x91\xa1\x08\
\x23\x42\xb1\xc1\x15\x52\xd1\xf0\x24\x33\x62\x72\x82\x09\x0a\x16\
\x17\x18\x19\x1a\x25\x26\x27\x28\x29\x2a\x34\x35\x36\x37\x38\x39\
\x3a\x43\x44\x45\x46\x47\x48\x49\x4a\x53\x54\x55\x56\x57\x58\x59\
\x5a\x63\x64\x65\x66\x67\x68\x69\x6a\x73\x74\x75\x76\x77\x78\x79\
\x7a\x83\x84\x85\x86\x87\x88\x89\x8a\x92\x93\x94\x95\x96\x97\x98\
\x99\x9a\xa2\xa3\xa4\xa5\xa6\xa7\xa8\xa9\xaa\xb2\xb3\xb4\xb5\xb6\
\xb7\xb8\xb9\xba\xc2\xc3\xc4\xc5\xc6\xc7\xc8\xc9\xca\xd2\xd3\xd4\
\xd5\xd6\xd7\xd8\xd9\xda\xe1\xe2\xe3\xe4\xe5\xe6\xe7\xe8\xe9\xea\
\xf1\xf2\xf3\xf4\xf5\xf6\xf7\xf8\xf9\xfa\xff\xc4\x00\x1f\x01\x00\
\x03\x01\x01\x01\x01\x01\x01\x01\x01\x01\x00\x00\x00\x00\x00\x00\
\x01\x02\x03\x04\x05\x06\x07\x08\x09\x0a\x0b\xff\xc4\x00\xb5\x11\
\x00\x02\x01\x02\x04\x04\x03\x04\x07\x05\x04\x04\x00\x01\x02\x77\
\x00\x01\x02\x03\x11\x04\x05\x21\x31\x06\x12\x41\x51\x07\x61\x71\
\x13\x22\x32\x81\x08\x14\x42\x91\xa1\xb1\xc1\x09\x23\x33\x52\xf0\
\x15\x62\x72\xd1\x0a\x16\x24\x34\xe1\x25\xf1\x17\x18\x19\x1a\x26\
\x27\x28\x29\x2a\x35\x36\x37\x38\x39\x3a\x43\x44\x45\x46\x47\x48\
\x49\x4a\x53\x54\x55\x56\x57\x58\x59\x5a\x63\x64\x65\x66\x67\x68\
\x69\x6a\x73\x74\x75\x76\x77\x78\x79\x7a\x82\x83\x84\x85\x86\x87\
\x88\x89\x8a\x92\x93\x94\x95\x96\x97\x98\x99\x9a\xa2\xa3\xa4\xa5\
\xa6\xa7\xa8\xa9\xaa\xb2\xb3\xb4\xb5\xb6\xb7\xb8\xb9\xba\xc2\xc3\
\xc4\xc5\xc6\xc7\xc8\xc9\xca\xd2\xd3\xd4\xd5\xd6\xd7\xd8\xd9\xda\
\xe2\xe3\xe4\xe5\xe6\xe7\xe8\xe9\xea\xf2\xf3\xf4\xf5\xf6\xf7\xf8\
\xf9\xfa\xff\xda\x00\x0c\x03\x01\x00\x02\x11\x03\x11\x00\x3f\x00\
\xfd\x53\xa2\x8a\xe6\x3c\x69\xe3\x4b\x3f\x09\x69\xd2\x4f\x71\x2a\
\xa6\xd0\x4f\x26\x80\x37\x6e\xb5\x08\x2c\x90\xb4\xd2\x2a\x01\xea\
\x6b\x99\xd4\x7e\x27\xe8\x7a\x6b\x15\x92\xee\x3c\x8f\xf6\x85\x79\
\x8e\x9f\xa5\x78\xaf\xe2\xe9\x17\xd3\x5c\xc9\xe1\xff\x00\x0e\xc9\
\xcc\x52\x15\xcd\xc5\xca\xfa\xa2\x9e\x15\x48\xe8\xcd\xec\x40\x23\
\x9a\xea\xac\x7e\x07\x78\x27\x4f\x40\x2e\x6c\x1f\x54\x9f\xf8\xa6\
\xbf\xb8\x79\x59\xbe\xaa\x08\x5f\xc9\x45\x79\xf5\x71\xb4\xa9\x3e\
\x5d\xdf\x91\x6a\x0d\x9a\x27\xe3\x5f\x87\x41\xff\x00\x8f\xb8\xff\
\x00\xef\xaa\x3f\xe1\x75\xf8\x77\xfe\x7e\xe2\xff\x00\xbe\xaa\x2f\
\xf8\x54\x7e\x01\x3f\xf3\x2b\xe9\x87\xfe\xdd\xe8\xff\x00\x85\x45\
\xe0\x0f\xfa\x15\xf4\xcf\xfc\x07\xac\x3f\xb4\x63\xfc\x8c\xaf\x66\
\xc9\x7f\xe1\x75\xf8\x77\xfe\x7e\xe2\xff\x00\xbe\xa8\xff\x00\x85\
\xd7\xe1\xdf\xf9\xfb\x8b\xfe\xfa\xa8\xbf\xe1\x51\x78\x03\xfe\x85\
\x7d\x33\xff\x00\x01\xe8\xff\x00\x85\x45\xe0\x0f\xfa\x15\xf4\xcf\
\xfc\x07\xa7\xfd\xa3\x1f\xe4\x61\xec\xd9\x2f\xfc\x2e\xbf\x0e\xff\
\x00\xcf\xdc\x5f\xf7\xd5\x1f\xf0\xba\xfc\x3b\xff\x00\x3f\x71\x7f\
\xdf\x55\x17\xfc\x2a\x2f\x00\xff\x00\xd0\xaf\xa6\x7f\xe0\x3d\x1f\
\xf0\xa8\xbc\x03\xff\x00\x42\xbe\x99\xff\x00\x80\xf4\xff\x00\xb4\
\x23\xfc\x8c\x3d\x9b\x26\xff\x00\x85\xd9\xe1\xef\xf9\xfb\x8b\xfe\
\xfa\xa3\xfe\x17\x67\x87\xbf\xe7\xee\x2f\xfb\xea\xa1\xff\x00\x85\
\x45\xe0\x1f\xfa\x15\xf4\xcf\xfc\x07\xa3\xfe\x15\x17\x80\x7f\xe8\
\x57\xd3\x3f\xf0\x1e\x8f\xed\x08\xff\x00\x23\x0f\x66\xc9\xbf\xe1\
\x76\x78\x7b\xfe\x7e\xe2\xff\x00\xbe\xa8\xff\x00\x85\xd9\xe1\xef\
\xf9\xfb\x8b\xfe\xfa\xa8\x7f\xe1\x51\x78\x07\xfe\x85\x7d\x33\xff\
\x00\x01\xe8\xff\x00\x85\x45\xe0\x1f\xfa\x15\xf4\xcf\xfc\x07\xa3\
\xfb\x42\x3f\xc8\xc3\xd9\xb2\x5f\xf8\x5d\x7e\x1d\xff\x00\x9f\xb8\
\xbf\xef\xaa\x3f\xe1\x75\xf8\x77\xfe\x7e\xe2\xff\x00\xbe\xaa\x2f\
\xf8\x54\x5e\x01\xff\x00\xa1\x5f\x4c\xff\x00\xc0\x7a\x3f\xe1\x51\
\x78\x07\xfe\x85\x7d\x33\xff\x00\x01\xe8\xfe\xd0\x8f\xf2\x30\xf6\
\x6c\x9b\xfe\x17\x67\x87\xbf\xe7\xee\x2f\xfb\xea\x8f\xf8\x5d\x9e\
\x1e\xff\x00\x9f\xb8\xbf\xef\xaa\x87\xfe\x15\x17\x80\x7f\xe8\x57\
\xd3\x3f\xf0\x1e\x8f\xf8\x54\x5e\x01\xff\x00\xa1\x5f\x4c\xff\x00\
\xc0\x7a\x3f\xb4\x23\xfc\x8c\x3d\x9b\x25\xff\x00\x85\xd7\xe1\xdf\
\xf9\xfb\x8b\xfe\xfa\xa3\xfe\x17\x5f\x87\x7f\xe7\xee\x2f\xfb\xea\
\xa2\xff\x00\x85\x45\xe0\x0f\xfa\x15\xf4\xcf\xfc\x07\xa3\xfe\x15\
\x17\x80\x3f\xe8\x57\xd3\x3f\xf0\x1e\xa7\xfb\x46\x3f\xc8\xc3\xd9\
\xb2\x6f\xf8\x5d\x9e\x1e\xff\x00\x9f\xb8\xbf\xef\xaa\x3f\xe1\x76\
\x78\x7b\xfe\x7e\xe2\xff\x00\xbe\xaa\x1f\xf8\x54\x5e\x01\xff\x00\
\xa1\x5f\x4c\xff\x00\xc0\x7a\x3f\xe1\x51\x78\x07\xfe\x85\x7d\x33\
\xff\x00\x01\xea\xbf\xb4\x23\xfc\x8c\x3d\x9b\x26\xff\x00\x85\xd9\
\xe1\xef\xf9\xfb\x8b\xfe\xfa\xa3\xfe\x17\x67\x87\xbf\xe7\xee\x2f\
\xfb\xea\xa1\xff\x00\x85\x45\xe0\x1f\xfa\x15\xf4\xcf\xfc\x07\xa3\
\xfe\x15\x17\x80\x7f\xe8\x57\xd3\x3f\xf0\x1e\x8f\xed\x08\xff\x00\
\x23\x0f\x66\xc9\xbf\xe1\x76\x78\x7b\xfe\x7e\xe2\xff\x00\xbe\xa8\
\xff\x00\x85\xd9\xe1\xef\xf9\xfb\x8b\xfe\xfa\xa8\x7f\xe1\x51\x78\
\x03\xfe\x85\x7d\x33\xff\x00\x01\xe8\xff\x00\x85\x45\xe0\x11\xff\
\x00\x32\xbe\x99\xff\x00\x80\xf5\x3f\xda\x31\xfe\x46\x1e\xcd\x93\
\x7f\xc2\xec\xf0\xf7\xfc\xfd\xc5\xff\x00\x7d\x50\x3e\x36\x78\x78\
\x9f\xf8\xfb\x8f\xfe\xfa\xa8\x7f\xe1\x51\xf8\x04\x7f\xcc\xaf\xa6\
\x7f\xe0\x3d\x21\xf8\x49\xe0\x11\xff\x00\x32\xbe\x98\x3f\xed\xde\
\x8f\xed\x18\xff\x00\x23\x0f\x67\x23\x6b\x4e\xf8\x9f\xa1\xea\x4c\
\x16\x3b\xb8\xf2\x7f\xda\x15\xd2\xda\xea\x10\x5e\xa0\x68\x64\x57\
\x07\xd0\xd7\x9a\x5f\xfc\x0e\xf0\x4e\xa2\xac\xb6\xb6\x32\x69\x73\
\xff\x00\x0c\xda\x7d\xcb\xc4\xcb\xf4\x52\x4a\x7e\x6a\x6b\x94\xd4\
\x34\xaf\x16\x7c\x20\x26\xfe\x1b\x99\x3c\x43\xe1\xc8\xfe\x69\x64\
\xdb\x8b\x8b\x65\xf5\x75\x1c\x32\x8e\xec\xbe\xe4\x80\x39\xad\xe9\
\x63\x69\x55\x7c\xbb\x3f\x32\x5c\x1a\x3e\x80\xa2\xb9\x7f\x05\x78\
\xd6\xcf\xc5\xba\x6c\x57\x16\xf2\xab\x6e\x00\xf0\x6b\xa8\xaf\x40\
\x82\xad\xfd\xd2\xd9\x5a\x49\x33\x1c\x05\x19\xaf\x0a\xd2\x6c\x0f\
\xc5\xcf\x1f\xdd\x4f\x7c\x3c\xdf\x0e\xe8\xce\x37\xc2\xc3\x29\x73\
\x39\xe5\x50\xf6\x2a\x07\xcc\xc3\xfd\xd0\x78\x26\xbd\x43\xe2\x7e\
\xa4\x74\xdf\x0a\xdd\xc8\xa7\x07\x61\xae\x63\xe0\x7d\x9a\xd8\x7c\
\x2f\xd3\xee\x02\xfe\xfa\xfd\xa5\xbc\x91\xff\x00\xbc\x5e\x42\x14\
\xff\x00\xdf\x01\x07\xe1\x5e\x7e\x32\xab\xa7\x4a\xd1\xdd\xe8\x5c\
\x15\xd9\xdd\xcd\x33\x4a\xc6\x38\xce\x00\xe0\x91\x44\x76\xca\xbc\
\x9e\xb4\x5b\x20\x54\xcd\x58\xaf\x3a\x8d\x18\xc6\x27\x53\x76\xd1\
\x11\xf9\x4b\xe9\xfa\x52\x79\x4a\x3b\x54\x9b\x69\x6b\xad\x45\x13\
\x72\x3d\x8b\xe9\x4b\xe5\x2f\xa5\x3e\x8a\x7c\xa8\x2e\x33\xca\x5f\
\x4a\x3c\xa5\xf4\xa7\x33\xa8\xea\x6a\x27\xb8\xdb\xd2\xa1\xb8\xc7\
\x71\xab\xb1\xde\x5a\x81\xd0\x52\xec\x5c\x55\x73\x33\x1a\x66\xf6\
\xf5\xac\x9d\x48\xf6\x2b\x95\x96\x8a\xc6\x3a\xe2\x93\xe4\xdb\x55\
\xb9\x3d\x4d\x27\x3b\x7d\xea\x7d\xa7\x90\xf9\x7c\xcb\x39\x8c\x7a\
\x51\x84\x3e\x95\x50\x03\x46\x58\x51\xed\x3c\x83\x97\xcc\xb8\x11\
\x0f\x61\x4b\xb1\x7d\x2a\xa0\x91\x85\x3d\x6e\x18\x55\x2a\x91\xea\
\x84\xe2\xcb\x1b\x17\xd2\x8f\x2d\x49\xe9\x4d\x4b\x8d\xdd\x6a\x55\
\x60\x6b\x55\xca\xf6\x25\xdd\x0c\x11\xa8\xed\x4b\xe5\xae\x3a\x53\
\xe8\xaa\xe5\x42\xb8\xcf\x29\x7d\x28\xf2\x97\xd2\x9f\x4b\xb6\x8e\
\x54\x17\x23\xf2\x97\xd2\x81\x1a\xfa\x54\x9c\x50\x46\x29\xf2\xa0\
\xb9\x13\x44\xa7\xb5\x27\x94\xbe\x95\x29\x14\xd0\x32\x6a\x5c\x50\
\x5c\x81\xed\x95\x87\x4e\x68\x8a\x76\x89\xc4\x72\x72\xa7\x80\x4d\
\x58\x23\x35\x5a\xe9\x37\x26\x71\x5c\xb5\xa8\xc6\x51\x2d\x3b\xe8\
\xcf\x1b\xd5\x74\xf3\xf0\x87\xe2\x15\xac\xf6\x03\xca\xf0\xe6\xb2\
\xe7\x64\x2b\xc2\x5b\x4e\x39\x68\xc7\x60\xa4\x1d\xca\x3f\xde\x03\
\x80\x2b\xdd\xf4\xfb\xa5\xbd\xb4\x8e\x65\x39\x0c\x33\x5e\x65\xf1\
\xc2\xc9\x75\x0f\x85\xd7\xf7\x25\x73\x3d\x83\xc3\x7b\x13\xff\x00\
\x74\xa4\x80\x31\xff\x00\xbe\x0b\x8f\xc6\xba\x8f\x86\x1a\x89\xd4\
\xbc\x29\x69\x23\x1c\x9d\x83\xf9\x57\xa3\x82\xaa\xea\xd2\xf7\xb7\
\x5a\x1c\x93\x56\x66\x5f\xc6\xb3\x8f\x06\x5d\xff\x00\xd7\x33\x55\
\xbe\x11\x13\xff\x00\x0a\x9b\xc2\xdf\xf5\xe1\x1d\x59\xf8\xd7\xff\
\x00\x22\x65\xdf\xfd\x73\x35\x57\xe1\x09\xff\x00\x8b\x4d\xe1\x6f\
\xfb\x07\xc7\x59\x66\x1f\x0c\x3d\x4a\xa7\xf1\x1d\xac\x5f\x70\x54\
\x83\xa9\xa8\xa3\x3f\x28\xa9\x03\x54\x47\x63\x77\xb8\xf5\xeb\x4e\
\xa8\xcb\x60\x54\x52\x5c\x00\x38\xab\x72\x48\x9b\x5c\x95\x9c\x2d\
\x40\xf3\x92\x70\x38\xa8\x9a\x5d\xc6\x9b\x9e\xfd\x2b\x9e\x55\x1b\
\xd8\xd1\x45\x21\xc4\x92\x79\x34\x98\x14\x76\xa4\xdd\x58\x94\x2e\
\x05\x18\x14\x64\x51\x91\x4a\xc0\x29\x14\x98\x14\x64\x50\x78\x26\
\x98\x06\x05\x18\xc9\x34\x9c\x50\x4e\x3a\x50\x02\x50\x45\x2e\xe0\
\x7d\xa9\x7a\x0a\x0a\xb8\x9b\x69\xc1\xca\xf4\x34\xd5\xeb\x4a\x08\
\x14\x2d\x04\xc9\xd2\x73\xde\xa7\x56\x0d\x54\x49\xf4\xa7\x2c\x85\
\x7b\xd6\xd1\xa8\xd6\xe4\x38\xa6\x5d\xe8\x68\xdd\x51\x47\x30\x7e\
\xb5\x2f\x15\xd2\x9a\x7b\x19\x35\x60\xdd\x43\x1c\x52\x02\x33\x41\
\x34\xc4\x2f\x51\x49\x45\x34\x9c\xd0\x58\x13\x9a\x8e\x4f\xb8\x69\
\xc4\xe6\x99\x23\x7c\x86\xb1\x96\xc3\x47\x19\xf1\x6c\xe3\xe1\x2f\
\x8a\x3f\xeb\xc2\x5a\xb5\xf0\x50\xe7\xc1\x96\x9f\xf5\xcc\x55\x3f\
\x8b\x9f\xf2\x49\xbc\x53\xff\x00\x5e\x12\x55\xcf\x82\x9f\xf2\x26\
\x5a\x7f\xd7\x31\x55\x97\x7c\x33\xf5\x30\xa9\xb8\x7c\x6b\xff\x00\
\x91\x32\xef\xfe\xb9\x9a\xa9\xf0\x84\xff\x00\xc5\xa7\xf0\xb7\xfd\
\x83\xe3\xab\x7f\x1a\xff\x00\xe4\x4c\xbb\xff\x00\xae\x66\xa9\x7c\
\x22\x3f\xf1\x6a\x7c\x2b\xff\x00\x5e\x11\xff\x00\x5a\xac\x7f\xc3\
\x1f\x50\xa7\xf1\x1d\xac\x67\xe5\x1c\xd3\xcb\xe0\x73\x55\xd1\xc0\
\x51\x50\x4d\x73\x93\x81\xd2\xb0\xe6\xe5\x47\x45\xae\xc9\xe6\x9c\
\x9e\x05\x45\xbc\x93\x50\x06\xf5\xa5\xdf\xef\x58\x36\xe4\xf5\x34\
\x4a\xda\x12\xee\x23\x9a\x01\x3e\xb5\x18\x6a\x37\x0a\x04\x4b\x93\
\x49\xbe\xa3\xde\x29\x37\x66\x80\x26\xdd\x8e\xf9\xa4\x0e\x4d\x71\
\x1f\x13\x7e\x2f\x78\x5b\xe1\x0e\x86\xfa\x9f\x89\x75\x38\xec\xd0\
\x29\x68\xe0\x04\x19\x65\xc7\xf7\x57\xd3\xdc\xf0\x2b\xf3\x37\xf6\
\x8e\xff\x00\x82\xaa\xeb\x5a\xf4\xb7\x5a\x47\x80\x63\xfe\xce\xb0\
\xe5\x3e\xd3\x1b\x10\xcc\x3d\xe4\x1c\x9f\xa2\xe0\x7b\x9a\xda\x9d\
\x29\x54\xd8\x52\x92\x8e\xe7\xe9\xd7\x8e\x3e\x30\xf8\x3b\xe1\xc4\
\x2c\xfe\x21\xf1\x05\x9d\x8b\xa8\x27\xc8\xdf\xbe\x52\x3f\xdc\x5c\
\x9a\xf9\x6f\xe2\x47\xfc\x15\x4f\xe1\x97\x84\x1e\x58\x34\x98\xa4\
\xd6\x27\x43\x8d\xcf\x20\x03\x3f\xee\xa0\x63\xf9\xe2\xbf\x1e\xfc\
\x61\xf1\x37\xc4\xde\x3d\xba\x92\x7d\x6b\x58\xb9\xbb\xf3\x09\x2d\
\x1e\xf2\x13\xfe\xf9\x1d\x7e\xa7\x26\xb9\x4a\xef\x8e\x12\x2b\xe2\
\x67\x3b\xaa\xfa\x1f\xa5\x5e\x2b\xff\x00\x82\xc5\x6b\xb3\xc8\xeb\
\xa1\xf8\x7e\xde\xd9\x3f\x85\x8c\x00\xfe\xac\xe7\xf9\x57\x9b\x6a\
\x5f\xf0\x56\x5f\x8b\x17\x72\x13\x01\x48\x14\xf6\x53\x18\xfe\x51\
\x57\xc3\xd8\xcd\x18\x35\xba\xa1\x4d\x74\x33\xe7\x97\x73\xec\xf5\
\xff\x00\x82\xaa\xfc\x60\x56\xcf\xda\xf3\xed\xbd\x3f\xf8\xdd\x6f\
\xe8\xdf\xf0\x56\xff\x00\x8a\x16\x6e\xbf\x6c\x82\x1b\xa5\x1d\x77\
\x2c\x4d\xff\x00\xb4\xc7\xf3\xaf\x84\x68\xaa\xf6\x34\xfb\x07\x3c\
\xbb\x9f\xa8\x1e\x10\xff\x00\x82\xc7\x4d\xbd\x13\x5f\xf0\xdc\x2e\
\xbf\xc4\xe9\x11\x4f\xd5\x59\xbf\xf4\x1a\xfa\x1f\xe1\xdf\xfc\x14\
\xeb\xe1\x3f\x8d\xde\x28\x6f\x26\x9b\x48\xb8\x7e\x31\xbc\x48\x33\
\xf4\x3b\x5b\xf4\x35\xf8\x71\x45\x64\xf0\xd4\xde\xc5\x2a\x92\x47\
\xf4\xb3\xe0\xff\x00\x8a\xde\x12\xf1\xfc\x4a\xda\x07\x88\x6c\x75\
\x16\x61\x9f\x25\x25\x0b\x28\xfa\xa1\xc3\x7e\x95\xd5\x6e\x20\xe0\
\xf5\xaf\xe6\x9f\xc2\xbf\x13\xbc\x51\xe0\xa9\xe2\x97\x48\xd6\x6e\
\xad\x44\x64\x15\x4f\x30\xb2\x0f\xa0\x3d\x3f\x0a\xfb\x07\xe0\x7f\
\xfc\x15\x47\xc7\x3e\x07\x6b\x7b\x2f\x14\x28\xd6\xf4\xf5\xc2\x93\
\x2e\x64\xc0\xfc\x4e\xf1\xf8\x31\xfa\x57\x24\xf0\xb2\x5f\x0b\xb9\
\xaa\xaa\x9e\xe7\xec\xbe\xf2\x3a\x1a\xb3\x1d\xce\x78\x35\xe6\x5f\
\x02\xbe\x31\xe9\x7f\x1e\x3e\x18\xe9\x3e\x35\xd1\xe2\x68\x6c\xaf\
\xcc\x8a\x11\x8e\x40\x64\x62\xac\x01\xc0\xc8\x04\x11\xd0\x74\xae\
\xf8\x36\x0e\x6b\x91\x37\x07\x63\x6b\x26\x8d\x50\xdd\x68\x2d\x55\
\x21\xb8\xce\x05\x4f\xb8\x57\x52\x97\x32\x32\x6a\xc4\x9b\xbe\xb4\
\xd2\xd4\xd2\xc3\x14\xd2\x71\x43\x01\xc4\xe6\x9b\x21\xf9\x0d\x34\
\x9a\x64\x8d\xf2\x9e\xb5\x94\xb6\x29\x1c\x87\xc5\xd3\x8f\x85\x3e\
\x2a\xff\x00\xaf\x09\x3f\xa5\x5e\xf8\x27\xff\x00\x22\x6d\x9f\xfd\
\x73\x15\x9f\xf1\x77\x9f\x85\x5e\x2a\xff\x00\xb0\x7c\x9f\xcc\x56\
\x87\xc1\x3f\xf9\x13\x6c\xff\x00\xeb\x98\xad\x70\x1f\x0c\xbd\x4e\
\x7a\x9b\x89\xf1\xaf\xfe\x44\xcb\xbf\xfa\xe6\x6b\x3f\xe1\x1b\x7f\
\xc5\xaa\xf0\xaf\xfd\x78\x47\xfc\xcd\x68\x7c\x6b\xff\x00\x91\x32\
\xef\xfe\xb9\x9a\xcc\xf8\x46\xdf\xf1\x6b\x3c\x2a\x3f\xe9\xc1\x3f\
\x99\xaa\xc7\x7c\x31\xf5\x0a\x7f\x11\xd4\xc9\x71\x85\xc0\x3c\xd4\
\x01\xf3\xd4\xd4\x1b\xce\x7a\xe7\x9a\x50\xf9\xaf\x2f\x99\xc8\xef\
\xb5\x8b\x01\xcd\x28\x7f\x7a\x80\x3f\xbd\x1b\xf9\xeb\x56\x84\x58\
\xdf\xef\x46\xff\x00\x7a\x83\xcc\xa3\xcc\xaa\x16\xa4\xfb\xfd\xeb\
\xe7\x9f\xda\xb3\xf6\xc4\xf0\xe7\xec\xe3\xe1\xf9\xd3\xed\x11\x5e\
\x78\x8d\x97\x11\xdb\x67\x70\x84\x91\xc6\xe1\xdd\xbd\x17\xf1\x38\
\x14\xef\xda\xeb\xf6\xa4\xd3\x3f\x67\x4f\x03\x4f\x32\xcc\x8f\xe2\
\x0b\x98\xcf\xd9\xa2\xe0\x98\x81\xe0\x3e\x3b\x92\x78\x51\xeb\xcf\
\x40\x6b\xf0\xeb\xe2\x4f\xc4\xad\x6b\xe2\x9f\x8a\x6e\xf5\xcd\x6a\
\xed\xe6\x9e\x57\x66\x44\x77\x2c\x10\x13\x93\xd7\xa9\x3d\xcf\x7f\
\xc8\x57\x5d\x0a\x1e\xd3\xde\x96\xc6\x33\xa9\xcb\xa2\x3a\x6f\x8d\
\xff\x00\xb4\x3f\x8b\x3e\x3a\xf8\x86\xee\xff\x00\x5c\xd4\x66\x78\
\x25\x7d\xcb\x01\x7c\x82\x3b\x6e\xf5\xc7\x60\x38\x1d\x87\x7a\xf2\
\xac\xf3\x41\xcd\x15\xeb\xa4\xa2\xac\x8e\x46\xee\x14\x0a\xf7\xbf\
\xd9\xc3\xf6\x2f\xf8\x95\xfb\x4d\x4e\x2e\x3c\x3b\xa6\x2e\x9b\xe1\
\xc4\x7d\x93\x78\x87\x54\xcc\x56\x68\x41\xe5\x50\xe0\xb4\xac\x3f\
\xba\x80\xe3\xb9\x15\xfa\x59\xf0\x53\xfe\x09\x69\xf0\x83\xe1\xa4\
\x36\xf7\x5e\x29\x8e\xe7\xe2\x26\xb6\xb8\x67\x7d\x4c\x98\x6c\x55\
\xbb\xed\xb7\x43\xc8\xff\x00\xae\x8c\xdf\x4a\xc6\xa5\x78\x53\xd1\
\xee\x5c\x61\x29\x6c\x7e\x34\xe8\xde\x1e\xd5\x7c\x4b\x78\x2d\x34\
\x8d\x36\xf3\x55\xbb\x6e\x90\x59\x40\xf3\x48\x7f\xe0\x2a\x09\xaf\
\x57\xd0\x3f\x63\x1f\x8e\x7e\x26\x85\x65\xb0\xf8\x53\xe2\x96\x8d\
\xb9\x0d\x71\xa7\x3d\xb8\x3f\xf7\xf0\x2d\x7e\xfb\x78\x67\xc3\x5a\
\x27\x82\xb4\xf4\xb0\xf0\xee\x8d\xa7\xe8\x16\x28\x30\xb6\xfa\x5d\
\xa4\x76\xd1\x81\xf4\x40\x05\x6a\x19\xb2\x72\x49\x3f\x5a\xe4\x78\
\xc7\xd1\x1a\xaa\x3d\xcf\xc1\x39\x3f\xe0\x9f\x9f\xb4\x34\x71\xef\
\x3f\x0a\xf5\x92\x3d\x15\xa1\x63\xf9\x07\xcd\x72\x3e\x24\xfd\x94\
\x3e\x33\x78\x41\x0b\xea\xdf\x0b\xfc\x57\x6b\x12\xf5\x94\x69\x33\
\x48\x83\xfe\x04\x8a\x47\xeb\x5f\xd0\xde\xfe\x69\xc9\x3b\x21\xca\
\xb1\x53\xea\x0d\x4a\xc6\x4b\xaa\x1f\xb1\x47\xf3\x29\x7f\xa7\xdd\
\x69\x97\x52\x5b\x5d\xdb\xcb\x6b\x70\x87\x0d\x0c\xf1\x94\x75\xfa\
\x83\xc8\xaa\xc3\x06\xbf\xa5\x3f\x18\x78\x0b\xc2\xbf\x11\x2c\xda\
\xd3\xc5\x3e\x1a\xd2\x3c\x49\x6c\xc3\x06\x3d\x56\xc6\x2b\x8f\xc8\
\xba\x92\x3f\x0a\xf9\x67\xe2\xbf\xfc\x12\xc3\xe0\xaf\xc4\x14\x9a\
\x7d\x06\xdb\x50\xf0\x06\xa6\xf9\x2b\x26\x91\x31\x9a\xdb\x3e\xf0\
\x4a\x4f\x1e\xc8\xcb\x5b\x47\x17\x17\xf1\x2b\x10\xe8\xbe\x87\xe2\
\x8e\x3d\xe8\x15\xf6\x37\xc6\xef\xf8\x25\xcf\xc5\xef\x85\x89\x71\
\x7f\xe1\xf8\x20\xf8\x87\xa2\xc5\x96\x33\x68\x80\x8b\xb4\x51\xdd\
\xad\x5b\xe6\x3f\xf6\xcc\xbd\x7c\x87\x7b\x63\x73\xa6\xde\x4d\x6b\
\x77\x6f\x2d\xad\xcc\x4c\x52\x48\x27\x42\x8e\x8c\x3a\x86\x53\xc8\
\x23\xd0\xd7\x64\x67\x19\xab\xc5\x98\xb4\xd6\xe7\xee\x57\xfc\x13\
\x21\xb1\xfb\x15\xf8\x13\xfe\xbb\xea\x3f\xfa\x59\x35\x7d\x49\xbf\
\x9e\xb5\xf2\xbf\xfc\x13\x29\xb1\xfb\x16\xf8\x18\x7f\xd3\x7d\x43\
\xff\x00\x4b\x25\xaf\xa8\xbc\xcc\x57\x83\x57\xf8\x92\xf5\x3b\xa3\
\xf0\xa2\x71\x26\x3b\xd5\xb8\x6e\x37\x0c\x13\xcd\x66\x79\x94\xe8\
\xe6\x2a\xd9\xcd\x28\xca\xcc\x6d\x5c\xd6\xdf\x48\x5b\xde\xa0\x49\
\x77\xae\x69\xdb\xab\xa2\xe6\x76\x1e\x5f\xde\x98\xef\xf2\x9a\x69\
\x63\x51\xc8\xdf\x2d\x44\x9e\x85\x23\x96\xf8\xba\x7f\xe2\xd5\xf8\
\xa7\xfe\xbc\x24\xfe\x62\xb4\x7e\x0a\x7f\xc8\x99\x69\xff\x00\x5c\
\xc5\x65\xfc\x5d\x3f\xf1\x6b\x7c\x54\x3f\xe9\xc1\xff\x00\x98\xad\
\x4f\x82\x9f\xf2\x26\x5a\x7f\xd7\x31\x5b\xe0\x3e\x19\x7a\x9c\xd5\
\x37\x17\xe3\x67\xfc\x89\xb7\x9f\xf5\xcc\xd6\x3f\xc2\x33\xff\x00\
\x16\xbf\xc2\xa3\xfe\x9c\x13\xf9\x9a\xd8\xf8\xd9\xff\x00\x22\x6d\
\xe7\xfd\x73\x35\x89\xf0\x89\xbf\xe2\xd9\xf8\x58\x7f\xd3\x8a\x7f\
\x5a\xac\x7f\xc2\x82\x97\xc4\x6f\x6e\xc3\x37\x3c\x66\x95\x5b\x3d\
\xea\xbe\xf3\xb8\x8f\x7a\x78\x7f\xce\xbc\x84\x7a\x0c\x9b\x75\x19\
\x35\x16\xfc\xf5\xeb\x40\x73\x56\x89\x25\xc9\xae\x7b\xe2\x0f\x8e\
\x74\xff\x00\x87\x1e\x0f\xd4\xfc\x43\xa9\xb8\x5b\x6b\x38\x8b\x05\
\xce\x0c\x8f\xfc\x28\x3d\xc9\xad\xdd\xf5\xf9\xb7\xff\x00\x05\x56\
\xfd\xa0\x9e\xc6\xde\xd3\xe1\xf6\x97\x72\x55\xb0\x4d\xd6\xc6\xfe\
\x22\x3e\x6c\xfd\x14\x81\xf5\x73\xe9\x5b\xd2\x83\xa9\x25\x12\x25\
\x2e\x55\x73\xe1\xef\xda\x73\xe3\xc6\xa9\xf1\xdf\xe2\x4e\xa3\xab\
\xde\x5d\x34\xb6\x62\x56\x10\x28\x3f\x29\xed\xb8\x0f\x4c\x70\x3d\
\x87\xb9\xaf\x1d\xa5\xc9\x14\x0a\xf7\xd2\x51\x56\x47\x03\x77\x10\
\x8c\x57\xe8\x77\xec\x25\xff\x00\x04\xe5\xff\x00\x85\x8b\x6b\xa7\
\xfc\x45\xf8\xa7\x67\x2c\x1e\x18\x93\x6c\xfa\x5f\x87\x5b\x31\xc9\
\xa9\x2f\x55\x9a\x63\xc1\x48\x4f\x65\x18\x2f\xd7\x85\xc6\xee\x1b\
\xfe\x09\xbd\xfb\x1f\xc3\xf1\xdb\xc6\x92\xf8\xdb\xc5\x96\x5e\x7f\
\x81\x3c\x3d\x3a\x85\xb6\x94\x7c\x9a\x9d\xe8\x01\x96\x13\xeb\x1a\
\x02\x19\xfd\x72\xab\xfc\x47\x1f\xb2\x41\xb0\x00\x00\x00\x06\x00\
\x03\x00\x01\xd8\x0e\xd5\xc1\x89\xc4\x72\x7b\x91\xdc\xde\x9d\x3b\
\xea\xc8\xf4\xed\x3e\xd3\x46\xd3\xad\x74\xfd\x3e\xd2\x0b\x0d\x3e\
\xd6\x31\x0d\xbd\xa5\xac\x4b\x1c\x50\xa0\xe0\x2a\x22\x80\x14\x0f\
\x41\x56\x32\x6a\x3d\xf4\x6f\xaf\x2a\xe7\x59\x26\x4d\x19\x35\x1e\
\xfa\x37\x35\x17\x02\x5d\xc6\x8d\xc6\xa2\xdf\x8a\x37\x9c\x52\xb8\
\x13\x6f\xf7\xa3\x77\xbd\x45\xbb\x34\x9b\xa9\x81\x30\x7e\x72\x0e\
\x2b\xc8\xfe\x3a\xfe\xca\x9f\x0c\xbf\x68\xab\x27\x4f\x18\xf8\x72\
\x19\x75\x4d\xbb\x62\xd7\x2c\x71\x6f\x7f\x17\x1c\x62\x50\x3e\x70\
\x3f\xba\xe1\x97\xda\xbd\x5b\x79\xa5\xdf\x42\x93\x8b\xba\x62\x6a\
\xfa\x33\xce\x7f\x67\x3f\x82\xb0\x7e\xcf\x1f\x08\xf4\xaf\x01\x5a\
\x6a\xb2\xeb\x36\x9a\x6c\xf7\x52\x43\x7b\x34\x42\x29\x19\x25\x9d\
\xe5\x01\x94\x12\x32\xa1\xf6\x92\x38\x38\xce\x07\x4a\xf4\xa2\xc7\
\x3d\x6a\x2d\xf4\x6e\xa1\xc9\xc9\xdd\x85\xad\xa2\x24\x07\x14\xb9\
\x3e\xb5\x16\xfa\x4f\x32\x81\x97\xad\xa6\xc1\xc1\xab\x5b\xb2\x2b\
\x21\x65\xc3\x03\x5a\x09\x26\xe5\x18\xad\x61\x2d\x2c\x43\x44\xc5\
\xb0\x2a\x37\x6f\x97\x9a\x0b\x66\xa2\x95\xbb\x7a\xd3\x93\xd0\x48\
\xe6\x7e\x2f\x1f\xf8\xb6\x1e\x2a\x1f\xf4\xe2\xff\x00\xcc\x56\xbf\
\xc1\x4f\xf9\x13\x2d\x3f\xeb\x98\xac\x5f\x8b\xcd\xff\x00\x16\xcf\
\xc5\x5f\xf5\xe2\xff\x00\xd2\xb6\xbe\x0a\x7f\xc8\x99\x69\xff\x00\
\x5c\xc5\x76\x60\x3e\x09\x7a\x9c\xb5\x37\x0f\x8d\x7f\xf2\x26\x5e\
\x7f\xd7\x33\x58\x5f\x08\x5b\xfe\x2d\xaf\x85\xbf\xeb\xc5\x3f\xad\
\x6e\xfc\x6b\xff\x00\x91\x32\xf3\xfe\xb9\x9a\xc0\xf8\x40\x7f\xe2\
\xdb\xf8\x58\x7f\xd3\x8a\x7f\x5a\x78\xdf\x81\x0e\x9f\xc4\x8d\x62\
\xff\x00\x31\xfa\xd2\x87\xaa\xed\x27\xce\xdf\x53\x40\x92\xbc\x64\
\x77\x96\x77\xf1\xed\x4b\xe6\x71\xda\xab\x89\x69\x77\xe6\xac\x08\
\x35\xcd\x6e\x0f\x0f\xe8\xb7\xfa\xa5\xc9\xdb\x6f\x65\x04\x97\x0e\
\x4f\xa2\xa9\x3f\xd2\xbf\x00\x3f\x69\x3f\x88\x77\x5f\x12\xfe\x30\
\x6b\xfa\xb5\xcc\xa6\x5f\xf4\x87\x8c\x1c\xe4\x67\x71\x2d\xff\x00\
\x8f\x12\x3e\x80\x57\xec\xe7\xed\x89\xe3\x2f\xf8\x42\xff\x00\x67\
\xef\x12\xdd\x87\xda\xd3\xa2\xc1\x9c\xf5\x1c\xb3\x7e\x8a\x7f\x3a\
\xfc\x17\xb8\xb8\x7b\xa9\xe5\x9a\x43\xba\x49\x18\xbb\x1f\x52\x4e\
\x4d\x7a\xb8\x28\xe8\xe4\x71\xd6\x7b\x22\x13\xcd\x6b\xf8\x53\xc3\
\x5a\x87\x8d\x3c\x4f\xa4\xe8\x1a\x54\x06\xe7\x53\xd5\x2e\xe2\xb2\
\xb5\x84\x7f\x1c\xb2\x38\x55\x1f\x99\x15\x93\x8e\x4d\x7d\x8f\xff\
\x00\x04\xaf\xf8\x6c\x9e\x33\xfd\xa6\x53\x5c\xb9\x87\xcc\xb4\xf0\
\xae\x9d\x36\xa4\x09\xe8\x2e\x1b\x10\xc5\xf8\x83\x23\x30\xf7\x4a\
\xf4\x2a\x4b\x92\x2e\x5d\x8c\x22\xae\xec\x7e\xb1\x7c\x18\xf8\x57\
\xa5\x7c\x10\xf8\x5d\xe1\xcf\x03\xe8\xc1\x7e\xc9\xa4\x5a\xac\x52\
\x4c\xa3\x06\xe2\x73\xf3\x4d\x31\xf7\x77\x2c\xdf\x42\x07\x6a\xed\
\x77\xd4\x1b\xe8\xdf\xc5\x7c\xe3\x6d\xbb\xb3\xd0\x4a\xc4\xc5\xf9\
\xa0\x35\x41\xbe\x97\x7d\x48\xc9\xb7\xe0\xd2\xef\xf4\xa8\x0b\xe6\
\x8d\xf8\xe3\x9a\x00\x9c\x3d\x2e\xff\x00\x7c\xd4\x1b\xe8\xdf\x40\
\x13\x17\xc1\xc5\x1b\xea\x1d\xf4\x86\x4a\x00\x9c\xc9\x46\xfc\xd5\
\x7d\xd4\x6f\xc7\xad\x58\x16\x37\xd2\xef\xaa\xfe\x65\x1e\x65\x40\
\x13\xef\xcd\x21\x7a\x87\xcc\xa0\xbd\x00\x4c\x1e\xad\xda\xcf\x91\
\x83\x59\xbb\xfb\x54\x90\x4b\xb5\xa9\xa7\x66\x0d\x1a\xe6\x50\x2a\
\x39\x24\x1f\xa8\xa8\x7c\xcc\xf3\x4d\x69\x38\xad\x5b\x21\x6e\x60\
\xfc\x5e\x6c\x7c\x36\xf1\x57\xfd\x78\xbf\xf3\x15\xbd\xf0\x4f\xfe\
\x44\xdb\x3f\xfa\xe6\x2b\x9e\xf8\xc0\x7f\xe2\xdc\x78\xa7\xfe\xbc\
\x9f\xfa\x57\x43\xf0\x4f\xfe\x44\xdb\x3f\xfa\xe6\x2b\xbf\x03\xf0\
\x33\x92\xa6\xe2\x7c\x6b\xff\x00\x91\x32\xf3\xfe\xb9\x9a\xe7\x3e\
\x10\xb6\x7e\x1d\x78\x58\x7f\xd3\x92\x7f\x5a\xe8\xfe\x35\xff\x00\
\xc8\x99\x79\xff\x00\x5c\xcd\x73\x1f\x08\x1b\xfe\x2d\xef\x85\xbf\
\xeb\xc9\x7f\xad\x56\x37\xe0\x43\xa7\xf1\x22\xf9\x93\x2c\xd9\xf5\
\x34\x2c\x98\xe9\x55\xdd\xf0\xef\xcf\x73\x40\x90\xd7\x88\x8e\xf2\
\xd1\x7c\x8e\xb4\x9e\x66\x3b\xd4\x02\x4a\x5d\xf9\xab\x40\x7c\x93\
\xff\x00\x05\x3a\xd6\x1e\xc7\xf6\x7c\xf2\x55\xb0\x27\x9d\xc1\xc7\
\x7f\x97\x6f\xfe\xce\x6b\xf1\xb6\xbf\x60\x3f\xe0\xa8\xf0\x34\xdf\
\x00\x60\x95\x46\x44\x77\x47\x3f\x89\x4f\xf0\xaf\xc7\xfa\xf6\xf0\
\x7f\xc3\x38\x6b\x7c\x42\x8e\x73\x5f\xa7\xdf\xf0\x47\x8d\x02\x38\
\x3c\x29\xf1\x2f\x5e\x2b\xfb\xd9\xef\x2c\xac\x15\xbf\xd9\x44\x96\
\x42\x3f\x37\x5f\xca\xbf\x30\x47\x53\x5f\xab\x3f\xf0\x48\x69\x50\
\x7c\x16\xf1\xbc\x63\x1e\x62\xf8\x81\x19\xb9\xec\x6d\x93\x1f\xc8\
\xd5\xe2\x9d\xa9\x32\x69\x7c\x47\xde\xde\x65\x02\x4a\xaf\xbb\xe9\
\x46\xfa\xf0\x8f\x40\xb1\xe6\x51\xbe\xab\xef\xeb\x41\x6c\x50\x05\
\x8d\xf4\xbe\x67\xe7\x55\xc3\x67\x34\x85\xcf\xad\x00\x59\xdf\x8a\
\x4f\x32\xab\x97\xa3\xcc\xa8\x15\x8b\x1e\x65\x1e\x65\x56\x2f\x8e\
\xf4\x17\xe6\xac\x2c\x59\xf3\x28\x32\x55\x6f\x33\xe9\x46\xfa\x07\
\x62\xc7\x99\xf4\xa5\x12\x66\xab\x79\x9f\x4a\x04\x94\x0a\xc5\x8f\
\x33\xe9\x4a\x1e\xab\xef\xa0\x3d\x03\x2c\x6e\xe9\x42\x49\x86\x15\
\x5b\xcc\xed\x47\x99\x86\x15\x00\x6b\xac\x99\x5a\x43\x27\x20\x7b\
\xd5\x68\xa4\xca\x0a\x71\x7e\x47\xd4\x56\xcd\xe8\x42\xdc\xcb\xf8\
\xc0\x7f\xe2\xdd\xf8\xa4\x7f\xd3\x93\xff\x00\x4a\xe9\x3e\x09\xff\
\x00\xc8\x99\x69\xff\x00\x5c\xc5\x72\xff\x00\x18\x1b\xfe\x2d\xf7\
\x8a\x47\xfd\x39\xb7\xf4\xae\xa3\xe0\xa7\xfc\x89\x96\x9f\xf5\xcc\
\x57\xa9\x82\xf8\x19\xc3\x3f\x89\x89\xf1\xaf\xfe\x44\xcb\xbf\xfa\
\xe6\x6b\x95\xf8\x3e\x73\xe0\x1f\x0b\x8f\xfa\x73\x5f\xeb\x5d\x57\
\xc6\xbf\xf9\x13\x2e\xff\x00\xeb\x99\xae\x47\xe0\xf7\x3e\x03\xf0\
\xbf\xfd\x79\xaf\xf5\xaa\xc5\xff\x00\x0c\x74\xfe\x24\x4f\x23\x9f\
\x35\xff\x00\xde\x34\xa1\xcd\x41\x23\x7e\xf1\xff\x00\xde\x34\x07\
\xaf\x05\x1e\x81\x3e\xf3\x4e\x0f\x55\xf7\xd1\xbf\x15\x40\x7c\xf3\
\xff\x00\x05\x01\xf0\xdb\xf8\x97\xf6\x67\xf1\x1f\x96\x9b\xe4\xb3\
\x1f\x68\x00\x7b\x03\xfe\x02\xbf\x13\x2b\xfa\x17\xf8\x89\xe1\xc8\
\xbc\x65\xe0\x5d\x73\x45\x99\x03\xa5\xe5\xa3\xc7\xb4\x8f\x6a\xfe\
\x7f\xbc\x57\xa0\xcf\xe1\x5f\x13\x6a\xba\x35\xd2\x95\xb8\xd3\xee\
\xa5\xb6\x70\xc3\x07\x28\xc5\x7f\xa5\x7b\x58\x29\x5e\x2e\x27\x1d\
\x65\xaa\x66\x4d\x7e\x91\xff\x00\xc1\x20\x3c\x54\xa8\xff\x00\x12\
\xfc\x34\xee\x03\xb2\xd9\xea\x51\x26\x79\x21\x4c\x91\xb9\xff\x00\
\xc7\xe3\xfc\xeb\xf3\x70\x8c\x57\xd1\x9f\xb0\x27\xc5\x68\xfe\x13\
\x7e\xd2\xfe\x1b\xb8\xbb\x98\x43\xa5\xeb\x21\xf4\x6b\xb6\x63\x80\
\x16\x6c\x79\x64\xfd\x25\x58\x8f\xd3\x35\xd5\x5e\x3c\xf4\xda\x46\
\x54\xdd\xa4\x99\xfb\x6d\xbc\xd2\x6f\xa8\x0c\x98\xa6\xf9\xa4\xd7\
\xce\x1e\x89\x6b\x79\xa3\x79\x35\x54\xbf\x34\x79\x87\xd2\x90\x16\
\xb7\x9a\x3c\xc3\x55\x7c\xc2\x3d\x45\x1e\x61\xf4\xa0\x0b\x5b\xcd\
\x1b\xcd\x55\xdf\x9a\x5d\xff\x00\x8d\x00\x58\xdd\x46\xea\xac\x5a\
\x93\x7d\x00\x5a\xdd\x46\xea\xab\xbe\x8d\xf4\x0a\xc5\xad\xd4\x6e\
\xaa\xbb\xe8\xdf\x40\x58\xb4\x5e\x8d\xf5\x5d\x5e\x8d\xf4\x0c\xb1\
\xbe\x8d\xc4\x9a\xaf\xbe\x97\x7d\x00\x68\xc7\x21\x08\x29\xc1\xce\
\xe5\xfa\x8a\xa7\x1c\x9c\x0a\x78\x93\xe6\x5f\xa8\xfe\x75\x7d\x09\
\x2a\xfc\x61\x3f\xf1\x40\xf8\xa4\x7f\xd3\x9b\x7f\x4a\xea\xfe\x0a\
\x7f\xc8\x99\x69\xff\x00\x5c\xc5\x72\x3f\x18\x8f\xfc\x50\x9e\x28\
\x1f\xf4\xe8\xdf\xd2\xba\xef\x82\x9f\xf2\x26\x5a\x7f\xd7\x31\x5e\
\xc6\x0f\xf8\x67\x04\xfe\x26\x2f\xc6\xcf\xf9\x13\x6f\x3f\xeb\x99\
\xae\x3b\xe0\xf1\xff\x00\x8a\x1b\xc2\xe3\xfe\x9d\x17\xfa\xd7\x63\
\xf1\xb3\xfe\x44\xdb\xcf\xfa\xe6\x6b\x8c\xf8\x3a\xdf\xf1\x45\x78\
\x5f\xa7\xfc\x79\xaf\xfe\xcd\x55\x8c\xfe\x18\x53\xf8\x90\xd9\x5f\
\xf7\xaf\xfe\xf1\xfe\x74\xd1\x25\x47\x2b\x7e\xf6\x4f\xf7\x8f\xf3\
\xa6\xef\xaf\x01\x1e\x89\x63\xcc\xe2\x94\x3d\x57\xdf\x81\xd7\x9a\
\x43\x26\x6a\x82\xc5\xa1\x25\x7e\x42\x7f\xc1\x48\xfe\x0f\x37\xc3\
\xcf\x8e\x07\xc4\x16\xb0\x14\xd2\x7c\x4d\x17\xda\x15\x80\xf9\x44\
\xe9\x85\x91\x7f\x2d\x8d\xf8\x9a\xfd\x72\xf3\x6b\xc4\x3f\x6c\x1f\
\x80\xeb\xfb\x41\x7c\x18\xd4\xf4\x6b\x58\x95\xbc\x43\x63\xfe\x9f\
\xa4\xbb\x70\x4c\xe8\x0f\xee\xf3\xe8\xea\x4a\x7d\x58\x1e\xd5\xd7\
\x86\xa9\xec\xea\x26\xf6\x32\xa9\x0e\x68\x9f\x88\x95\x2c\x53\x3d\
\xbc\xa9\x24\x6e\xc9\x22\x10\xca\xca\x70\x41\x1d\x08\x34\xfb\xab\
\x59\xac\xae\x65\xb7\xb8\x89\xe0\x9e\x27\x31\xc9\x14\x8a\x55\x91\
\x81\xc1\x04\x1e\x84\x1e\xd5\x5e\xbe\x80\xf3\xcf\xdb\x1f\xd8\xc7\
\xf6\x8b\xb7\xf8\xf7\xf0\x97\x4f\x96\xee\x75\x3e\x26\xd3\x50\x5a\
\xea\x51\x13\xf3\x33\xa8\xc7\x99\x8f\x46\x18\x6f\xc4\x8e\xd5\xf4\
\x06\xf3\x5f\x83\xbf\xb3\xf7\xc7\x3d\x6f\xe0\x1f\x8f\xed\x7c\x41\
\xa5\x48\xcd\x6e\xc4\x25\xe5\xae\x7e\x59\xa3\xcf\xa7\xa8\xe7\x1f\
\x88\xef\x5f\xb3\xff\x00\x07\x3e\x34\x78\x7b\xe3\x5f\x84\x2d\x75\
\xcd\x0a\xed\x24\xde\x81\xa6\xb7\x0d\xf3\xc4\xde\x84\x7a\x67\xfc\
\x2b\xc1\xc4\xd0\x74\xa5\xcc\xb6\x67\x7d\x29\xf3\x2b\x75\x3d\x0f\
\xcc\xa5\xdf\x55\xbc\xca\x41\x27\x4a\xe1\xb9\xb5\x8b\x5b\xf3\x49\
\xbe\xab\xf9\x94\xbe\x6e\x69\x81\x38\x7a\x52\xf5\x5f\xcd\xc0\xa4\
\xf3\xbd\xe8\x02\xc6\xff\x00\x7a\x0b\xd5\x7f\x33\xdf\xf4\xa3\xcc\
\xfd\x28\x02\xc6\xff\x00\x7a\x4f\x33\xde\xa0\xf3\x2a\x2b\xbb\xe8\
\x2c\x2d\xa5\xb8\xb9\x99\x2d\xed\xe2\x52\xcf\x2c\xac\x15\x54\x7a\
\x92\x69\x81\x77\x7e\x68\xdf\x5c\xa7\x83\xfe\x24\x78\x73\xc7\xcd\
\xa8\x0f\x0f\xea\xb1\x6a\x7f\x60\x90\x45\x72\x61\xcf\xc8\xc4\x64\
\x75\xf5\x15\xd1\xf9\x94\x34\xd6\xe1\xb9\x63\xcc\xc5\x01\xea\xb7\
\x9b\x4b\xe6\x66\x90\x16\x7c\xcf\x7a\x4f\x33\x24\x64\xd5\x73\x25\
\x01\xb7\x62\x80\xb1\xa4\x8f\xf2\x8c\x1a\x50\xe4\x3a\xff\x00\xbc\
\x2a\xb4\x72\x61\x40\x27\x9a\x70\x94\x17\x4f\xf7\x87\xf3\xab\x01\
\x3e\x31\x1f\xf8\xa2\x3c\x50\x3f\xe9\xcd\xbf\xa5\x76\x3f\x05\x3f\
\xe4\x4c\xb4\xff\x00\xae\x62\xb8\xbf\x8c\x47\x1e\x0a\xf1\x40\xff\
\x00\xa7\x46\xfe\x95\xda\x7c\x14\xff\x00\x91\x32\xd3\xfe\xb9\x8a\
\xf6\xb0\x9f\xc3\x3c\xe9\xfc\x4c\x5f\x8d\x9f\xf2\x26\xde\x7f\xd7\
\x33\x5c\x47\xc1\xd6\xcf\x83\xbc\x2c\x3f\xe9\xd1\x7f\xf6\x6a\xed\
\xfe\x36\x7f\xc8\x9b\x79\xff\x00\x5c\xcd\x70\x9f\x07\x1b\xfe\x29\
\x0f\x0b\x8f\xfa\x75\x1f\xfb\x35\x3c\x57\xf0\xd8\x53\xf8\x91\x04\
\xaf\xfb\xe9\x39\xfe\x23\xfc\xe9\x37\xe0\xf5\xa8\x24\x97\x13\x49\
\xfe\xf1\xfe\x74\x9e\x67\xd6\xbe\x7d\x1e\x89\x39\x7c\x9a\x3c\xcc\
\x54\x01\xc9\xa3\x7d\x50\x13\x87\xa5\xf3\x79\xe0\xd5\x7d\xf4\xbb\
\xf1\x40\x1f\x9b\xdf\xf0\x51\xef\xd9\x4d\xf4\x5d\x52\xe3\xe2\xcf\
\x85\x6d\x37\x69\x97\xae\x3f\xb7\xed\x20\x5f\xf8\xf6\x9c\x9c\x0b\
\x90\x07\xf0\x39\xc0\x6f\x47\xe7\xf8\xf8\xf8\x17\x06\xbf\xa1\x4b\
\xeb\x4b\x5d\x5a\xc2\xe6\xc6\xfa\xda\x2b\xcb\x2b\x98\x9a\x19\xed\
\xe7\x40\xf1\xcb\x1b\x0c\x32\xb2\x9e\x08\x20\x90\x45\x7e\x4e\xfe\
\xd9\xbf\xb1\x55\xff\x00\xc0\xdd\x52\xe7\xc5\x3e\x15\xb7\x9b\x50\
\xf8\x7d\x75\x26\x78\xcb\xc9\xa5\x3b\x1f\xf5\x52\x9e\xa6\x3c\xf0\
\xb2\x7d\x03\x73\x82\xde\xce\x17\x10\x9a\xf6\x72\xdf\xa1\xc7\x56\
\x9d\xbd\xe4\x7c\x99\x5e\x9d\xf0\x47\xe3\xdf\x89\x7e\x06\xf8\x8e\
\x1d\x4b\x44\xbd\x91\x20\xdd\xfb\xeb\x6d\xdf\x2b\x8e\xf8\x1d\x3f\
\x03\xc1\xfe\x5e\x64\x78\xa4\xaf\x45\xa5\x25\x66\x73\xa7\x6d\x51\
\xfb\x3b\xf0\x13\xf6\xd2\xf0\x67\xc6\x3d\x36\x08\xee\x6f\x21\xd1\
\xf5\x8c\x05\x92\x29\x5b\x6c\x6c\xdf\x53\xf7\x0f\xb1\xe3\xd0\x9a\
\xfa\x09\x65\x0e\xaa\xca\xc1\x95\x86\x43\x03\x90\x45\x7f\x3d\x7a\
\x76\xa7\x77\xa4\x5d\xa5\xcd\x95\xc4\x96\xb7\x09\xf7\x64\x89\x8a\
\x91\x5f\x45\xfc\x25\xfd\xbb\xfc\x7f\xf0\xd1\x21\xb5\x9a\xf1\xb5\
\x2d\x3d\x38\xf2\x9f\x04\x63\xfd\xd3\xc7\xe5\xb6\xbc\x9a\xb8\x2e\
\xb4\xce\xa8\xd6\xe9\x23\xf6\x2f\x7d\x1b\xcd\x7c\x3b\xe0\x8f\xf8\
\x29\xe7\x85\xf5\x28\xe3\x4d\x7b\x4b\x36\xb2\xe3\xe6\x68\x98\xa7\
\xe8\x41\x1f\xf8\xf5\x7a\xc6\x93\xfb\x76\x7c\x2a\xd5\x23\x56\xfe\
\xd5\x96\x02\x7f\x84\xf9\x6f\xfc\x9e\xb8\x5d\x0a\x91\xde\x26\xea\
\x71\x7d\x4f\xa2\xf7\xd1\xbe\xbc\x12\x7f\xdb\x5b\xe1\x54\x28\x58\
\xeb\x72\x30\x1e\x91\x81\xfc\xda\xb9\x0f\x10\x7f\xc1\x44\xbe\x18\
\xe8\xe8\xdf\x66\x92\x6b\xd7\x03\x81\xe6\xc6\xbf\xfa\x09\x63\xfa\
\x52\x54\x6a\x3f\xb2\x3e\x78\xae\xa7\xd5\x3b\xf3\x9a\x8e\xe6\xf2\
\x1b\x48\x5e\x6b\x89\x92\x08\x50\x65\xa4\x95\x82\xa8\x1e\xe4\xd7\
\xe7\x8f\x8e\xbf\xe0\xa8\xee\xc9\x24\x5e\x1b\xd1\x92\x22\x72\x16\
\x46\x42\xe7\xf3\x7c\x0f\xfc\x74\xd7\xcb\xdf\x12\xff\x00\x6b\xcf\
\x88\x7f\x12\xa4\x71\x7b\xab\xcb\x0c\x0c\x72\x23\x57\xdd\x8f\xa7\
\xf0\x8f\xc1\x45\x74\x43\x07\x52\x5b\xe8\x64\xeb\x45\x6c\x7e\x9b\
\x7c\x5f\xfd\xb4\xfc\x01\xf0\xb2\xd2\x51\x1e\xa1\x1e\xaf\x7c\x01\
\x0b\x1c\x2f\x88\xf3\xfe\xf7\x56\xff\x00\x80\x83\x5f\x9e\x9f\x1e\
\x7f\x6e\x2f\x19\xfc\x5d\x9a\x5b\x5b\x5b\x96\xd3\x74\xac\x9d\xb1\
\xc7\xf2\x8c\x7b\x2f\xaf\xb9\xc9\xfa\x57\xcd\xd7\x97\xb7\x1a\x85\
\xc3\x4f\x75\x3c\x97\x13\x37\xde\x92\x56\x2c\xc7\xf1\x35\x00\xfa\
\x57\xa7\x4b\x0b\x0a\x7a\xee\xce\x79\x55\x94\x8f\xd4\x6f\xf8\x25\
\x44\xef\x71\xf0\x8f\xc6\xf3\x4d\x23\x4d\x34\x9a\xfa\x96\x95\xce\
\x59\x8f\xd9\xd3\xa9\x3c\x9a\xfb\x6c\x3d\x7c\x3b\xff\x00\x04\xa4\
\x6c\x7c\x1c\xf1\x9f\xfd\x87\x97\xff\x00\x49\xd2\xbe\xdb\xdf\x8a\
\xf2\x71\x5f\xc5\x91\xd5\x4f\xe0\x44\xfb\xf3\xde\x93\x7e\x0d\x44\
\x24\xcd\x1b\xf3\x5c\xa6\xa4\xbb\xe9\xf1\xbf\x35\x5b\x75\x3e\x37\
\xc7\x34\x01\x74\xcb\xc5\x24\x72\x7e\xf1\x39\xfe\x21\xfc\xea\xab\
\x49\xc7\x14\xb0\xcb\xfb\xd8\xff\x00\xde\x1f\xce\x80\x45\xcf\x8c\
\x6d\xff\x00\x14\x7f\x8a\x07\xfd\x3a\x1f\xfd\x96\xbb\x9f\x82\x7f\
\xf2\x26\xd9\xff\x00\xd7\x31\x5c\x1f\xc6\x46\xff\x00\x8a\x4b\xc5\
\x1f\xf5\xea\x7f\xf6\x5a\xef\x3e\x09\xff\x00\xc8\x9b\x67\xff\x00\
\x5c\xc5\x7b\xf8\x5f\xe1\xa3\xce\xa9\xf1\x30\xf8\xd9\xff\x00\x22\
\x6d\xe7\xfd\x73\x35\xc0\xfc\x1a\x3f\xf1\x49\xf8\x5f\xfe\xbd\x47\
\xfe\xcd\x5d\xf7\xc6\xcf\xf9\x13\x6f\x3f\xeb\x99\xaf\x3e\xf8\x34\
\x7f\xe2\x96\xf0\xbf\xfd\x7b\x0f\xfd\x9a\x9e\x23\xf8\x6c\x29\xfc\
\x48\xce\x99\xb3\x3c\x9f\xef\x9f\xe7\x4d\xf3\x31\x51\x4e\xff\x00\
\xbf\x97\xfd\xf6\xfe\x74\xc2\xdc\xf7\xaf\x9e\x47\xa7\x62\xd0\x90\
\x1f\x4a\x53\x20\x3d\xea\xa6\xfa\x5f\x33\xeb\x4c\x56\x2c\x87\x03\
\xb8\xa5\x12\x55\x5f\x33\x23\xbd\x01\xbb\xe6\x80\xb1\x6c\x3e\x7a\
\x11\x51\xdd\xdb\x5b\xea\x16\xb3\xda\xdd\xc1\x15\xd5\xa4\xf1\xb4\
\x53\x5b\xce\xa1\xe3\x91\x08\xc1\x56\x53\xc1\x04\x70\x41\xa8\x43\
\x9c\xf5\x34\xbb\xfa\x8c\xfe\xb4\xc5\x63\xf3\xeb\xf6\xa0\xff\x00\
\x82\x71\x48\xb3\x5e\x78\x97\xe1\x1c\x42\x58\x98\x99\x6e\x3c\x2d\
\x23\xfc\xe9\xdc\x9b\x57\x3f\x78\x7f\xd3\x36\x39\x1f\xc2\x4f\x02\
\xbe\x04\xd4\xf4\xbb\xcd\x16\xfe\x7b\x1d\x42\xd2\x7b\x0b\xdb\x77\
\x31\xcd\x6f\x73\x19\x8e\x48\xd8\x75\x56\x52\x01\x07\xd8\xd7\xef\
\xfe\xec\x0e\x3f\x4a\xf3\x2f\x8c\xdf\xb3\x8f\x80\x3e\x3c\xda\x15\
\xf1\x5e\x86\x92\xea\x0a\x9b\x22\xd6\x2c\xc8\x86\xf6\x2f\x4c\x48\
\x07\xcc\x07\xf7\x5c\x30\xf6\xaf\x4a\x8e\x31\xc7\x49\xea\x8e\x79\
\xd1\xbe\xb1\x3f\x10\x3a\x1a\x2b\xed\x4f\x8b\x3f\xf0\x4c\x8f\x1a\
\x78\x6d\xe7\xbb\xf0\x2e\xab\x6b\xe2\xfb\x01\x96\x5b\x3b\x92\xb6\
\x97\xaa\x3d\x30\xc7\xcb\x73\xee\x18\x67\xd2\xbe\x55\xf1\xa7\xc3\
\x1f\x16\xfc\x3a\xbb\x6b\x6f\x13\xf8\x6b\x54\xd0\xa5\x0d\xb7\xfd\
\x3a\xd5\xe3\x56\x3f\xec\xb1\x18\x6f\xa8\x26\xbd\x48\x55\x85\x4f\
\x85\x9c\xb2\x84\xa3\xba\x39\x5a\x28\xa2\xb4\x20\x28\xa2\x8a\x00\
\x29\x71\x8e\xf4\xf8\xe3\x79\xe4\x54\x8d\x19\xdd\x8e\x02\xa8\xc9\
\x27\xd8\x57\xab\xf8\x07\xf6\x53\xf8\xaf\xf1\x29\xa3\x6d\x17\xc1\
\x1a\xa7\xd9\x5c\x8f\xf4\xcb\xe8\xbe\xc9\x00\x1e\xbb\xe5\xda\x08\
\xfa\x66\x93\x92\x8e\xb2\x76\x1a\x4d\xec\x79\x27\x4a\xb7\x61\xa7\
\xdc\xea\x97\x90\xda\x59\xdb\xcb\x77\x75\x33\x04\x8e\x08\x10\xbb\
\xbb\x1e\x81\x54\x72\x4f\xb0\xaf\xbd\xbe\x18\x7f\xc1\x2d\x26\x91\
\xa2\xba\xf8\x83\xe2\xc4\xb7\x41\x82\xda\x6e\x80\xbb\xdc\xfb\x19\
\xe4\x18\x1f\x82\x37\xd6\xbe\xca\xf8\x55\xf0\x13\xc0\x3f\x05\x6d\
\x82\x78\x43\xc3\x56\x9a\x75\xc9\x5d\xaf\xa8\x38\xf3\xae\xe4\x1f\
\xed\x4c\xd9\x6c\x7b\x0c\x0f\x6a\xe2\xa9\x8c\xa7\x1d\x23\xab\x37\
\x8d\x19\x3d\xf4\x3c\x83\xfe\x09\xe1\xf0\x9f\xc5\x7f\x09\x3e\x12\
\x6b\x70\x78\xbb\x48\x97\x43\xbb\xd5\x75\x41\x7b\x6d\x6b\x72\xc0\
\x4d\xe5\x79\x2a\xb9\x74\x07\x28\x72\x0f\xca\xd8\x3e\xd5\xf5\x47\
\x98\x33\x8a\xab\xbc\xfa\x9a\x0b\x9c\x75\x35\xe2\xce\x6e\xa4\x9c\
\x9f\x53\xb6\x31\xe5\x56\x2d\xbd\xc4\x70\xc6\xf2\x3b\xaa\x46\x80\
\xb3\x16\x38\x0a\x07\x53\x5f\x33\x78\xef\xfe\x0a\x03\xf0\xe3\xc1\
\x9a\x9c\xd6\x11\xc9\x2e\xa3\x2c\x4c\x51\x99\x1c\x28\xc8\xf6\x19\
\x3f\x98\x15\xf4\x4d\xdd\xbc\x77\xd6\x73\xdb\x4c\x0b\x43\x34\x6d\
\x13\xae\x71\x95\x61\x83\xfa\x57\xcb\x30\xff\x00\xc1\x38\x3e\x16\
\xdd\x6b\xba\xc6\xa9\xac\xdd\xeb\x9a\xa3\x5f\xdd\x4b\x71\x1d\xb4\
\x57\x2b\x6f\x15\xb2\xb3\x12\x10\x61\x4b\x31\x00\xe3\x71\x3c\xe3\
\xa5\x69\x4b\xd9\xeb\xed\x08\x92\x97\xd9\x3b\x7f\x85\x7f\xb6\xdf\
\xc3\xcf\x8a\x7a\xa4\x5a\x6c\x17\x4d\xa6\xde\xca\x70\x8b\x3b\x82\
\xa4\x9e\xc4\xf0\x47\xd4\x8c\x57\xd0\x0b\x27\x18\xaf\xc8\x6f\xdb\
\x0b\xf6\x7b\xd1\xbf\x66\x4f\x1c\x68\xb7\x1e\x0d\xd7\xae\xe6\x82\
\xe4\x19\x85\xad\xdb\x06\xb9\xb1\x91\x48\x2b\xf3\xa8\x01\x95\x81\
\xe3\x20\x11\x82\x0e\x73\x9a\xfd\x41\xf8\x41\xe2\x97\xf1\x8f\xc2\
\x8f\x06\xeb\xd2\x29\x49\x35\x3d\x1e\xd6\xed\xd4\xf6\x67\x89\x49\
\x1f\x4c\xe6\xb5\xad\x4a\x31\x8a\x9c\x36\x64\xc2\x4d\xb7\x19\x6e\
\x77\x1b\xe9\xd1\x1c\xcf\x1f\x23\x97\x1f\xce\xaa\x89\x08\xf5\xa7\
\x43\x27\xfa\x44\x5f\xef\xaf\xf3\xae\x33\x53\x63\xe3\x29\xc7\x85\
\x3c\x50\x3f\xe9\xd4\xff\x00\xec\xb5\xdf\x7c\x13\xff\x00\x91\x36\
\xcf\xfe\xb9\x8a\xf3\xef\x8c\xcd\x9f\x0b\xf8\xa3\xfe\xbd\x8f\xfe\
\xcb\x5e\x83\xf0\x4f\xfe\x44\xdb\x3f\xfa\xe6\x2b\xe8\x30\xdf\xc3\
\x5f\x2f\xc8\xf3\xaa\x7c\x4c\x4f\x8d\x7f\xf2\x26\x5d\xff\x00\xd7\
\x33\x5e\x79\xf0\x64\xff\x00\xc5\x33\xe1\x71\xff\x00\x4e\xc3\xff\
\x00\x66\xaf\x43\xf8\xd7\xff\x00\x22\x65\xdf\xfd\x73\x35\xe7\x3f\
\x06\x0f\xfc\x53\x9e\x17\x1f\xf4\xec\x3f\xf6\x6a\x78\x8f\xe1\xbf\
\x46\x3a\x7f\x12\x31\xee\x1b\xfd\x22\x5f\xf7\xdb\xf9\xd4\x7e\x67\
\xd6\x9b\x72\xd8\xb9\x98\x7f\xb6\xdf\xce\x99\xbf\x8a\xf9\xe3\xd0\
\x26\x0f\x46\xf0\x2a\x1d\xf8\xa0\x3f\x5f\x6a\x07\x72\x6f\x37\x34\
\xbe\x60\xaa\xec\xf8\xc5\x1b\xfd\xe9\x5c\xa2\xc0\x90\x0a\x5d\xe3\
\x1c\xd5\x70\xf8\xf5\xa5\xde\x3b\xd3\x20\x9f\x70\xdb\xc1\xa6\xee\
\x1e\xb5\x10\x6e\xc6\x93\x7e\x28\x02\x7d\xf8\x15\x15\xcc\x71\x5e\
\x5b\xb5\xbd\xc4\x51\xdc\x5b\xb7\x0d\x0c\xc8\x1d\x1b\xea\xa7\x83\
\x4d\xdf\x41\x6a\x63\xb9\xe7\x1e\x23\xfd\x99\xfe\x13\x78\xb5\xde\
\x4d\x53\xe1\xe6\x81\x2c\xaf\xf7\xa5\xb7\xb4\x16\xce\x7f\xe0\x51\
\x6d\x35\xc2\xdf\x7e\xc0\x3f\x03\x2f\x5c\xb8\xf0\x9d\xc5\xa9\x3d\
\xad\xf5\x5b\x95\x1f\x91\x73\x5f\x40\x6f\xe2\x94\x39\xab\x55\x6a\
\x2d\xa4\xc9\xe5\x8b\xdd\x1f\x3a\xc7\xff\x00\x04\xf5\xf8\x1c\x8d\
\x93\xe1\xcd\x42\x41\xe8\xda\xb4\xf8\xfd\x08\xae\x87\x44\xfd\x8a\
\xfe\x09\x68\x6c\xa6\x1f\x87\xf6\x37\x2c\x3b\xdf\x5c\x4f\x71\xfa\
\x3c\x84\x7e\x95\xed\x3b\xa8\xde\x71\x43\xad\x51\xfd\xa7\xf7\x89\
\x42\x2b\xa1\x85\xe1\x7f\x87\x7e\x11\xf0\x52\xaa\xf8\x7f\xc2\xda\
\x36\x89\x8e\x8d\x61\xa7\xc5\x0b\x7f\xdf\x4a\xb9\xfd\x6b\xa5\x69\
\x4b\x1c\xb3\x16\x3e\xa6\xab\x86\xc5\x2e\xff\x00\xd6\xa2\xed\xea\
\xcb\xd8\x9b\x7d\x1b\xfd\xea\x20\xd4\x84\x9c\x52\x0b\x92\xef\xe7\
\x39\xa0\xbd\x41\xbb\x9e\x68\x2f\x40\x5c\x9b\x75\x78\x8f\xed\x71\
\xf1\xab\x5f\xf8\x21\xf0\xd9\x35\xcd\x06\xc8\x5c\xb7\x9c\x23\x9a\
\x76\x5c\x88\x54\xb2\xa8\xea\x08\x04\x96\xef\xe9\x5e\xd3\xbf\x1d\
\xff\x00\x1a\xa8\xff\x00\x60\xd7\x6d\x24\x81\xd6\xd7\x53\xb5\x6f\
\x96\x48\x9d\x52\x68\xdb\xd9\x94\xe4\x1f\xc6\xae\x2d\x46\x49\xb5\
\x74\x27\x76\xac\x8f\xc7\x3b\x9f\x18\xde\x7e\xd3\x5f\x17\x34\x98\
\xbc\x67\xe2\x6b\x3f\x0d\xd9\x5d\x4f\xb6\x6d\x4a\xf9\x99\x92\x15\
\xee\x72\x07\x2c\x40\x0a\xa3\xe5\x5c\xe3\xa0\xc9\xaf\xd8\x8f\x0a\
\xd8\x69\x9a\x2f\x86\x34\x7d\x3b\x45\xdb\xfd\x8f\x65\x69\x15\xb5\
\x9e\xc6\xc8\xf2\x51\x02\xa7\x3d\xf8\x02\xbf\x38\xff\x00\xe0\xa3\
\x7e\x01\xf0\x2f\x85\x3c\x43\xa1\xdc\x78\x67\x45\xb5\xd1\x35\xb9\
\x72\x35\x14\xd3\xd0\x45\x04\xaa\xc0\xb2\x31\x8d\x78\x57\x18\x39\
\x20\x0c\x86\x19\xe9\x5f\x65\xfe\xc8\x5a\xf5\xd7\x88\x7f\x66\xaf\
\x00\xde\xdf\x6e\x37\x26\xc1\xa1\x2c\xdc\x97\x11\xca\xf1\xab\x1f\
\xaa\xa2\xd7\x7e\x21\xa9\xd3\x8c\xe3\xa2\xec\x73\xd2\xf7\x64\xd3\
\x3d\x9b\x7f\x7a\x92\xd9\xbf\xd2\x62\xff\x00\x7d\x7f\x9d\x55\xdf\
\xf5\xa9\x20\x6f\xf4\x88\x71\xfd\xf5\xfe\x62\xbc\xd3\xa6\xe7\x41\
\xf1\x98\xe3\xc3\x5e\x28\x1f\xf4\xec\x7f\xf6\x5a\xf4\x4f\x82\x7f\
\xf2\x26\xd9\xff\x00\xd7\x31\x5e\x71\xf1\x98\xff\x00\xc5\x39\xe2\
\x71\xff\x00\x4e\xc7\xff\x00\x65\xaf\x47\xf8\x27\xff\x00\x22\x6d\
\x9f\xfd\x73\x15\xf4\x58\x6f\xe1\x47\xd1\x1e\x64\xfe\x26\x1f\x1b\
\x3f\xe4\x4d\xbc\xff\x00\xae\x66\xbc\xdb\xe0\xc9\xff\x00\x8a\x7f\
\xc2\xe3\xfe\x9d\x87\xf2\x6a\xf4\x9f\x8d\x83\x3e\x0d\xbb\xff\x00\
\xae\x66\xbc\xd7\xe0\xc7\xfc\x80\x3c\x2e\x3f\xe9\xdc\x7f\xec\xd4\
\xf1\x1f\xc2\x7e\x8c\x21\xf1\x23\x9f\xba\x39\xb9\x9b\xfd\xf6\xfe\
\x66\xa3\x07\x14\xb7\x79\x4b\xbb\x85\x23\x91\x23\x02\x3d\xf2\x6a\
\x1d\xf8\xed\x5f\x36\x8f\x48\x9b\x75\x07\x18\xa8\x83\x64\x50\x5b\
\xda\x98\x0f\x2c\x3f\x0a\x5a\x8f\x3e\xd4\x16\xcf\x3d\xe9\x58\x77\
\x25\x07\x8f\xeb\x46\xea\x88\x13\x40\x6c\xf6\xfd\x69\x88\x90\xb5\
\x05\xb1\xc7\x35\x11\x6a\x33\x8e\x83\x8f\x7a\x00\x9b\x3c\x67\xf4\
\xa3\x39\xe2\xa1\xdd\x83\x80\x29\x4b\x71\xd2\x80\x25\x27\x14\x9b\
\xbe\x95\x11\x7c\x76\xa4\xdf\xec\x29\xd8\x09\x81\xa5\x06\xa1\xdd\
\xed\x46\xe2\x3b\x52\x02\x70\x78\xe9\x46\x7a\xd4\x5b\xb3\xd2\x8d\
\xdf\xfe\xba\x00\x93\x77\xe5\x4b\xbb\x35\x08\x7a\x37\x75\xa0\x09\
\xb3\xc8\xa6\x9e\xb5\x19\x63\xd8\x53\x4b\xe4\xf4\xa0\x0a\x1e\x2b\
\xd3\x2e\x35\xbf\x0c\xea\xba\x75\xa4\xff\x00\x66\xb9\xba\xb6\x78\
\x63\x9b\x38\xd8\xc4\x63\x35\xf9\x4b\xe2\x59\xbe\x38\xfc\x06\xf1\
\x15\xf5\x95\xdd\x8e\xb7\x63\x08\x99\xfc\x9b\x86\x86\x47\x86\x54\
\xdc\x70\x52\x64\xe1\x81\x1f\xed\x1c\x7b\x57\xeb\x4e\xec\xf6\xa7\
\x09\x9d\x41\x01\x88\x1d\xc0\x35\xd1\x46\xb7\xb2\xba\xb5\xd3\x33\
\x9c\x39\xba\x9f\x91\xfe\x0d\xf8\x31\xf1\x6b\xf6\xa6\xf1\x6d\xab\
\xdd\x58\x5e\xdb\xe9\xfb\xc7\x9f\xac\x6a\x30\x3c\x56\xb6\xe8\x7e\
\xf3\x02\xdc\xc8\xd8\x1f\x74\x12\x4f\x03\x81\xc8\xfd\x59\xf0\x4f\
\x84\x34\xff\x00\x00\x78\x3f\x44\xf0\xce\x94\xac\xba\x76\x93\x69\
\x1d\x9c\x1b\xfe\xf3\x2a\x8c\x16\x6f\x76\x39\x63\xee\x4d\x6b\xb4\
\xec\xf8\xdc\x4b\x63\xd4\xd2\x79\x9e\xd5\x55\xab\x4a\xad\x95\xac\
\x90\x42\x0a\x04\xc0\xe3\xad\x3e\xdf\xfe\x3e\xa1\xff\x00\x7d\x7f\
\x98\xaa\xde\x67\xb5\x4b\x69\x99\x2e\xe0\x50\x32\x4c\x8a\x07\xe6\
\x2b\x9a\xc6\x87\x4b\xf1\x98\xff\x00\xc5\x3f\xe2\x71\xff\x00\x4e\
\xc7\xf9\x2d\x7a\x4f\xc1\x3f\xf9\x13\x6c\xff\x00\xeb\x98\xaf\x35\
\xf8\xcd\xff\x00\x20\x0f\x13\x8e\xff\x00\x67\x3f\xfb\x2d\x7a\x57\
\xc1\x31\x8f\x06\xda\x7f\xd7\x31\x5f\x45\x87\xfe\x14\x7d\x11\xe6\
\xcf\xe2\x66\x97\xc4\xed\x38\xea\x5e\x14\xbb\x8d\x46\x4e\xc3\xfc\
\xab\xc4\xfe\x12\x6a\x4b\x6f\xa2\x69\xaa\xfc\x35\x85\xc4\xb6\xb2\
\x8f\xee\xe1\xc9\x1f\xf8\xe3\xa1\xaf\xa4\xef\xed\x56\xf6\xd2\x48\
\x58\x64\x30\xc5\x7c\xc1\xe2\x0b\x17\xf8\x67\xe3\x7b\xa6\xb8\x1e\
\x5e\x89\xaa\x30\xf3\x25\x3f\x76\x09\x47\xdd\x73\xe8\xa7\x24\x31\
\xfa\x1e\x8b\x5a\xce\x2a\x71\x71\x64\xa7\x67\x72\xff\x00\x8f\xb4\
\xb6\xd2\xbc\x4b\x72\xc0\x7e\xe2\xe0\xf9\xf1\xb0\xe8\x73\xd4\x7e\
\x07\x3f\xa5\x73\xdb\xab\xd3\x59\x6c\xbc\x51\xa6\xa6\x99\xa9\xb9\
\xb7\x9e\x2f\xf8\xf7\xba\x1d\xbd\x8f\xf9\xe6\xb9\x0d\x63\xc0\x3a\
\xce\x92\xe4\x8b\x73\x79\x07\x51\x35\xb7\xcd\x91\xee\x3a\x8a\xf9\
\xa9\x42\x54\x9f\x2c\x8f\x4e\x32\x53\x57\x46\x08\x6a\x37\x1a\x56\
\xb4\xb8\x8c\xed\x68\x26\x53\xe8\x63\x61\xfd\x29\xbf\x67\x9b\xfe\
\x78\xcb\xff\x00\x7c\x1a\x06\x28\x7c\x0a\x0b\x51\xf6\x79\x87\xfc\
\xb1\x97\x1f\xee\x1a\x3e\xcf\x36\x33\xe4\xcb\xff\x00\x7c\x1a\x00\
\x52\xd8\x1e\xf4\x8b\xcd\x28\x86\x5f\xf9\xe3\x2f\xfd\xf0\x69\xdf\
\x67\x9f\x3f\xea\x65\xc7\xfb\x86\x80\x18\x5b\x93\xd6\x8d\xd4\x35\
\xb4\xe0\xff\x00\xaa\x97\xfe\xf8\x34\x0b\x79\xb9\xfd\xd4\xbf\xf7\
\xc1\xff\x00\x0a\x00\x4d\xf4\x6f\xc5\x23\x5b\xcd\xff\x00\x3c\x65\
\xff\x00\xbe\x0d\x2f\xd9\xe7\x03\xfd\x4c\xbf\xf7\xc1\xa8\x01\x77\
\x52\x6f\xf7\xa3\xec\xf3\x7f\xcf\x19\x7f\xef\x83\x40\x82\x6f\xf9\
\xe3\x2f\xfd\xf0\x69\xdc\x05\xdd\xcd\x01\xf6\xf7\xa0\x5b\xcd\x8f\
\xf5\x52\xff\x00\xdf\x06\x83\x6b\x36\x33\xe5\x4a\x7f\xe0\x06\xa8\
\x05\xf3\x01\xe9\xc5\x21\x6e\x29\x05\xb4\xff\x00\xf3\xc6\x5f\xfb\
\xe0\xd2\xf9\x13\xf1\xfb\xa9\x7f\xef\x83\x40\x08\x5b\x1d\xf8\xa5\
\x12\x73\x8e\x45\x37\xec\xd3\xe7\x98\xa5\xff\x00\xbe\x0d\x02\xde\
\x6e\xd1\x4b\xff\x00\x7c\x1f\xf0\xa8\x00\xdf\x8a\x52\xd4\x82\x09\
\xb3\xfe\xa6\x5f\xfb\xe0\xff\x00\x85\x2f\xd9\xe6\xff\x00\x9e\x32\
\xff\x00\xdf\x06\x84\x02\x6e\xa5\x07\xeb\x4b\xf6\x69\xbf\xe7\x8c\
\xbf\xf7\xc1\xa0\x5b\xcc\x41\xfd\xcc\xbf\xf7\xc1\xab\x01\x37\x7d\
\x68\xdf\xef\x47\xd9\xe7\x3f\xf2\xc6\x5f\xfb\xe0\xd3\x92\xd2\xe1\
\xd8\x05\x82\x66\x3e\x8b\x1b\x1f\xe9\x40\x0d\xdd\xf5\xae\x8f\xc0\
\x3a\x53\x6a\xde\x23\xb7\x38\x26\x1b\x63\xe7\xc8\x7b\x71\xd0\x7e\
\x27\x1f\x91\xa8\xf4\x8f\x00\xeb\x3a\xb3\xa9\x36\xed\x67\x07\x79\
\x6e\x7e\x5c\x0f\xf7\x7a\x9a\xeb\x91\x6c\xfc\x31\xa6\x3e\x99\xa6\
\x48\x67\x9e\x53\xfe\x91\x74\x7b\xfb\x0f\xf3\xc5\x38\x46\x55\x1f\
\x2c\x7f\xe1\x85\x29\x28\x2b\xb3\x92\xf8\xb7\xa9\x2d\xce\x8b\xa9\
\x2a\x72\xd7\xf7\x11\x5a\xc4\x3f\xbd\x97\x04\xff\x00\xe3\x88\xe6\
\xbd\xaf\xe1\x8e\x9c\x74\xdf\x0a\x5a\x46\xc3\x07\x60\xfe\x55\xe0\
\xfe\x1f\xb1\x7f\x89\x9e\x37\xb5\x6b\x71\xe6\x68\x9a\x5b\x1f\x2e\
\x51\xf7\x67\x94\xfd\xe7\x1e\xaa\x00\x01\x4f\xd4\xf4\x6a\xfa\x7f\
\x4f\xb5\x5b\x2b\x48\xe1\x51\x80\xa3\x15\xf4\x90\x8a\x84\x54\x51\
\xe6\x37\x77\x72\xcd\x72\xfe\x36\xf0\x4d\x9f\x8b\xb4\xd9\x20\x9e\
\x35\x62\xc3\x19\x22\xba\x8a\x2a\xc4\x7c\xaf\x7f\xe1\xef\x12\xfc\
\x34\x73\x6c\xb6\xad\xac\xe8\x89\xc4\x71\x13\x89\x60\x5f\x44\x6e\
\xe3\xfd\x93\xf8\x15\x15\x67\x4f\xf8\xb7\x61\x6a\x9b\x0e\xa5\x75\
\xa5\xb0\xeb\x0d\xe5\xbb\xae\xdf\xc4\x06\x4f\xc8\xd7\xd2\xd7\x5a\
\x7c\x17\xa8\x56\x68\xd5\xc1\xf5\x15\xcc\x6a\x3f\x0c\x74\x2d\x49\
\x8b\x49\x69\x1e\x4f\xfb\x02\xa6\x51\x8c\x95\xa4\xae\x34\xda\xd8\
\xf1\xdf\xf8\x5c\xfa\x77\xfd\x0c\xf6\xbf\xe7\xfe\x03\x47\xfc\x2e\
\xad\x3b\xfe\x86\x7b\x5f\xf3\xff\x00\x01\xaf\x50\x3f\x04\xfc\x3c\
\x4f\xfc\x7a\x47\xff\x00\x7c\xd1\xff\x00\x0a\x4f\xc3\xdf\xf3\xe9\
\x17\xfd\xf3\x59\xfb\x1a\x7f\xca\xbe\xe2\xb9\xe5\xdc\xf2\xff\x00\
\xf8\x5d\x5a\x77\xfd\x0c\xf6\xbf\xe7\xfe\x03\x47\xfc\x2e\xad\x3b\
\xfe\x86\x7b\x5f\xf3\xff\x00\x01\xaf\x50\xff\x00\x85\x27\xe1\xef\
\xf9\xf4\x8b\xfe\xf9\xa3\xfe\x14\x9f\x87\xbf\xe7\xd2\x2f\xfb\xe6\
\x8f\x63\x4f\xf9\x57\xdc\x1c\xf2\xee\x79\x7f\xfc\x2e\x7d\x3b\xfe\
\x86\x7b\x5f\xf3\xff\x00\x01\xa5\xff\x00\x85\xd5\xa7\x8f\xf9\x9a\
\x2d\x7f\xcf\xfc\x06\xbd\x3f\xfe\x14\x9f\x87\xbf\xe7\xd2\x2f\xfb\
\xe6\x8f\xf8\x52\x7e\x1e\xff\x00\x9f\x48\xbf\xef\x9a\x3d\x8d\x3f\
\xe5\x5f\x70\x73\xcb\xb9\xe6\x07\xe3\x5e\x9e\x7f\xe6\x67\xb5\xfd\
\x3f\xf8\x9a\x4f\xf8\x5d\x5a\x77\xfd\x0c\xf6\xbf\xe7\xfe\x03\x5e\
\xa1\xff\x00\x0a\x4f\xc3\xdf\xf3\xe9\x17\xfd\xf3\x47\xfc\x29\x3f\
\x0f\x7f\xcf\xa4\x5f\xf7\xcd\x1e\xc6\x9f\xf2\xaf\xb8\x39\xe5\xdc\
\xf2\xff\x00\xf8\x5c\xfa\x77\xfd\x0c\xf6\xbf\xe7\xfe\x03\x47\xfc\
\x2e\xad\x3b\xfe\x86\x7b\x5f\xf3\xff\x00\x01\xaf\x50\xff\x00\x85\
\x27\xe1\xef\xf9\xf4\x8b\xfe\xf9\xa3\xfe\x14\x9f\x87\xbf\xe7\xd2\
\x2f\xfb\xe6\x8f\x61\x4f\xf9\x57\xdc\x1c\xf2\xee\x79\x7f\xfc\x2e\
\xad\x3b\xfe\x86\x7b\x5f\xf3\xff\x00\x01\xa3\xfe\x17\x56\x9d\xff\
\x00\x43\x3d\xaf\xf9\xff\x00\x80\xd7\xa8\x7f\xc2\x93\xf0\xf7\xfc\
\xfa\x45\xff\x00\x7c\xd1\xff\x00\x0a\x4f\xc3\xdf\xf3\xe9\x17\xfd\
\xf3\x47\xb0\xa7\xfc\xab\xee\x0e\x79\x77\x3c\xbf\xfe\x17\x4e\x9d\
\xff\x00\x43\x3d\xaf\xe9\xff\x00\xc4\xd1\xff\x00\x0b\xa7\x4e\xce\
\x7f\xe1\x27\xb5\xfd\x3f\xf8\x9a\xf5\x0f\xf8\x52\x7e\x1e\xff\x00\
\x9f\x48\xbf\xef\x9a\x3f\xe1\x49\xf8\x7b\xfe\x7d\x22\xff\x00\xbe\
\x68\xf6\x34\xff\x00\x95\x7d\xc1\xcf\x2e\xe7\x98\x1f\x8d\x5a\x79\
\xff\x00\x99\xa2\xd7\xfc\xff\x00\xc0\x69\x3f\xe1\x75\x69\xdf\xf4\
\x33\xda\xff\x00\x9f\xf8\x0d\x7a\x87\xfc\x29\x3f\x0f\x7f\xcf\xa4\
\x5f\xf7\xcd\x1f\xf0\xa4\xfc\x3d\xff\x00\x3e\x91\x7f\xdf\x34\x7b\
\x1a\x7f\xca\xbe\xe0\xe7\x97\x73\xcb\xff\x00\xe1\x75\x69\xdf\xf4\
\x33\xda\xff\x00\x9f\xf8\x0d\x1f\xf0\xba\x34\xef\xfa\x19\xad\x7f\
\x4f\xfe\x26\xbd\x3f\xfe\x14\x9f\x87\x7f\xe7\xd2\x2f\xfb\xe6\x8f\
\xf8\x52\x7e\x1d\xff\x00\x9f\x48\xbf\xef\x9a\x5e\xc6\x97\xf2\xaf\
\xb8\x39\xe7\xdc\xf3\x0f\xf8\x5d\x1a\x71\xff\x00\x99\x9e\xd7\xfc\
\xff\x00\xc0\x68\xff\x00\x85\xd5\xa7\x7f\xd0\xcf\x6b\xfe\x7f\xe0\
\x35\xea\x1f\xf0\xa4\xfc\x3d\xff\x00\x3e\x91\x7f\xdf\x34\x7f\xc2\
\x93\xf0\xf7\xfc\xfa\x45\xff\x00\x7c\xd1\xec\x29\x7f\x2a\xfb\x83\
\x9e\x5d\xcf\x2f\xff\x00\x85\xd5\xa7\x7f\xd0\xcf\x6b\xfe\x7f\xe0\
\x34\x7f\xc2\xe9\xd3\xbf\xe8\x67\xb5\xfd\x3f\xf8\x9a\xf5\x0f\xf8\
\x52\x7e\x1e\xff\x00\x9f\x48\xbf\xef\x9a\x3f\xe1\x49\xf8\x7b\xfe\
\x7d\x22\xff\x00\xbe\x69\xfb\x1a\x7f\xca\xbe\xe0\xe7\x97\x73\xcb\
\xff\x00\xe1\x74\xe9\xdf\xf4\x33\xda\xfe\x9f\xfc\x4d\x1f\xf0\xba\
\x74\xff\x00\xfa\x19\xed\x7f\xcf\xfc\x06\xbd\x43\xfe\x14\x9f\x87\
\xbf\xe7\xd2\x2f\xfb\xe6\x81\xf0\x4f\xc3\xc0\xff\x00\xc7\xa4\x7f\
\xf7\xcd\x1e\xc6\x9f\xf2\xaf\xb8\x39\xe5\xdc\xf2\x2d\x43\xe2\xdd\
\x85\xd2\x6c\x1a\x95\xd6\xa6\xc7\xa4\x36\x70\x3b\x6e\xfc\x48\x54\
\xfc\xcd\x56\xb0\xf0\xf7\x89\x7e\x25\xb8\xb6\x6b\x56\xd1\xb4\x47\
\xe2\x48\x81\xcc\xb3\xaf\xa3\xb7\x65\xff\x00\x64\x7e\x25\x85\x7b\
\xc6\x9d\xf0\xc7\x42\xd3\x58\x34\x76\x91\xe4\x7f\xb0\x2b\xa7\xb5\
\xd3\xe0\xb2\x40\xb0\xc6\xa8\x07\xa0\xab\x51\x8c\x55\xa2\xac\x4b\
\x6d\xee\x60\x78\x27\xc1\x36\x7e\x11\xd3\x63\x82\x08\xd5\x4a\x8c\
\x64\x0a\xea\x28\xa2\xac\x47\xff\xd9\
\x00\x00\x03\xd3\
\xff\
\xd8\xff\xe0\x00\x10\x4a\x46\x49\x46\x00\x01\x01\x01\x00\x60\x00\
\x60\x00\x00\xff\xdb\x00\x43\x00\x03\x02\x02\x03\x02\x02\x03\x03\
\x03\x03\x04\x03\x03\x04\x05\x08\x05\x05\x04\x04\x05\x0a\x07\x07\
\x06\x08\x0c\x0a\x0c\x0c\x0b\x0a\x0b\x0b\x0d\x0e\x12\x10\x0d\x0e\
\x11\x0e\x0b\x0b\x10\x16\x10\x11\x13\x14\x15\x15\x15\x0c\x0f\x17\
\x18\x16\x14\x18\x12\x14\x15\x14\xff\xdb\x00\x43\x01\x03\x04\x04\
\x05\x04\x05\x09\x05\x05\x09\x14\x0d\x0b\x0d\x14\x14\x14\x14\x14\
\x14\x14\x14\x14\x14\x14\x14\x14\x14\x14\x14\x14\x14\x14\x14\x14\
\x14\x14\x14\x14\x14\x14\x14\x14\x14\x14\x14\x14\x14\x14\x14\x14\
\x14\x14\x14\x14\x14\x14\x14\x14\x14\x14\x14\x14\x14\xff\xc0\x00\
\x11\x08\x00\x18\x00\x18\x03\x01\x22\x00\x02\x11\x01\x03\x11\x01\
\xff\xc4\x00\x1f\x00\x00\x01\x05\x01\x01\x01\x01\x01\x01\x00\x00\
\x00\x00\x00\x00\x00\x00\x01\x02\x03\x04\x05\x06\x07\x08\x09\x0a\
\x0b\xff\xc4\x00\xb5\x10\x00\x02\x01\x03\x03\x02\x04\x03\x05\x05\
\x04\x04\x00\x00\x01\x7d\x01\x02\x03\x00\x04\x11\x05\x12\x21\x31\
\x41\x06\x13\x51\x61\x07\x22\x71\x14\x32\x81\x91\xa1\x08\x23\x42\
\xb1\xc1\x15\x52\xd1\xf0\x24\x33\x62\x72\x82\x09\x0a\x16\x17\x18\
\x19\x1a\x25\x26\x27\x28\x29\x2a\x34\x35\x36\x37\x38\x39\x3a\x43\
\x44\x45\x46\x47\x48\x49\x4a\x53\x54\x55\x56\x57\x58\x59\x5a\x63\
\x64\x65\x66\x67\x68\x69\x6a\x73\x74\x75\x76\x77\x78\x79\x7a\x83\
\x84\x85\x86\x87\x88\x89\x8a\x92\x93\x94\x95\x96\x97\x98\x99\x9a\
\xa2\xa3\xa4\xa5\xa6\xa7\xa8\xa9\xaa\xb2\xb3\xb4\xb5\xb6\xb7\xb8\
\xb9\xba\xc2\xc3\xc4\xc5\xc6\xc7\xc8\xc9\xca\xd2\xd3\xd4\xd5\xd6\
\xd7\xd8\xd9\xda\xe1\xe2\xe3\xe4\xe5\xe6\xe7\xe8\xe9\xea\xf1\xf2\
\xf3\xf4\xf5\xf6\xf7\xf8\xf9\xfa\xff\xc4\x00\x1f\x01\x00\x03\x01\
\x01\x01\x01\x01\x01\x01\x01\x01\x00\x00\x00\x00\x00\x00\x01\x02\
\x03\x04\x05\x06\x07\x08\x09\x0a\x0b\xff\xc4\x00\xb5\x11\x00\x02\
\x01\x02\x04\x04\x03\x04\x07\x05\x04\x04\x00\x01\x02\x77\x00\x01\
\x02\x03\x11\x04\x05\x21\x31\x06\x12\x41\x51\x07\x61\x71\x13\x22\
\x32\x81\x08\x14\x42\x91\xa1\xb1\xc1\x09\x23\x33\x52\xf0\x15\x62\
\x72\xd1\x0a\x16\x24\x34\xe1\x25\xf1\x17\x18\x19\x1a\x26\x27\x28\
\x29\x2a\x35\x36\x37\x38\x39\x3a\x43\x44\x45\x46\x47\x48\x49\x4a\
\x53\x54\x55\x56\x57\x58\x59\x5a\x63\x64\x65\x66\x67\x68\x69\x6a\
\x73\x74\x75\x76\x77\x78\x79\x7a\x82\x83\x84\x85\x86\x87\x88\x89\
\x8a\x92\x93\x94\x95\x96\x97\x98\x99\x9a\xa2\xa3\xa4\xa5\xa6\xa7\
\xa8\xa9\xaa\xb2\xb3\xb4\xb5\xb6\xb7\xb8\xb9\xba\xc2\xc3\xc4\xc5\
\xc6\xc7\xc8\xc9\xca\xd2\xd3\xd4\xd5\xd6\xd7\xd8\xd9\xda\xe2\xe3\
\xe4\xe5\xe6\xe7\xe8\xe9\xea\xf2\xf3\xf4\xf5\xf6\xf7\xf8\xf9\xfa\
\xff\xda\x00\x0c\x03\x01\x00\x02\x11\x03\x11\x00\x3f\x00\xfb\xa7\
\xe2\x2f\xc4\x08\x7c\x07\xe0\xbb\x2d\x7b\xfe\x10\x9d\x6b\xc7\xb7\
\xf7\x32\x46\x92\xd9\xe8\x36\x71\xdd\x5d\x82\xe8\xce\x64\x22\x47\
\x50\x10\x11\x8e\x0f\x1b\x94\x01\x8e\x9e\x21\xae\xfe\xdc\x5a\x1f\
\x85\xb5\x4d\x0b\x4e\xd6\x7e\x04\x7c\x43\xd3\x2f\x75\xcb\xc5\xb0\
\xd3\x60\xba\xd1\xac\xa3\x6b\xa9\xcf\x44\x40\x6e\x79\xea\x32\x7a\
\x0c\xf3\x8a\xf5\x8f\x12\x7c\x48\xd2\xbe\x1f\x78\x42\xef\x5c\xd7\
\x2f\xe3\xd3\xf4\x9d\x32\xd0\x4f\x73\x71\x21\xe1\x11\x50\x7e\x64\
\xf4\x00\x72\x49\x00\x72\x6b\xc2\xfe\x01\xe9\xba\xaf\xc5\x5f\x1c\
\xcd\xf1\xd7\xc7\x36\xb2\x5a\xde\xdd\x42\xd6\xbe\x10\xd0\xee\x39\
\xfe\xc7\xd3\x5b\xfe\x5b\x30\xe8\x27\x9c\x7c\xcc\x7a\x85\x20\x67\
\x07\x03\xc3\xf6\x9b\xb9\x74\x3b\x79\x76\x48\xfa\xf6\xea\x3b\x1b\
\x6d\x26\x6b\xdb\x4b\x48\xac\xae\xe2\x88\xca\xa6\x25\x08\xe8\xc0\
\x6e\x00\x95\xea\x32\x30\x46\x70\x46\x47\x22\x8a\xe4\x1f\x5f\xf3\
\xed\x6e\xa3\xdf\x9d\xf0\xb8\xc7\xe0\x68\xae\xcc\x2c\xdc\xe2\xd9\
\x8d\x55\xca\xcf\x21\xf8\xc7\xf0\x87\x48\xf8\xa3\xa6\xcb\xe1\x9f\
\x19\x69\x13\xea\x1a\x5c\x53\xac\x8d\x66\x6f\x26\xb5\x57\x74\x18\
\x04\xf9\x6e\x85\x97\x39\x23\x39\x53\xc3\x0c\xf0\x6b\xcb\x87\xec\
\x59\xf0\xa4\x0f\xf9\x15\x2f\x00\xff\x00\xb1\x86\xff\x00\xff\x00\
\x92\x68\xa2\xb3\x95\x2b\x36\x94\x9f\xde\x5a\x95\xd6\xa8\xf4\xff\
\x00\x0c\xf8\x07\x5f\x1e\x3d\xb5\xb9\xb5\xd5\x6e\xdf\x4b\xcf\x95\
\x16\x94\x19\xe4\x44\x4f\x21\x61\x0b\xf7\xc8\xdb\xb8\x6f\x2c\x54\
\xe3\x19\xc8\x05\xc9\x28\xa2\xba\xa8\x41\x42\x3a\x19\x54\x95\xd9\
\xff\xd9\
\x00\x00\x05\x9f\
\xff\
\xd8\xff\xe0\x00\x10\x4a\x46\x49\x46\x00\x01\x01\x01\x00\x60\x00\
\x60\x00\x00\xff\xdb\x00\x43\x00\x03\x02\x02\x03\x02\x02\x03\x03\
\x03\x03\x04\x03\x03\x04\x05\x08\x05\x05\x04\x04\x05\x0a\x07\x07\
\x06\x08\x0c\x0a\x0c\x0c\x0b\x0a\x0b\x0b\x0d\x0e\x12\x10\x0d\x0e\
\x11\x0e\x0b\x0b\x10\x16\x10\x11\x13\x14\x15\x15\x15\x0c\x0f\x17\
\x18\x16\x14\x18\x12\x14\x15\x14\xff\xdb\x00\x43\x01\x03\x04\x04\
\x05\x04\x05\x09\x05\x05\x09\x14\x0d\x0b\x0d\x14\x14\x14\x14\x14\
\x14\x14\x14\x14\x14\x14\x14\x14\x14\x14\x14\x14\x14\x14\x14\x14\
\x14\x14\x14\x14\x14\x14\x14\x14\x14\x14\x14\x14\x14\x14\x14\x14\
\x14\x14\x14\x14\x14\x14\x14\x14\x14\x14\x14\x14\x14\xff\xc0\x00\
\x11\x08\x00\x27\x00\x2b\x03\x01\x22\x00\x02\x11\x01\x03\x11\x01\
\xff\xc4\x00\x1f\x00\x00\x01\x05\x01\x01\x01\x01\x01\x01\x00\x00\
\x00\x00\x00\x00\x00\x00\x01\x02\x03\x04\x05\x06\x07\x08\x09\x0a\
\x0b\xff\xc4\x00\xb5\x10\x00\x02\x01\x03\x03\x02\x04\x03\x05\x05\
\x04\x04\x00\x00\x01\x7d\x01\x02\x03\x00\x04\x11\x05\x12\x21\x31\
\x41\x06\x13\x51\x61\x07\x22\x71\x14\x32\x81\x91\xa1\x08\x23\x42\
\xb1\xc1\x15\x52\xd1\xf0\x24\x33\x62\x72\x82\x09\x0a\x16\x17\x18\
\x19\x1a\x25\x26\x27\x28\x29\x2a\x34\x35\x36\x37\x38\x39\x3a\x43\
\x44\x45\x46\x47\x48\x49\x4a\x53\x54\x55\x56\x57\x58\x59\x5a\x63\
\x64\x65\x66\x67\x68\x69\x6a\x73\x74\x75\x76\x77\x78\x79\x7a\x83\
\x84\x85\x86\x87\x88\x89\x8a\x92\x93\x94\x95\x96\x97\x98\x99\x9a\
\xa2\xa3\xa4\xa5\xa6\xa7\xa8\xa9\xaa\xb2\xb3\xb4\xb5\xb6\xb7\xb8\
\xb9\xba\xc2\xc3\xc4\xc5\xc6\xc7\xc8\xc9\xca\xd2\xd3\xd4\xd5\xd6\
\xd7\xd8\xd9\xda\xe1\xe2\xe3\xe4\xe5\xe6\xe7\xe8\xe9\xea\xf1\xf2\
\xf3\xf4\xf5\xf6\xf7\xf8\xf9\xfa\xff\xc4\x00\x1f\x01\x00\x03\x01\
\x01\x01\x01\x01\x01\x01\x01\x01\x00\x00\x00\x00\x00\x00\x01\x02\
\x03\x04\x05\x06\x07\x08\x09\x0a\x0b\xff\xc4\x00\xb5\x11\x00\x02\
\x01\x02\x04\x04\x03\x04\x07\x05\x04\x04\x00\x01\x02\x77\x00\x01\
\x02\x03\x11\x04\x05\x21\x31\x06\x12\x41\x51\x07\x61\x71\x13\x22\
\x32\x81\x08\x14\x42\x91\xa1\xb1\xc1\x09\x23\x33\x52\xf0\x15\x62\
\x72\xd1\x0a\x16\x24\x34\xe1\x25\xf1\x17\x18\x19\x1a\x26\x27\x28\
\x29\x2a\x35\x36\x37\x38\x39\x3a\x43\x44\x45\x46\x47\x48\x49\x4a\
\x53\x54\x55\x56\x57\x58\x59\x5a\x63\x64\x65\x66\x67\x68\x69\x6a\
\x73\x74\x75\x76\x77\x78\x79\x7a\x82\x83\x84\x85\x86\x87\x88\x89\
\x8a\x92\x93\x94\x95\x96\x97\x98\x99\x9a\xa2\xa3\xa4\xa5\xa6\xa7\
\xa8\xa9\xaa\xb2\xb3\xb4\xb5\xb6\xb7\xb8\xb9\xba\xc2\xc3\xc4\xc5\
\xc6\xc7\xc8\xc9\xca\xd2\xd3\xd4\xd5\xd6\xd7\xd8\xd9\xda\xe2\xe3\
\xe4\xe5\xe6\xe7\xe8\xe9\xea\xf2\xf3\xf4\xf5\xf6\xf7\xf8\xf9\xfa\
\xff\xda\x00\x0c\x03\x01\x00\x02\x11\x03\x11\x00\x3f\x00\xfd\x47\
\x8f\xf7\x8f\xfe\xc5\x3f\x62\x7f\x79\x6a\x8d\xc4\x9f\xe8\x37\x3f\
\xf5\xc6\xbc\x9b\xcf\xb9\x93\xfe\x5e\x66\xff\x00\xbe\xe8\x03\xd9\
\x76\xa6\xd2\x4b\xe2\xb8\x2b\xbf\x8e\x5e\x09\xb4\xb8\x9a\x09\x75\
\xbb\x68\xe5\x85\xb6\x3a\x66\x93\xc0\xac\xf2\x4d\xa9\x86\x99\xe4\
\x3e\x4f\xf1\xb5\x7c\x47\xe2\x6d\x36\xea\x4f\x13\xea\xef\xfd\x9b\
\x71\xe5\xfd\xb1\xff\x00\xe5\x8d\x7c\x5f\x12\x67\x58\x8c\x9e\x34\
\x7e\xad\x0e\x6e\x73\xed\x78\x63\x23\xc3\xe7\x53\xad\xed\xa7\xc9\
\xc8\x7e\x86\x69\x3a\xc5\x8e\xbb\xa7\xc1\x7d\x63\x28\x9e\xda\x5f\
\xb8\xf1\xd5\x9d\xf5\xc0\xfc\x13\xcd\xbf\xc2\xfd\x15\x76\x34\x6d\
\xe5\xfd\xc9\x16\xbb\xbf\x32\xbe\xab\x0d\x5d\xd4\xa1\x0a\xf2\xfb\
\x47\xc9\xd6\x8c\x30\xf5\xe7\x08\xf4\x20\x93\xf7\x96\xd7\x49\xff\
\x00\x4c\x6b\xe7\xcf\x1b\xf8\xbb\x53\xd0\x75\x0d\x33\x41\xd0\xf4\
\x85\xd6\x7c\x53\xa9\xc3\x3d\xd5\xad\x95\xe5\xc1\xb3\xb6\x5b\x78\
\x1a\x21\x3c\xd2\xce\x23\x90\xaa\xa9\x9e\x14\x01\x23\x77\x67\x99\
\x3e\x50\x82\x49\x23\xf7\x2d\x5f\xc5\x9a\x67\x83\xf4\x8b\xad\x63\
\x58\xb9\xfb\x2d\x85\xbe\xd0\xcc\xb1\xbc\xb2\x3b\xbb\x04\x8e\x28\
\xe3\x40\x5e\x49\x5d\xd9\x11\x23\x40\xce\xee\xea\xaa\xac\xcc\x01\
\xc4\xf8\x51\xe1\x3d\x46\xcb\x4f\xd4\x3c\x59\xe2\x8b\x35\xb4\xf1\
\x9f\x8a\x3c\x8b\xcd\x4a\xc4\xc8\x93\x2e\x92\x89\x0a\xac\x5a\x6c\
\x52\x82\xdb\xe3\x83\xf7\x84\xb0\x6d\x8f\x3c\xd7\x53\x22\xc6\x26\
\xd8\xbd\x2d\xd9\x5c\xe6\x38\xbd\x33\xe2\x76\x97\xa8\xe8\xfb\x74\
\x28\x6f\x34\x3f\x11\xdb\x98\xe2\xd5\x34\x7d\x5e\xd5\xed\xae\xad\
\x8b\x6e\xc1\x2a\xdf\x2c\xb1\x96\x49\x55\x67\x85\xa4\x86\x46\x8a\
\x4f\x2e\x47\xd8\x48\xd7\xf0\x8e\xb9\x75\xa8\xf8\x8a\xda\xde\xe6\
\x3b\x57\x85\xfe\xff\x00\xee\x92\xbc\xbf\xc6\x5e\x19\xf0\xd7\xc4\
\xd9\xad\xb5\x98\x2e\x20\x9e\xe2\x3f\xf4\xad\x13\xc4\x9a\x63\x46\
\xf7\x16\xa2\x55\x56\x13\x5a\xcf\x86\x1b\x5c\x04\xc8\xf9\xa3\x95\
\x3e\x57\x57\x46\x2a\x6b\x78\x23\xc3\xbf\x14\xaf\xbc\x4d\x69\x6f\
\x2f\x8f\xbc\x35\x65\x14\xdf\x24\x97\x1a\x6f\x84\xe6\x4b\xa8\xd0\
\xf0\xcd\x0b\x4d\x7f\x2c\x6b\x28\x19\x2a\xd2\x45\x22\x06\x00\xb4\
\x6e\x32\xa7\xf1\xe9\x67\x15\x33\x0c\xd2\x97\x2c\xb9\x22\xa5\xf0\
\x34\xff\x00\x45\xf9\xd8\xfb\x45\x82\x8e\x17\x05\x27\x6b\xf9\x9f\
\x55\xdc\x46\x90\x08\xd2\x24\x54\x4f\xf6\x6a\x2a\xf0\x7f\x87\xf6\
\xfe\x34\xf1\x1f\x8e\x74\xad\x5f\x4c\xf8\x87\xe3\x0f\x10\xfc\x3d\
\xb5\xf3\x65\x93\x50\xf1\x25\xa6\x88\xb6\x7e\x20\x46\x89\xd2\x2f\
\xb0\xad\xa5\x9c\x53\xf9\x42\x43\xe6\xfd\xa6\x42\x88\xeb\x14\x7e\
\x52\xdc\x45\x71\xe7\x47\xee\x3e\x67\xbd\x7e\xc2\x7c\x59\xe7\xdf\
\x13\xfc\x1b\xad\xf8\x9d\xf4\x1d\x43\x45\xbc\xd3\xe4\x9b\x45\xbd\
\x1a\x87\xf6\x1e\xb7\x13\xbe\x9f\xa8\xc8\x98\x68\xbc\xc6\x8d\x83\
\xc7\x22\x3a\x83\x1c\xac\x26\x8e\x26\x3e\x69\xb7\x96\x48\xe1\x68\
\xf2\x74\xdf\x05\xf8\x8b\xe2\x96\x99\x67\xa8\x7c\x53\xbe\xb8\x4b\
\x6b\xa8\x52\x69\x3c\x03\xa5\xc8\x2d\xb4\xdb\x5d\xca\x18\xdb\xde\
\xc9\x1b\xb4\x9a\x8b\x28\x79\x21\x90\x34\x82\xd2\x75\xc1\x36\xa0\
\x80\xd4\x51\x4c\x0a\xf3\x7e\xce\x3e\x17\xd1\x49\xbb\xf8\x79\x0a\
\x7c\x35\xd4\x97\x91\x6f\xa2\x5b\xc7\xfd\x93\x72\x47\x3b\x6e\x74\
\xf2\x04\x2e\x19\x84\x61\xe5\x88\x45\x72\x52\x30\x8b\x71\x1a\xd3\
\xad\x7e\x12\xdd\xf8\xf2\xe0\x45\xf1\x3b\x4a\xf0\xe6\xa7\xa4\x58\
\x8f\x2a\x2d\x0b\x4e\x8d\xe6\xd3\xf5\x59\x07\xfc\xbe\xde\x45\x32\
\xfd\x0c\x76\x64\xcb\x1c\x2d\x97\x69\x6e\x1c\x42\xf0\x14\x56\x4b\
\x09\x86\xf6\xdc\xfe\xcd\x5f\xbd\x87\x2c\x45\x54\xb9\x6f\xa1\xeb\
\xb3\xdf\x7d\xab\xf8\x3e\xe5\x32\x8a\x2b\x51\x1f\xff\xd9\
\x00\x00\x03\x4a\
\xff\
\xd8\xff\xe0\x00\x10\x4a\x46\x49\x46\x00\x01\x01\x01\x00\x78\x00\
\x78\x00\x00\xff\xdb\x00\x43\x00\x0a\x07\x07\x09\x07\x06\x0a\x09\
\x08\x09\x0b\x0b\x0a\x0c\x0f\x19\x10\x0f\x0e\x0e\x0f\x1e\x16\x17\
\x12\x19\x24\x20\x26\x25\x23\x20\x23\x22\x28\x2d\x39\x30\x28\x2a\
\x36\x2b\x22\x23\x32\x44\x32\x36\x3b\x3d\x40\x40\x40\x26\x30\x46\
\x4b\x45\x3e\x4a\x39\x3f\x40\x3d\xff\xdb\x00\x43\x01\x0b\x0b\x0b\
\x0f\x0d\x0f\x1d\x10\x10\x1d\x3d\x29\x23\x29\x3d\x3d\x3d\x3d\x3d\
\x3d\x3d\x3d\x3d\x3d\x3d\x3d\x3d\x3d\x3d\x3d\x3d\x3d\x3d\x3d\x3d\
\x3d\x3d\x3d\x3d\x3d\x3d\x3d\x3d\x3d\x3d\x3d\x3d\x3d\x3d\x3d\x3d\
\x3d\x3d\x3d\x3d\x3d\x3d\x3d\x3d\x3d\x3d\x3d\x3d\x3d\xff\xc0\x00\
\x11\x08\x00\x29\x00\x2b\x03\x01\x22\x00\x02\x11\x01\x03\x11\x01\
\xff\xc4\x00\x1f\x00\x00\x01\x05\x01\x01\x01\x01\x01\x01\x00\x00\
\x00\x00\x00\x00\x00\x00\x01\x02\x03\x04\x05\x06\x07\x08\x09\x0a\
\x0b\xff\xc4\x00\xb5\x10\x00\x02\x01\x03\x03\x02\x04\x03\x05\x05\
\x04\x04\x00\x00\x01\x7d\x01\x02\x03\x00\x04\x11\x05\x12\x21\x31\
\x41\x06\x13\x51\x61\x07\x22\x71\x14\x32\x81\x91\xa1\x08\x23\x42\
\xb1\xc1\x15\x52\xd1\xf0\x24\x33\x62\x72\x82\x09\x0a\x16\x17\x18\
\x19\x1a\x25\x26\x27\x28\x29\x2a\x34\x35\x36\x37\x38\x39\x3a\x43\
\x44\x45\x46\x47\x48\x49\x4a\x53\x54\x55\x56\x57\x58\x59\x5a\x63\
\x64\x65\x66\x67\x68\x69\x6a\x73\x74\x75\x76\x77\x78\x79\x7a\x83\
\x84\x85\x86\x87\x88\x89\x8a\x92\x93\x94\x95\x96\x97\x98\x99\x9a\
\xa2\xa3\xa4\xa5\xa6\xa7\xa8\xa9\xaa\xb2\xb3\xb4\xb5\xb6\xb7\xb8\
\xb9\xba\xc2\xc3\xc4\xc5\xc6\xc7\xc8\xc9\xca\xd2\xd3\xd4\xd5\xd6\
\xd7\xd8\xd9\xda\xe1\xe2\xe3\xe4\xe5\xe6\xe7\xe8\xe9\xea\xf1\xf2\
\xf3\xf4\xf5\xf6\xf7\xf8\xf9\xfa\xff\xc4\x00\x1f\x01\x00\x03\x01\
\x01\x01\x01\x01\x01\x01\x01\x01\x00\x00\x00\x00\x00\x00\x01\x02\
\x03\x04\x05\x06\x07\x08\x09\x0a\x0b\xff\xc4\x00\xb5\x11\x00\x02\
\x01\x02\x04\x04\x03\x04\x07\x05\x04\x04\x00\x01\x02\x77\x00\x01\
\x02\x03\x11\x04\x05\x21\x31\x06\x12\x41\x51\x07\x61\x71\x13\x22\
\x32\x81\x08\x14\x42\x91\xa1\xb1\xc1\x09\x23\x33\x52\xf0\x15\x62\
\x72\xd1\x0a\x16\x24\x34\xe1\x25\xf1\x17\x18\x19\x1a\x26\x27\x28\
\x29\x2a\x35\x36\x37\x38\x39\x3a\x43\x44\x45\x46\x47\x48\x49\x4a\
\x53\x54\x55\x56\x57\x58\x59\x5a\x63\x64\x65\x66\x67\x68\x69\x6a\
\x73\x74\x75\x76\x77\x78\x79\x7a\x82\x83\x84\x85\x86\x87\x88\x89\
\x8a\x92\x93\x94\x95\x96\x97\x98\x99\x9a\xa2\xa3\xa4\xa5\xa6\xa7\
\xa8\xa9\xaa\xb2\xb3\xb4\xb5\xb6\xb7\xb8\xb9\xba\xc2\xc3\xc4\xc5\
\xc6\xc7\xc8\xc9\xca\xd2\xd3\xd4\xd5\xd6\xd7\xd8\xd9\xda\xe2\xe3\
\xe4\xe5\xe6\xe7\xe8\xe9\xea\xf2\xf3\xf4\xf5\xf6\xf7\xf8\xf9\xfa\
\xff\xda\x00\x0c\x03\x01\x00\x02\x11\x03\x11\x00\x3f\x00\xf6\x2c\
\xd1\x9a\x6e\x68\xcd\x00\x29\x38\x04\x9e\x80\x64\xd5\x5f\xed\x4b\
\x62\xa1\x96\x4c\xa6\x71\x9f\x7a\x83\x59\xbf\x5b\x5b\x6f\x2d\x18\
\x79\xef\xd1\x7d\xab\x2e\xd6\x68\x23\xfd\xe1\x40\x64\x03\xe5\x07\
\xa6\x7d\x68\x03\xa6\xce\x7b\xd1\x9a\xc7\xd0\x9d\xe4\xfb\x43\xcc\
\xe5\xe4\x27\x96\xed\xf8\x56\xb6\x68\x01\xac\xc1\x54\xb3\x10\x00\
\x19\x24\xd6\x65\xc6\xbd\x02\xdb\x3b\xda\xe6\x49\x47\x00\x1a\x9b\
\x56\x82\x6b\xad\x36\x48\xad\xbf\xd6\x9e\x99\xae\x7a\xea\xc1\xb4\
\xf5\x85\xe6\x76\x13\xb8\xc7\x92\xa3\xe5\xfc\x4d\x00\x31\x19\xe4\
\x66\x9a\xe0\x97\x96\x43\xf8\x9f\x6a\xdc\xb1\xd2\x41\x8b\x7d\xe2\
\xfc\xcc\x3e\x54\x1f\xc0\x2a\x0d\x0a\xd0\x79\x8f\x3c\xca\x0b\x0f\
\xb8\x7b\x0a\xdb\xcd\x00\x32\x08\x23\xb5\x84\x45\x0a\xed\x41\xd2\
\xa4\xcd\x26\x68\xcd\x00\x37\x34\xd7\x8e\x39\x7f\xd6\x28\x6f\xad\
\x2d\x14\x00\x91\xa2\x44\x81\x23\x5d\xaa\x3a\x01\x4e\xcd\x25\x14\
\x00\xb9\xa3\x34\x94\x50\x07\xff\xd9\
\x00\x00\x04\x26\
\xff\
\xd8\xff\xe0\x00\x10\x4a\x46\x49\x46\x00\x01\x01\x01\x00\x60\x00\
\x60\x00\x00\xff\xdb\x00\x43\x00\x03\x02\x02\x03\x02\x02\x03\x03\
\x03\x03\x04\x03\x03\x04\x05\x08\x05\x05\x04\x04\x05\x0a\x07\x07\
\x06\x08\x0c\x0a\x0c\x0c\x0b\x0a\x0b\x0b\x0d\x0e\x12\x10\x0d\x0e\
\x11\x0e\x0b\x0b\x10\x16\x10\x11\x13\x14\x15\x15\x15\x0c\x0f\x17\
\x18\x16\x14\x18\x12\x14\x15\x14\xff\xdb\x00\x43\x01\x03\x04\x04\
\x05\x04\x05\x09\x05\x05\x09\x14\x0d\x0b\x0d\x14\x14\x14\x14\x14\
\x14\x14\x14\x14\x14\x14\x14\x14\x14\x14\x14\x14\x14\x14\x14\x14\
\x14\x14\x14\x14\x14\x14\x14\x14\x14\x14\x14\x14\x14\x14\x14\x14\
\x14\x14\x14\x14\x14\x14\x14\x14\x14\x14\x14\x14\x14\xff\xc0\x00\
\x11\x08\x00\x14\x00\x16\x03\x01\x22\x00\x02\x11\x01\x03\x11\x01\
\xff\xc4\x00\x1f\x00\x00\x01\x05\x01\x01\x01\x01\x01\x01\x00\x00\
\x00\x00\x00\x00\x00\x00\x01\x02\x03\x04\x05\x06\x07\x08\x09\x0a\
\x0b\xff\xc4\x00\xb5\x10\x00\x02\x01\x03\x03\x02\x04\x03\x05\x05\
\x04\x04\x00\x00\x01\x7d\x01\x02\x03\x00\x04\x11\x05\x12\x21\x31\
\x41\x06\x13\x51\x61\x07\x22\x71\x14\x32\x81\x91\xa1\x08\x23\x42\
\xb1\xc1\x15\x52\xd1\xf0\x24\x33\x62\x72\x82\x09\x0a\x16\x17\x18\
\x19\x1a\x25\x26\x27\x28\x29\x2a\x34\x35\x36\x37\x38\x39\x3a\x43\
\x44\x45\x46\x47\x48\x49\x4a\x53\x54\x55\x56\x57\x58\x59\x5a\x63\
\x64\x65\x66\x67\x68\x69\x6a\x73\x74\x75\x76\x77\x78\x79\x7a\x83\
\x84\x85\x86\x87\x88\x89\x8a\x92\x93\x94\x95\x96\x97\x98\x99\x9a\
\xa2\xa3\xa4\xa5\xa6\xa7\xa8\xa9\xaa\xb2\xb3\xb4\xb5\xb6\xb7\xb8\
\xb9\xba\xc2\xc3\xc4\xc5\xc6\xc7\xc8\xc9\xca\xd2\xd3\xd4\xd5\xd6\
\xd7\xd8\xd9\xda\xe1\xe2\xe3\xe4\xe5\xe6\xe7\xe8\xe9\xea\xf1\xf2\
\xf3\xf4\xf5\xf6\xf7\xf8\xf9\xfa\xff\xc4\x00\x1f\x01\x00\x03\x01\
\x01\x01\x01\x01\x01\x01\x01\x01\x00\x00\x00\x00\x00\x00\x01\x02\
\x03\x04\x05\x06\x07\x08\x09\x0a\x0b\xff\xc4\x00\xb5\x11\x00\x02\
\x01\x02\x04\x04\x03\x04\x07\x05\x04\x04\x00\x01\x02\x77\x00\x01\
\x02\x03\x11\x04\x05\x21\x31\x06\x12\x41\x51\x07\x61\x71\x13\x22\
\x32\x81\x08\x14\x42\x91\xa1\xb1\xc1\x09\x23\x33\x52\xf0\x15\x62\
\x72\xd1\x0a\x16\x24\x34\xe1\x25\xf1\x17\x18\x19\x1a\x26\x27\x28\
\x29\x2a\x35\x36\x37\x38\x39\x3a\x43\x44\x45\x46\x47\x48\x49\x4a\
\x53\x54\x55\x56\x57\x58\x59\x5a\x63\x64\x65\x66\x67\x68\x69\x6a\
\x73\x74\x75\x76\x77\x78\x79\x7a\x82\x83\x84\x85\x86\x87\x88\x89\
\x8a\x92\x93\x94\x95\x96\x97\x98\x99\x9a\xa2\xa3\xa4\xa5\xa6\xa7\
\xa8\xa9\xaa\xb2\xb3\xb4\xb5\xb6\xb7\xb8\xb9\xba\xc2\xc3\xc4\xc5\
\xc6\xc7\xc8\xc9\xca\xd2\xd3\xd4\xd5\xd6\xd7\xd8\xd9\xda\xe2\xe3\
\xe4\xe5\xe6\xe7\xe8\xe9\xea\xf2\xf3\xf4\xf5\xf6\xf7\xf8\xf9\xfa\
\xff\xda\x00\x0c\x03\x01\x00\x02\x11\x03\x11\x00\x3f\x00\xf5\xbf\
\x8a\x9f\x10\x74\x1d\x17\xe1\x55\xc5\xee\xa5\xe2\x4d\x7d\xfc\x6f\
\xa9\x78\xba\xe7\xec\x71\x4d\xae\x97\x8e\x2b\x19\xef\xde\x54\x65\
\x82\xee\x6f\xb3\x46\x91\xd9\x2a\x43\xb8\x26\x23\x94\x81\x90\xb2\
\x16\x7f\x9a\xf4\xbf\xda\xaf\x5f\xd0\xf4\x18\x75\x9d\x2b\xc4\x17\
\xb6\x3e\x27\xd3\x7e\xd1\x0a\xdd\x79\x16\x2e\xd2\xcd\x2b\x9f\x20\
\x98\xdc\x36\xe8\xd6\x01\x2a\xb3\x22\x8c\x3b\x47\xea\x0d\x7a\x3f\
\xc6\xdd\x26\xda\xc3\x56\xf1\xf4\x56\x57\xcb\x7f\x68\xde\x1c\xfb\
\x3a\x4e\xaa\x54\x86\x83\x59\x96\xd6\x55\x60\x40\xf9\x96\x68\x25\
\x53\x8e\x0e\xd0\x41\xc1\xaf\x3a\x83\xc0\xde\x2b\xf1\x57\x85\x7c\
\x3b\xe2\x4d\x5e\xf7\x46\xb5\xd1\xbc\x59\x6f\x2e\xa1\x6a\x96\x51\
\x4a\xf7\x0b\xfd\x85\x1b\xdb\x84\x91\x58\x85\x4f\x33\x79\xe4\x33\
\xfa\xe1\x71\xb4\xfc\xf6\x13\x04\xb1\x54\xe8\xe2\x71\xd4\xd7\xb7\
\x5a\xb7\x65\xba\xba\x5d\xf6\xdd\x79\xa4\xd1\xf4\x78\xcc\x73\xc2\
\xd5\xad\x85\xcb\xea\xbf\x61\x25\x64\xae\xf6\x76\x6f\xb6\xfb\x3d\
\x2f\x66\xd3\x3f\x4a\x3c\x11\xe0\x9f\x02\xfc\x5e\xf0\xa6\x97\xe3\
\x5d\x1f\x57\xf1\x7c\xda\x76\xbb\x08\xbe\x8c\x47\xe3\x7d\x59\x04\
\x65\xc0\xdd\x19\x48\xaf\x0c\x71\xb2\x30\x28\xc8\xbc\x2b\x2b\x0e\
\xc6\x8a\xf2\x0f\xf8\x25\xff\x00\xfc\x90\xcf\x15\x7f\xd8\xd7\x73\
\xff\x00\xa4\x96\x74\x57\xd0\x9f\x38\x7a\x17\xc1\x7f\x85\x1e\x08\
\xf1\xdf\x83\xf5\x6b\xcf\x12\xf8\x3b\xc3\xfe\x22\xbc\xb7\xf1\x6f\
\x8a\x2d\xe2\xb9\xd5\xb4\xb8\x2e\xa5\x48\xff\x00\xb7\xf5\x06\x08\
\x1a\x45\x24\x28\x2e\xc7\x1d\x39\x3e\xb5\xe9\x97\xbf\x05\x7e\x1e\
\xea\x7a\x36\x9b\xa4\x5e\x78\x0f\xc3\x37\x7a\x56\x99\xe6\x7d\x86\
\xc2\x7d\x1e\xdd\xe0\xb4\xf3\x1b\x74\x9e\x54\x65\x36\xa6\xe6\xe5\
\xb6\x81\x93\xc9\xa2\x8a\x00\xd9\xf0\xa7\x82\xbc\x3b\xe0\x3d\x3a\
\x4b\x0f\x0d\x68\x3a\x67\x87\x6c\x24\x94\xce\xf6\xba\x55\x9c\x76\
\xb1\x34\x84\x05\x2e\x56\x35\x00\xb1\x0a\xa3\x3d\x70\xa3\xd2\x8a\
\x28\xa0\x0f\xff\xd9\
\x00\x00\x1c\xc3\
\xff\
\xd8\xff\xe0\x00\x10\x4a\x46\x49\x46\x00\x01\x01\x01\x00\x60\x00\
\x60\x00\x00\xff\xdb\x00\x43\x00\x03\x02\x02\x03\x02\x02\x03\x03\
\x03\x03\x04\x03\x03\x04\x05\x08\x05\x05\x04\x04\x05\x0a\x07\x07\
\x06\x08\x0c\x0a\x0c\x0c\x0b\x0a\x0b\x0b\x0d\x0e\x12\x10\x0d\x0e\
\x11\x0e\x0b\x0b\x10\x16\x10\x11\x13\x14\x15\x15\x15\x0c\x0f\x17\
\x18\x16\x14\x18\x12\x14\x15\x14\xff\xdb\x00\x43\x01\x03\x04\x04\
\x05\x04\x05\x09\x05\x05\x09\x14\x0d\x0b\x0d\x14\x14\x14\x14\x14\
\x14\x14\x14\x14\x14\x14\x14\x14\x14\x14\x14\x14\x14\x14\x14\x14\
\x14\x14\x14\x14\x14\x14\x14\x14\x14\x14\x14\x14\x14\x14\x14\x14\
\x14\x14\x14\x14\x14\x14\x14\x14\x14\x14\x14\x14\x14\xff\xc0\x00\
\x11\x08\x00\x64\x01\x97\x03\x01\x22\x00\x02\x11\x01\x03\x11\x01\
\xff\xc4\x00\x1f\x00\x00\x01\x05\x01\x01\x01\x01\x01\x01\x00\x00\
\x00\x00\x00\x00\x00\x00\x01\x02\x03\x04\x05\x06\x07\x08\x09\x0a\
\x0b\xff\xc4\x00\xb5\x10\x00\x02\x01\x03\x03\x02\x04\x03\x05\x05\
\x04\x04\x00\x00\x01\x7d\x01\x02\x03\x00\x04\x11\x05\x12\x21\x31\
\x41\x06\x13\x51\x61\x07\x22\x71\x14\x32\x81\x91\xa1\x08\x23\x42\
\xb1\xc1\x15\x52\xd1\xf0\x24\x33\x62\x72\x82\x09\x0a\x16\x17\x18\
\x19\x1a\x25\x26\x27\x28\x29\x2a\x34\x35\x36\x37\x38\x39\x3a\x43\
\x44\x45\x46\x47\x48\x49\x4a\x53\x54\x55\x56\x57\x58\x59\x5a\x63\
\x64\x65\x66\x67\x68\x69\x6a\x73\x74\x75\x76\x77\x78\x79\x7a\x83\
\x84\x85\x86\x87\x88\x89\x8a\x92\x93\x94\x95\x96\x97\x98\x99\x9a\
\xa2\xa3\xa4\xa5\xa6\xa7\xa8\xa9\xaa\xb2\xb3\xb4\xb5\xb6\xb7\xb8\
\xb9\xba\xc2\xc3\xc4\xc5\xc6\xc7\xc8\xc9\xca\xd2\xd3\xd4\xd5\xd6\
\xd7\xd8\xd9\xda\xe1\xe2\xe3\xe4\xe5\xe6\xe7\xe8\xe9\xea\xf1\xf2\
\xf3\xf4\xf5\xf6\xf7\xf8\xf9\xfa\xff\xc4\x00\x1f\x01\x00\x03\x01\
\x01\x01\x01\x01\x01\x01\x01\x01\x00\x00\x00\x00\x00\x00\x01\x02\
\x03\x04\x05\x06\x07\x08\x09\x0a\x0b\xff\xc4\x00\xb5\x11\x00\x02\
\x01\x02\x04\x04\x03\x04\x07\x05\x04\x04\x00\x01\x02\x77\x00\x01\
\x02\x03\x11\x04\x05\x21\x31\x06\x12\x41\x51\x07\x61\x71\x13\x22\
\x32\x81\x08\x14\x42\x91\xa1\xb1\xc1\x09\x23\x33\x52\xf0\x15\x62\
\x72\xd1\x0a\x16\x24\x34\xe1\x25\xf1\x17\x18\x19\x1a\x26\x27\x28\
\x29\x2a\x35\x36\x37\x38\x39\x3a\x43\x44\x45\x46\x47\x48\x49\x4a\
\x53\x54\x55\x56\x57\x58\x59\x5a\x63\x64\x65\x66\x67\x68\x69\x6a\
\x73\x74\x75\x76\x77\x78\x79\x7a\x82\x83\x84\x85\x86\x87\x88\x89\
\x8a\x92\x93\x94\x95\x96\x97\x98\x99\x9a\xa2\xa3\xa4\xa5\xa6\xa7\
\xa8\xa9\xaa\xb2\xb3\xb4\xb5\xb6\xb7\xb8\xb9\xba\xc2\xc3\xc4\xc5\
\xc6\xc7\xc8\xc9\xca\xd2\xd3\xd4\xd5\xd6\xd7\xd8\xd9\xda\xe2\xe3\
\xe4\xe5\xe6\xe7\xe8\xe9\xea\xf2\xf3\xf4\xf5\xf6\xf7\xf8\xf9\xfa\
\xff\xda\x00\x0c\x03\x01\x00\x02\x11\x03\x11\x00\x3f\x00\xfa\xc3\
\xc3\xfa\x2d\xae\xa1\x65\xaa\xea\x17\xd7\x12\x41\x63\xa6\x5b\xb5\
\xd4\xe2\x14\xdd\x23\x22\xab\x31\x0b\x9e\x33\x85\xef\x54\x97\x54\
\xd0\x18\x03\xfd\x91\xe2\x2f\xfb\xf9\x69\xff\x00\xc7\x2b\x5f\x42\
\xff\x00\x91\x13\xc7\xbf\xf6\x07\x9f\xff\x00\x44\xcb\x58\x3a\x3d\
\x91\xd4\xaf\x2c\xed\x15\xc4\x66\x77\x48\xc3\x11\x90\x32\x40\xcd\
\x04\x93\xff\x00\x6a\x68\x38\x3f\xf1\x27\xf1\x11\x3f\xf5\xd2\xd3\
\xff\x00\x8e\x56\x7c\x2c\xd3\x46\x8c\xf1\x18\x5d\x80\x26\x32\xc1\
\x8a\xfb\x64\x75\xc7\xad\x7a\xc7\xfc\x28\x2b\xbf\xfa\x0b\xc3\xff\
\x00\x7e\x4f\xf8\xd2\xff\x00\xc2\x83\xbc\x1c\xff\x00\x6b\xc3\xff\
\x00\x7e\x4f\xf8\xd0\x07\x97\xea\x10\xc7\x67\xaa\x5e\xd9\x46\xed\
\x21\xb4\x97\xc9\x77\x65\xdb\x96\xda\xac\x71\xc9\xe3\xe6\xa8\xe7\
\x09\x0c\xc9\x10\x2c\xce\x62\x59\x5b\x23\x00\x6e\x27\x00\x7e\x55\
\x3e\xbf\x11\x83\xc6\x5e\x27\x88\x9c\x98\xf5\x16\x42\x7d\x70\x88\
\x29\x2e\x61\x81\x6e\x62\x96\x79\xa4\x42\xf6\xd1\x85\x54\x8c\x37\
\x42\xde\xe3\xd6\xbc\x5c\xd3\x34\xc3\xe5\x30\xa7\x5f\x15\x51\x42\
\x9b\x95\x9b\x7e\x8e\xdf\x8a\x3b\xb0\x98\x59\xe2\xdc\xe9\xd2\x8d\
\xe5\x6b\xaf\xbd\x7e\x85\x6a\x2a\x7c\xd8\xff\x00\xcf\xc4\xdf\xf7\
\xe0\x7f\xf1\x54\x66\xc7\xfe\x7e\x26\xff\x00\xbf\x03\xff\x00\x8a\
\xaf\x0f\xfd\x75\xe1\xef\xfa\x0b\x8f\xe3\xfe\x47\x6f\xf6\x26\x63\
\xff\x00\x3e\x5f\xe0\x41\x45\x2d\xc4\xf6\x70\xf9\x4b\x1c\xb3\x49\
\x24\xad\xb5\x41\x88\x28\xe8\x4f\x27\x71\xf4\xa4\xaf\xa4\xcb\xf3\
\x2c\x26\x6b\x47\xeb\x18\x2a\x8a\x70\xbd\xae\xbb\xa3\xcd\xc4\x61\
\x6b\x61\x27\xec\xeb\xc7\x95\xee\x14\x51\x45\x7a\x47\x28\x51\x45\
\x14\x00\x51\x45\x14\x00\x51\x45\x14\x00\x51\x45\x14\x00\x51\x45\
\x14\x00\x51\x45\x14\x00\x51\x45\x14\x00\x51\x45\x14\x00\x51\x45\
\x14\x00\x51\x45\x14\x00\x51\x45\x14\x00\x51\x45\x14\x00\x51\x45\
\x14\x00\x51\x45\x14\x00\x51\x45\x14\x00\x51\x45\x14\x00\x51\x45\
\x14\x00\x51\x45\x14\x00\x51\x45\x14\x00\x51\x45\x14\x01\xa7\x6b\
\xad\x2e\x9f\xe1\x5f\x14\x58\x2c\x2d\x35\xd6\xa5\x61\x25\xac\x03\
\x70\x55\x0c\xc8\xeb\x96\x3d\x87\xcc\x3a\x03\xd2\x8f\x09\xae\xdf\
\x11\x69\x20\xf5\x17\x31\x0f\xfc\x78\x55\x1b\x65\x85\xa6\x5f\xb4\
\x3b\xc7\x0f\x25\x9a\x34\xde\xdd\x3a\x00\x48\xc9\xfc\x45\x5b\xd2\
\xf5\xcd\x1f\x4d\xd4\xad\x2e\xfe\xcd\xaf\xbf\x91\x2a\xc9\xb3\xec\
\x76\xc3\x38\x39\xc6\x7e\xd3\x40\xcf\xab\xab\x87\xf8\x85\xf1\x6b\
\x49\xf0\x0b\x25\x9b\x47\x26\xa9\xad\x4a\x9b\xe2\xd3\x6d\x48\xdf\
\xb7\x38\x0f\x23\x1e\x23\x4c\xf7\x3c\x9c\x1d\xa1\x88\xc5\x72\xba\
\x97\xed\x1f\x64\xba\x7d\xcb\x58\x78\x6b\x5a\x96\xf8\x46\xde\x42\
\x5c\x2d\xba\x46\xd2\x63\xe5\x0c\xc2\x62\x40\xce\x32\x40\x3c\x57\
\x8e\xdb\xc7\x3b\x4d\x71\x79\x7d\x39\xbc\xd4\xef\x24\x33\xdd\xdd\
\x30\xe6\x59\x0f\xf2\x50\x30\x14\x76\x00\x0a\x06\x4b\x25\xd5\xde\
\xa7\xa9\x6a\x7a\x9d\xf2\x43\x15\xce\xa1\x74\xd7\x2f\x0d\xb9\x25\
\x23\xc8\x00\x28\x27\x96\xc0\x1d\x70\x33\xe8\x3a\x52\xde\x49\x2d\
\xd3\x44\x40\x5d\xb1\xc6\x23\x03\xa1\xe0\x93\x9f\xd6\x8a\x2b\xc3\
\xce\x72\x6c\x26\x7d\x84\x78\x3c\x62\x6e\x2f\x5d\x1d\x9a\x7d\x1a\
\xff\x00\x83\x74\x76\xe0\xb1\xb5\x70\x15\x95\x6a\x3b\xfe\x85\x52\
\x08\xea\x31\x45\x4f\x7a\xc7\xec\xc1\x92\x16\x9a\x75\x60\x30\xac\
\x06\x57\x07\xa9\x3e\x9c\x7e\x7e\xd5\x43\xce\xbb\xff\x00\x9f\x07\
\xff\x00\xbf\xa9\x5f\xca\x19\x9f\x02\x67\x58\x2c\x5c\xe8\x61\xe8\
\x4a\xac\x13\xd2\x49\x68\xd7\xf9\xf7\xf3\x3f\x59\xc2\xe7\x98\x2a\
\xf4\x63\x52\x73\x51\x6f\x74\xde\xc2\xdc\x7f\xc7\xd5\x87\xfd\x75\
\x6f\xfd\x00\xd6\x8d\x66\x2a\xdc\xdc\x5d\x5a\x96\xb5\x30\xa4\x6e\
\xce\xcc\xd2\x29\xfe\x12\x00\x00\x7d\x6b\x4e\xbf\xa0\x3c\x3e\xcb\
\xf1\x79\x66\x4d\xec\x31\x94\xdc\x27\xcf\x27\x67\xbd\xb4\x3e\x03\
\x88\xb1\x14\xb1\x38\xc5\x3a\x32\x52\x5c\xab\x6f\x56\x14\x51\x45\
\x7e\x96\x7c\xb0\x51\x45\x14\x00\x51\x45\x14\x00\x51\x45\x14\x00\
\x51\x45\x14\x00\x51\x45\x14\x00\x51\x45\x14\x00\x51\x45\x14\x00\
\x51\x45\x14\x00\x51\x45\x14\x00\x51\x45\x14\x00\x51\x45\x14\x00\
\x51\x45\x14\x00\x51\x45\x14\x00\x51\x45\x14\x00\x51\x45\x14\x00\
\x51\x45\x14\x00\x51\x45\x14\x00\x51\x45\x14\x00\x51\x45\x14\x00\
\x51\x45\x14\x01\x2d\xb4\x06\xea\x65\x88\x32\xa1\x6e\xed\xd2\xa4\
\xfb\x34\x3f\xf3\xfd\x6f\xff\x00\x8f\xff\x00\xf1\x35\x02\x39\x8d\
\xd5\xd4\xe1\x94\xe4\x1a\x65\xf4\x61\x66\xf3\x10\x62\x39\x7e\x65\
\x03\xb1\xee\x3f\x03\xfa\x62\xbf\x35\xe3\x6c\xf7\x34\xe1\xec\x3d\
\x3c\x5e\x06\x11\x94\x1b\xb4\xb9\x93\x76\x7f\x65\xe8\xd6\x8f\x55\
\xeb\x6e\xe7\xd3\x64\x98\x1c\x2e\x61\x52\x54\x6b\xb6\xa5\xba\xb3\
\x5a\xf7\xe8\x58\x78\x21\x44\x66\xfb\x6d\xb9\xc0\xce\x06\xfc\xff\
\x00\xe8\x35\x06\x73\xc8\xe4\x55\x5a\x9e\xd5\x93\x02\x36\x3b\x3f\
\xba\xd8\xc8\x1e\xc7\xda\xbe\x2f\x86\xfc\x4c\xfa\xde\x25\xd0\xce\
\x54\x69\xc5\xfc\x32\x49\xa4\x9f\xf7\xae\xde\x8f\xbf\x4e\xa7\xb5\
\x99\x70\xca\xa5\x4b\xda\x60\xaf\x26\xb7\x4e\xdf\x86\x88\x7d\x14\
\x8a\xca\xe3\x28\xea\xeb\xfd\xe4\x60\x41\xfc\x45\x49\x33\x47\x67\
\xb0\x4a\x1a\x69\xdd\x3c\xc4\xb5\x88\xe1\x99\x49\x20\x16\x7c\x15\
\x45\xc8\x3d\x72\xdd\xc2\xb5\x7e\xf9\x19\x29\x25\x28\xbb\xa6\x7c\
\x0b\x4e\x2e\xcf\x71\xdb\x22\x8e\x34\x79\xee\x16\x03\x21\x22\x24\
\x28\xcc\xcf\xb7\x1b\x88\x0a\x0f\x03\x2b\x92\x7f\xbc\x28\xff\x00\
\x45\xff\x00\x9f\xaf\xfc\x81\x2f\xff\x00\x13\x55\xd5\x5e\x49\x9a\
\xe2\x72\xad\x3b\x28\x4f\x90\x10\x88\x83\x38\x45\x04\x9c\x28\x24\
\x9e\x49\x24\x92\x49\x24\xd7\x55\xe0\xff\x00\x87\xda\xa7\x8c\x24\
\xdf\x02\x8b\x7b\x35\x38\x6b\xa9\x47\xcb\xf4\x03\xb9\xaa\x11\xce\
\xff\x00\xa2\xff\x00\xcf\xd7\xfe\x40\x97\xff\x00\x89\xa3\xfd\x17\
\xfe\x7e\xbf\xf2\x04\xbf\xfc\x4d\x7b\x65\xaf\xc0\x8d\x25\x21\x51\
\x71\x7d\x75\x2c\xb8\xf9\x99\x36\xa8\xcf\xb0\xc1\xa9\xbf\xe1\x45\
\xe8\x7f\xf3\xf3\x7b\xff\x00\x7d\xaf\xff\x00\x13\x40\x58\xf0\x99\
\x1a\x2f\x31\x56\x27\x69\x41\x04\x96\xf2\xd9\x40\xf6\xf9\x80\xfd\
\x3d\x29\x2b\xb6\xf8\xa5\xe0\xad\x3f\xc0\x67\x49\x5b\x69\xee\x27\
\x7b\xf9\x24\x8c\x09\x02\xe1\x76\xae\xec\xe4\x62\xb8\x9a\x00\x28\
\xa2\x8a\x04\x14\x51\x45\x00\x14\x51\x45\x00\x14\x56\x96\x83\xe1\
\xdd\x43\xc4\xd7\x6f\x6d\xa7\x41\xf6\x89\x91\x3c\xc6\x5d\xca\xb8\
\x50\x40\xcf\x24\x77\x22\xb7\x7f\xe1\x53\x78\xa7\xfe\x81\x9f\xf9\
\x1a\x3f\xfe\x2a\x81\x9c\x85\x15\x6b\x54\xd3\x67\xd1\x75\x3b\x8d\
\x3e\xed\x56\x3b\xcb\x7d\xbe\x6c\x4a\xea\xc5\x37\x28\x60\x0e\x09\
\xec\x41\xfc\x6a\xad\x02\x0a\x28\xa2\x80\x0a\x28\xa2\x80\x0a\x2b\
\x43\x43\xd0\x6f\xbc\x45\x7e\x96\x76\x10\x34\xf3\x37\x5c\x70\x14\
\x7a\x93\xd8\x57\xab\x69\x3f\x01\xad\x96\x1c\xea\x5a\x84\x92\x4a\
\x7f\x86\xd8\x05\x51\xf8\x9c\xe6\x81\x9e\x33\x45\x7b\xbf\xfc\x28\
\xbd\x0f\xfe\x7e\xaf\x7f\xef\xb5\xff\x00\xe2\x6b\x9e\xf1\xf7\xc2\
\xbd\x1f\xc2\x5e\x12\xd4\xf5\x98\xee\x6f\x1c\xd9\xc2\x65\xf2\xce\
\xd3\xbb\x91\xc7\x41\xeb\x40\x58\xf2\x9a\x28\xa2\x81\x05\x14\x51\
\x40\x05\x14\x51\x40\x05\x14\x51\x40\x05\x14\x56\xb6\x9b\xe1\x3d\
\x63\x58\xb6\xfb\x45\x96\x9b\x71\x73\x06\x4a\xf9\x91\xa6\x46\x47\
\x51\x40\x19\x34\x57\x43\xff\x00\x0a\xff\x00\xc4\x9f\xf4\x06\xbb\
\xff\x00\xbf\x75\xcf\x71\xce\x08\x3c\xe3\x2a\x72\x28\x18\x51\x45\
\x14\x08\x28\xa2\x8a\x00\x28\xa2\x8a\x00\x28\xad\xe8\x7c\x09\xe2\
\x1b\x88\x92\x58\xf4\x8b\xa7\x8d\xc0\x65\x61\x19\xc1\x07\xa1\xaa\
\xfa\xa7\x84\xf5\x7d\x12\xc6\x4b\xdd\x42\xc2\x5b\x2b\x48\xf1\xbe\
\x7b\x80\x11\x17\x24\x01\x92\x78\xea\x40\xfc\x68\x19\x93\x45\x14\
\x50\x20\xa7\x6e\x0d\x1b\x46\xdf\x70\xf3\xf4\x3e\xa2\x9b\x45\x72\
\xe2\xb0\xb4\x71\xb4\x27\x86\xc4\x47\x9a\x12\x56\x69\xf5\x46\xd4\
\x6a\xce\x85\x45\x56\x9b\xb4\x96\xc5\x67\x53\x1b\xed\x38\xcf\x51\
\x8e\xfe\xe2\x84\xfb\xcb\xf5\xab\x0c\x82\x45\xc3\x0c\x8a\xae\x61\
\x9a\x36\x05\x4a\xca\xbe\x8d\xc3\x7e\x7f\xfd\x6a\xfe\x64\xcf\xfc\
\x33\xc7\x61\x27\x2a\xb9\x57\xef\x69\xff\x00\x2d\xd2\x92\xf2\xd7\
\x49\x7e\x7e\x47\xe9\xd9\x7f\x12\xe1\xeb\x45\x47\x15\xee\x4b\xbf\
\x47\xfe\x5f\xd6\xa4\x5a\x1f\xfc\x82\xe0\xff\x00\x81\x7f\xe8\x46\
\xb4\x2f\x3f\xe4\x23\xff\x00\x6e\xb0\xff\x00\xec\xd5\x4b\x49\x86\
\x4b\x7d\x3e\x28\xe5\x5d\x8e\x33\x95\xc8\x38\xe4\xd5\xdb\xcf\xf9\
\x08\xff\x00\xdb\xac\x3f\xfb\x35\x7f\x4a\xe5\xf0\x95\x3c\x1d\x18\
\x4d\x59\xa8\xc5\x3f\xb9\x1f\x9b\x62\xa4\xa5\x88\xa9\x28\xbb\xa6\
\xdf\xe6\x74\x5e\x01\xf0\x9b\x78\xc3\x5e\x4b\x46\x25\x2d\xa3\x1e\
\x64\xee\xbd\x42\x8e\xc3\xdc\xf4\xaf\xa4\xec\xac\xe0\xd3\xad\x22\
\xb6\xb6\x8d\x61\x82\x25\x08\x88\xa3\x00\x01\x5e\x79\xf0\x33\x49\
\x16\xbe\x1d\xb9\xbe\x3b\x4b\x5d\x4b\x80\x47\x50\xab\xc6\x0f\xe3\
\x9a\xf4\xaa\xf4\x0e\x64\x35\xe4\x58\xd1\x9d\xd8\x22\x28\xc9\x66\
\x38\x00\x7a\xd7\x37\x1f\xc4\xef\x07\xcd\x70\xb0\x47\xe2\xad\x15\
\xe6\x66\xd8\xb1\xad\xfc\x44\x96\xce\x30\x06\xee\xb5\xe0\xff\x00\
\x14\x3c\x67\x3f\xc4\x4f\x11\x5f\x58\xf9\xac\x3c\x31\xa7\xce\xd6\
\xd1\xda\x29\x21\x2f\x25\x43\x87\x92\x5f\xef\x28\x60\x55\x54\xf1\
\xf2\x96\xe4\x91\x8e\x70\x43\x1a\xa8\x51\x1a\x85\xc6\x36\xed\x18\
\xc7\xa5\x01\x73\xd4\xff\x00\x68\x99\xa3\xb8\x97\xc2\x12\x45\x22\
\xc8\x86\xe2\xe4\x06\x46\x04\x7f\xaa\xaf\x2f\xaa\xd1\xe9\x76\x90\
\xcd\x14\xa9\x6d\x12\x49\x10\x65\x8c\xaa\x81\xb0\x1e\xb8\xf4\xcf\
\x7a\xb3\x40\x82\x8a\x92\x3b\x79\x65\x19\x48\x9d\xc7\xaa\xa9\x34\
\xaf\x6d\x34\x6b\x97\x89\xd4\x7a\xb2\x91\x40\x88\xa8\xa2\xba\x8f\
\x08\x7c\x3e\xd4\x3c\x67\x6f\x71\x35\x9c\xb0\x46\xb0\xb0\x46\xf3\
\x98\x82\x49\x19\xe3\x00\xd0\x07\x2f\x45\x7a\x3b\x7c\x0c\xd6\xd5\
\x4b\x1b\xab\x2c\x01\x93\xf3\x37\xff\x00\x13\x59\x9e\x19\xf8\x5b\
\xa9\xf8\x83\x4b\x7d\x4a\x56\xfe\xce\xb3\x08\xce\xbf\x68\x8d\x84\
\x8e\x00\xfe\xe1\xc1\x1f\x8e\x28\x19\xd8\xfc\x17\xf0\x7d\xd6\x9e\
\xeb\xae\xbc\xb1\x35\xbd\xd5\xbb\x44\xb1\xae\x77\x0f\x9c\x1c\x9e\
\x3f\xd9\xfd\x6b\xd6\x6b\xc8\xfe\x06\x7c\x40\x6f\x10\xd8\xd9\xe9\
\x31\xd8\xf9\x56\xb1\xd8\xfd\xa9\x2e\x5a\x5f\x9d\x89\x71\xf2\x94\
\xc7\x1c\x3a\xf3\xb8\xf3\x9a\xf5\xca\x63\x47\xcf\xdf\x16\x3c\x0f\
\x75\xa2\xeb\x3a\xef\x8a\xee\xee\xa0\x16\x77\xf7\x76\xf1\xc3\x0c\
\x61\x8c\x99\x28\x91\x00\x78\xc7\x24\x13\xf4\xae\x0a\xbb\xcf\x8d\
\xde\x3c\xbb\xd7\xb5\x4b\xdf\x08\xc3\xa7\x43\x1d\xb6\x9f\x79\x6b\
\x34\xb7\xd2\x5c\x1d\xed\x80\xb2\xe1\x63\x09\x8e\xe0\x64\xb7\xad\
\x72\x3a\x3e\x8b\x7b\xaf\x5e\x2d\xad\x85\xbb\xdc\xce\xdc\xed\x5e\
\xc3\xd4\x9e\x80\x7d\x69\x09\x94\x68\xaf\x50\xb3\xf8\x0d\xa9\x4b\
\x08\x6b\x8d\x46\xde\xde\x4f\xee\x2a\x17\xc7\xe3\xc5\x3e\x6f\x80\
\x77\xeb\x13\x18\xb5\x5b\x79\x24\x03\x85\x68\xd9\x41\xfc\x72\x68\
\x03\xcb\x2a\x6b\x3b\x59\x6f\xae\xa1\xb7\x85\x77\xcb\x2b\x84\x55\
\xf5\x24\xe2\xb4\x7c\x45\xe1\x4d\x4f\xc2\xd7\x0b\x16\xa3\x6c\x62\
\xdd\xf7\x24\x04\x32\xbf\xd0\x8a\xea\x3e\x0b\x69\x6b\xa8\x78\xbb\
\xcf\x72\x31\x69\x13\x48\x14\xe7\x24\x9e\x01\xfd\x68\x03\xd8\x3c\
\x19\xe1\x2b\x6f\x08\x68\xf1\xda\xc2\xa1\xa7\x61\xba\x79\xbb\xbb\
\x7f\x80\xed\x5b\xf4\x57\x8e\xfc\x76\xf8\x81\x7d\xa6\xdc\x5a\x78\
\x5f\x46\xba\x7b\x2b\xbb\xa8\x8d\xcd\xed\xe4\x27\x12\x41\x6f\x92\
\xaa\xa8\x7f\x85\xdd\x83\x0d\xdd\x40\x46\xc6\x0e\x08\x0a\x3d\x0f\
\x54\xf8\x81\xe1\x8d\x0e\xf1\xec\xf5\x1f\x11\x69\x56\x17\x68\x32\
\xd0\x5c\xde\x47\x1b\xae\x7d\x54\x9c\x8a\xe6\xbe\x2e\x6b\x16\x1a\
\xd7\xc2\x0f\x11\xcf\xa7\xde\xdb\xdf\x42\xd6\x7b\x96\x4b\x79\x56\
\x45\x23\x70\xe7\x20\xf4\xaf\x9f\x6d\x74\xfb\x6b\x18\xcc\x70\x42\
\xa8\xa4\x96\x6e\x32\x59\x8f\x56\x24\xf2\x49\xee\x4f\x26\x9b\x3e\
\x97\x67\x74\x1c\x4b\x6d\x13\x87\x2a\x5f\x2a\x3e\x6c\x1c\x8c\xfa\
\xe0\x80\x79\xf4\xa0\x57\x37\xf4\x5f\x0b\xea\x9e\x22\x59\x4e\x9d\
\x66\xf7\x42\x2c\x07\xd8\x40\xc6\x7a\x75\x35\xa5\xff\x00\x0a\xcf\
\xc4\xff\x00\xf4\x07\x9b\xfe\xfa\x5f\xf1\xad\xaf\x86\x03\xc5\x2d\
\x69\xa8\x0f\x0c\xb6\x97\x1c\x9b\xd0\xcc\xfa\x9a\x48\xe3\x18\x38\
\x0a\x11\x97\xf3\x26\xbb\x6f\x2f\xe2\xbf\xfc\xfd\x78\x53\xff\x00\
\x01\x6e\x3f\xf8\xed\x02\x3c\x36\xee\xd6\x4b\x1b\xc9\xed\x66\x0a\
\xb7\x10\x39\x8e\x54\x0c\x18\xa3\x0e\xaa\x70\x7a\xd4\x55\x7a\xdb\
\x46\xbe\xd4\xbc\x63\xaa\x58\x4f\x75\x6b\x71\xaa\xdc\x6a\x72\x89\
\xe4\xb7\x8d\xa2\x81\x65\x27\x2c\xaa\x1b\x27\x03\xa6\x79\xae\xeb\
\xfe\x14\x56\xb9\xff\x00\x3f\x56\x5f\xf7\xdb\x7f\xf1\x34\x01\xe6\
\xf4\x57\x43\xe2\xef\x05\xdd\x78\x2e\xf3\x4d\xb4\xbd\xb8\x81\xee\
\x2f\xfc\xc3\x0a\xc5\xb8\xf0\x85\x43\x12\x48\xe3\xef\xad\x74\xc3\
\xe0\x5e\xb8\x40\x3f\x6a\xb2\xff\x00\xbe\xdb\xff\x00\x89\xa0\x0f\
\x38\xa9\xec\xec\xae\x35\x0b\x85\x82\xd6\x19\x2e\x26\x6f\xbb\x1c\
\x6a\x58\x9f\xc2\xba\x0f\x1a\x78\x0a\xf3\xc0\xb6\x76\x77\x1a\x85\
\xcd\xbb\x0b\xab\x8f\xb3\x44\xb0\x96\x24\xbe\xc6\x7f\x4e\x38\x46\
\xaf\x55\xf8\x31\xa0\x45\xa7\xf8\x64\x5f\x94\x46\xb8\xbb\x62\xde\
\x66\x3e\x60\xa3\x80\xb9\xfc\x28\x03\xca\x9b\xe1\xa7\x89\xd5\x49\
\x3a\x3c\xf8\x1c\xf5\x5f\xf1\xaf\x5f\xf8\x3d\x6f\x2d\xaf\x83\x52\
\x19\xa3\x68\xa5\x49\xe4\x0c\x8e\x08\x20\xe7\xb8\xae\xce\xea\xea\
\x2b\x2b\x59\xae\x26\x7f\x2e\x18\x51\xa4\x76\x3d\x94\x0c\x93\xf9\
\x56\x37\x82\x7c\x61\x65\xe3\xad\x06\x2d\x63\x4f\x86\xe2\x1b\x59\
\x98\x84\x17\x48\x11\xc8\x1d\x1b\x00\x9e\x08\xc1\xf5\xf5\x00\xf1\
\x40\xcd\xda\xf8\xc3\xc3\x7c\x68\x76\x7f\xee\x7f\x53\x5f\x67\xd7\
\xc6\x1e\x1b\xff\x00\x90\x1d\xa7\xfb\x9f\xd4\xd0\x0c\xd2\xa2\x94\
\x02\xc4\x00\x32\x6a\x5f\xb1\xdc\x7f\xcf\x09\x3f\xef\x83\x41\x24\
\x34\x53\x99\x1a\x36\xc3\x29\x53\xe8\x46\x28\x55\xde\xca\xbe\xa7\
\x14\x01\x7b\x48\xf0\xfe\xa3\xaf\x4c\xd1\xe9\xf6\x72\xdd\x32\xfd\
\xef\x2d\x78\x1f\x53\xd0\x56\x85\xef\x80\x3c\x43\xa7\xdb\x3d\xc4\
\xfa\x4d\xc2\x44\xbc\xb3\x00\x1b\x1e\xf8\x06\xbe\x89\xf0\xbe\x87\
\x07\x87\xf4\x3b\x4b\x38\x23\x44\xd9\x18\x2e\xc8\x31\xbd\xb1\xcb\
\x7e\x26\xab\x78\xd7\xc6\x5a\x7f\x81\x74\x36\xd4\xf5\x15\x9a\x48\
\xbc\xc4\x85\x21\xb7\x40\xd2\x4a\xee\x70\xaa\xa0\x90\x3d\xf9\x20\
\x00\x09\xa0\xab\x17\xbc\x3d\xff\x00\x20\x1d\x3b\xfe\xbd\xe3\xff\
\x00\xd0\x45\x79\x8f\xed\x5c\x01\xf8\x1f\xad\xe4\x67\xf7\xd6\xbf\
\xfa\x51\x1d\x7a\xbd\x8d\xc4\x77\x96\x50\x4f\x10\x2b\x14\xb1\xab\
\xa8\x23\x04\x02\x32\x38\xaf\x29\xfd\xab\x7f\xe4\x87\xeb\x7f\xf5\
\xda\xd7\xff\x00\x4a\x23\xa0\x67\x8f\x51\x45\x14\x10\x14\x51\x45\
\x00\x14\x52\xd1\x40\x09\x4e\xbc\xff\x00\x90\x8f\xfd\xba\xc3\xff\
\x00\xb3\x52\x60\xd3\xaf\x07\xfc\x4c\x7f\xed\xd6\x1f\xfd\x9a\x81\
\x9f\x46\x7c\x27\x50\xbe\x05\xd3\xb0\x00\xce\xe2\x71\xfe\xf1\xad\
\xbf\x15\x5f\xbe\x95\xe1\x8d\x5e\xf6\x30\x1a\x4b\x6b\x39\xa6\x55\
\x3d\x09\x54\x24\x7f\x2a\xe7\xfe\x10\xdc\x0b\x8f\x03\x59\x00\x30\
\x63\x67\x43\xce\x7a\x31\xae\xbe\xe6\x05\xba\xb7\x96\x17\x19\x49\
\x10\xa3\x64\x67\x82\x31\x41\x47\xc7\x1a\x0d\xb0\xb3\xd1\x6c\x61\
\x07\x3b\x61\x5c\xb6\x31\x93\x8e\x4e\x3e\xb5\x7a\xaf\x6a\xde\x17\
\xb9\xf0\x7d\xf4\xba\x4d\xcf\x98\xdf\x66\x3e\x5c\x73\x49\xd6\x64\
\x1f\x75\xff\x00\x11\xf9\x1c\x8a\xa7\xb6\x82\x06\xd7\xb8\xfc\x37\
\xf8\x5f\xa7\xdb\xe9\x76\xba\x9e\xa5\x0a\xdd\xde\x4c\xa2\x44\x8e\
\x4e\x52\x30\x79\x1c\x77\x3f\x5a\xf1\x0d\xb5\xea\x9e\x1d\xf8\x99\
\xe3\x0b\xe8\x22\xb2\xd0\xfc\x21\x6b\xa8\x5a\xdb\x46\x91\x0b\x89\
\x2f\xde\x33\xc0\x03\x91\xe5\x15\x1f\x4d\xd4\x0c\xf4\x5f\x1a\x78\
\xaa\xc7\xe1\xef\x87\x64\xd5\x26\xb4\x92\x68\x56\x58\xa1\x10\xda\
\xaa\x86\x66\x91\xc2\x28\xe4\x81\xd5\x87\x7a\xda\x81\xe1\xd4\xac\
\xe1\x9b\xcb\x0f\x14\xc8\x1c\x2c\x8b\xd8\x8c\xf2\x2b\x8e\xf1\x1f\
\x85\x35\x6f\x88\x9e\x1c\x87\x4d\xd6\x45\xbe\x91\x1b\x4b\x15\xc4\
\xbf\x65\x73\x2b\x86\x8e\x40\xea\xa3\x20\x0c\x12\xa3\x35\xda\x59\
\xdb\x2d\x9d\xa4\x36\xea\x4b\x2c\x48\x10\x13\xd4\xe0\x62\x82\x8f\
\x20\xf8\xdd\xe1\x2d\x3b\x46\xd2\xe0\xd6\x6c\xed\x96\xda\x46\xb9\
\x58\x66\x58\x94\xe1\xb7\x9c\x06\xc7\x41\x83\xdf\xde\xb4\x7e\x01\
\xff\x00\xc8\x2b\x55\xff\x00\xae\xcb\xff\x00\xa0\xd6\xaf\xc7\x86\
\x2b\xf0\xaf\x59\x20\xe0\xef\xb6\xe9\xff\x00\x5f\x11\xd6\x57\xc0\
\x5f\xf9\x05\xea\xbf\xf5\xd9\x3f\xf4\x1a\x04\x7a\xa5\x65\x78\x9b\
\x54\xb2\xd2\x74\x5b\xb9\xaf\xaf\x2d\xec\xa2\x68\x99\x44\x97\x12\
\xac\x6a\x49\x53\xc6\x49\x1c\xd6\xa3\x30\x55\x2c\x7a\x01\x93\x5f\
\x1c\x49\x32\xf8\xb7\x52\xbb\xd7\xef\xd4\xdd\xdc\x5e\x5c\x4d\x2c\
\x12\x5c\x93\x21\x8e\x02\xed\xe5\x2a\xe7\xee\x80\x9b\x78\x18\xfe\
\x74\x01\xdf\xfe\xcc\x3c\xdc\x5b\x7f\xd8\x1d\x7f\x9c\x55\xf4\x4d\
\x78\x57\xc0\x95\x0b\xe2\xcb\xb0\x06\x00\xb1\x60\x00\xff\x00\x7e\
\x3a\xf7\x5a\xa7\xb2\x04\x7c\xb7\xf1\x13\xfe\x4a\xaf\x8b\x7f\xeb\
\xb5\xbf\xfe\x93\x47\x5e\xd9\xf0\x87\x43\x4d\x2f\xc2\x36\xf7\x0d\
\x12\x2d\xc5\xde\x65\x69\x07\x24\xae\x7e\x51\x9f\xa7\x6a\xf1\x5f\
\x88\x7f\xf2\x55\x7c\x5b\xff\x00\x5d\xad\xff\x00\xf4\x9a\x3a\xfa\
\x0b\xe1\xff\x00\xfc\x89\x7a\x37\xfd\x7b\x2f\xf2\xa9\x0e\xa4\x3f\
\x13\x3c\x41\x75\xe1\x5f\x87\xde\x21\xd6\x2c\x4a\x0b\xcb\x2b\x19\
\x66\x84\xc8\xbb\x94\x38\x53\x82\x47\x7e\x7b\x52\x7c\x35\xd5\x2f\
\x35\x8f\x05\xe9\xd7\x3a\x85\xc3\x5d\xde\x32\xb0\x92\x76\x55\x53\
\x21\x0c\x46\x48\x50\x00\x3f\x40\x2b\x3b\xe3\x87\xfc\x92\x0f\x18\
\x7f\xd8\x32\x6f\xfd\x04\xd5\x8f\x84\xdf\xf2\x21\xe9\xdf\xf0\x3f\
\xfd\x0c\xd0\x32\x6f\x89\xda\x2b\xeb\xbe\x07\xd5\x61\x81\x63\x37\
\x71\xc2\x66\x81\xa4\x38\x0a\xeb\xf3\x0e\x7b\x0e\x30\x7d\xab\x86\
\xfd\x9e\x7c\x8b\xcb\x6d\x4e\xfe\x3f\x9b\xcc\x48\x76\x3e\x39\xd8\
\xc0\xb7\xeb\xc7\xe5\x5e\xa5\xe2\x2f\xf9\x17\xf5\x4f\xfa\xf5\x97\
\xff\x00\x40\x35\xe3\x3f\xb3\x35\xeb\x47\x6a\x6c\xf8\x11\xc9\x61\
\x0c\x98\xef\x95\x00\x7f\x26\xa0\x47\xbb\xd7\xca\x7e\x34\xba\x7d\
\x47\xe2\x47\x8b\x2e\xe4\x55\x53\xf6\xc1\x6c\xa0\x03\x90\xb1\x46\
\xa8\x39\xf7\x39\x38\xe8\x32\x6b\xea\xca\xf0\x0f\x8c\x9e\x15\x9f\
\x49\xf1\x64\xda\xba\x87\x96\xcf\x53\xda\xc5\xb1\xf2\xc5\x22\xa8\
\x52\xbc\x7a\x81\xbb\x3d\xce\xea\x01\x9c\x05\x14\xfa\x31\xed\x41\
\x27\xaf\xfc\x02\xff\x00\x53\xab\xff\x00\xbd\x1f\xf2\x35\xeb\x95\
\xe4\x9f\x00\xff\x00\xd4\xea\xff\x00\xef\x47\xfd\x6b\xd6\xe8\x29\
\x1f\x34\x78\x77\xfe\x4b\x16\xa5\xff\x00\x61\xe9\xbf\xf4\x2a\xfa\
\x5e\xbe\x69\xf0\xe7\xfc\x96\x2d\x4b\xfe\xc3\xd3\x7f\xe8\x55\xf4\
\xb5\x00\x78\x8f\xc7\xef\xf9\x1c\x3c\x17\xff\x00\x5c\xaf\x3f\xf4\
\x2b\x7a\xf6\xc4\xfb\xab\xf4\xaf\x13\xf8\xfd\xff\x00\x23\x87\x82\
\xff\x00\xeb\x95\xe7\xfe\x85\x6f\x5e\xd8\x9f\x75\x7e\x94\x01\xe4\
\x3f\xb4\x8f\xfc\x81\xfc\x2f\xff\x00\x61\x7f\xfd\xb6\x9e\xbb\x4f\
\x85\x7f\xf2\x22\xe9\x9f\xee\xb7\xfe\x84\x6b\x8c\xfd\xa4\x3f\xe4\
\x0f\xe1\x6f\xfb\x0b\xff\x00\xed\xb4\xf5\xd9\xfc\x2c\xff\x00\x91\
\x17\x4c\xff\x00\x75\xbf\xf4\x23\x40\x75\x34\xbc\x6d\xff\x00\x22\
\x6e\xbd\xff\x00\x5e\x17\x1f\xfa\x2d\xab\x95\xf8\x07\xff\x00\x24\
\xd7\x4e\xfa\x9f\xe9\x5d\x57\x8d\xbf\xe4\x4d\xd7\xbf\xeb\xc2\xe3\
\xff\x00\x45\xb5\x72\xbf\x01\x3f\xe4\x9a\xe9\xdf\x53\xfd\x28\x19\
\xe8\x75\xf2\x57\xc2\xbf\x0d\xc9\xe2\xc6\xd3\x34\xf4\x62\x88\xca\
\x5a\x59\x17\x19\x44\x04\xe4\xff\x00\x9f\x5a\xfa\xd6\xbe\x4d\xf8\
\x57\xe2\x9b\x8f\x07\xda\xdb\xdf\xda\xd9\xa5\xfd\xc9\x81\xa3\x8e\
\x19\x25\x31\xa9\x25\xbb\xb0\x56\x3f\xa5\x02\x67\xd3\x3a\x0f\x83\
\xf4\x8f\x0e\x5b\xac\x56\x56\x51\xa9\xe3\x32\xb8\xdc\xec\x47\x72\
\x4d\x51\xb1\xf1\xe5\x8d\xf7\x8e\xb5\x0f\x0b\x45\x6f\x32\xdd\x58\
\xc2\xb2\xc9\x70\xc1\x44\x64\xb2\xab\x6c\x1c\xe7\x3b\x5c\x1e\x98\
\xac\x4f\x0c\xf8\xb7\xc7\x9a\xdd\xcc\x46\xf3\xc2\x36\x3a\x65\x93\
\x8c\x99\xdb\x50\x76\x61\xc7\x1f\x29\x8d\x4d\x69\x68\x3e\x00\xfe\
\xcf\xf1\xa6\xa5\xe2\x9b\x9b\x9d\xd7\xfa\x82\xaa\xbd\xbc\x43\xf7\
\x49\xb5\x11\x38\x27\x93\xc2\x0f\xc4\x9a\x06\x74\x3a\xa6\x83\xa7\
\x6b\x56\xed\x0d\xed\x9c\x37\x11\xb7\x5d\xcb\xcf\xe0\x7a\x8a\xf9\
\xa7\xc4\xda\x52\xe8\x3e\x31\xd4\xb4\xc4\x49\x04\x56\xb7\x0a\xb1\
\xb3\x83\xf3\xab\x2a\xb8\x20\xf7\xc0\x6c\x67\xd4\x1a\xfa\x9a\xbe\
\x70\xf8\xb8\xcd\x27\xc5\xdb\xed\xcc\x48\x4b\x0b\x35\x50\x4f\x00\
\x6e\x94\xf1\xf8\x9a\x04\xcf\xa2\xe0\xff\x00\x53\x1f\xfb\xa3\xf9\
\x57\x97\x7e\xd1\x9f\xf2\x26\x69\x9f\xf6\x16\xb7\xff\x00\xd0\x5e\
\xbd\x46\x0f\xf5\x31\xff\x00\xba\x3f\x95\x79\x77\xed\x19\xff\x00\
\x22\x66\x99\xff\x00\x61\x6b\x7f\xfd\x05\xe8\x19\xe8\xbe\x1e\xff\
\x00\x90\x0e\x9d\xff\x00\x5e\xf1\xff\x00\xe8\x22\xbc\xcb\xf6\xad\
\xff\x00\x92\x1f\xad\xff\x00\xd7\x6b\x5f\xfd\x28\x8e\xbd\x37\xc3\
\xdf\xf2\x01\xd3\xbf\xeb\xde\x3f\xfd\x04\x57\x99\x7e\xd5\xbf\xf2\
\x43\xf5\xbf\xfa\xed\x6b\xff\x00\xa5\x11\xd0\x07\x8f\x51\x45\x14\
\x10\x3e\x8a\x28\xa0\x02\x8a\x28\xa0\x02\x96\xeb\xfe\x42\x47\xfe\
\xbd\x61\xff\x00\xd9\xa9\x28\xb8\x91\x64\xd4\x9b\x6b\x06\xdb\x6d\
\x0a\x9c\x76\x38\x6e\x3f\x5a\x06\x7a\x8f\xc1\x1f\x12\xc5\x63\x7d\
\x73\xa4\xce\xc1\x05\xcf\xef\x22\x62\x70\x37\x81\xc8\xfc\x47\xf2\
\xaf\x6a\xaf\x91\x55\x9a\x36\x0c\xa4\xab\x03\x90\x47\x51\x5e\x9d\
\xe1\x6f\x8d\xd7\x1a\x74\x71\xdb\x6b\x56\xcf\x79\x0a\x8c\x7d\xaa\
\x0f\xf5\x8a\x00\xee\xa7\xef\x7d\x41\x07\xeb\x40\xcf\x5d\xd5\xb4\
\x1d\x3f\x5e\x84\x45\x7f\x69\x15\xd2\x0e\x9e\x62\xf2\x3e\x87\xa8\
\xac\x3b\x3f\x85\xbe\x1a\xb3\x90\xba\xe9\xab\x29\xdd\xb8\x79\xcc\
\xce\x07\xb6\x09\xe9\x54\x17\xe3\x77\x82\xf9\x0f\xac\xf9\x2c\x3a\
\xac\xb6\xb3\x2f\xe1\xca\x73\xf8\x53\x26\xf8\xe9\xe0\x88\x46\x7f\
\xb6\x8c\x9c\x67\x10\xd9\xcf\x21\xff\x00\xc7\x50\xd0\x33\xcd\xfe\
\x39\x49\x15\xb7\x8f\x74\x8d\x3e\xd9\x96\x28\xa2\xd2\xde\x46\xb6\
\x8b\x85\x5c\xca\x02\xb1\x51\xea\x14\x81\xf4\x35\xed\x9e\x0d\xb7\
\x8a\xd7\xc2\xda\x5c\x70\xc6\xb1\xa7\xd9\xd0\xe1\x47\x72\x32\x4d\
\x7c\xdf\xe3\x4f\x14\x5b\xf8\xd3\xc7\x77\xda\xc5\x8d\xbd\xd4\x36\
\x2f\x65\x6d\x6e\x8d\x77\x17\x96\xce\xca\xd2\xb3\x10\xb9\xc8\x18\
\x75\xeb\x8e\xf5\xea\x3e\x13\xf8\xd1\xa4\x58\x69\x36\x76\x5a\xb2\
\x4f\x6a\xf0\xc6\x23\x33\xc7\x11\x92\x33\x81\xd4\x85\xc9\x1c\x0f\
\x4a\x05\xd4\xd5\xf8\xf5\xa9\xdd\xe9\x7f\x0d\xee\xda\xce\xea\x5b\
\x39\x27\xba\xb5\xb5\x79\x60\x72\x8f\xe5\xc9\x3a\x23\x85\x61\xca\
\x92\xa4\x8c\x8e\x79\xe2\xbb\x1f\x0d\xc4\x20\xf0\xf6\x99\x18\x2c\
\xc1\x6d\xa3\x1b\x98\xe4\x9f\x94\x72\x4d\x79\xf7\x89\x3e\x35\x78\
\x0a\xff\x00\x49\x92\x29\xc5\xce\xba\x32\x1d\x2c\x53\x4d\x98\xb4\
\x8e\x39\x5c\x17\x45\x50\x72\x3a\xb1\x00\x7a\xd4\x56\x7f\xb4\x06\
\x8b\x6d\x65\x6c\x93\xe8\xda\x9c\x33\x79\x60\xb4\x36\xb1\xa4\xa9\
\x17\xfb\x21\xb7\x2e\x70\x31\xd0\x62\x81\x9b\x1f\x1e\xbf\xe4\x95\
\x6b\x3f\xef\xdb\x7f\xe9\x44\x55\x99\xf0\x17\xfe\x41\x7a\xaf\xfd\
\x76\x4f\xfd\x06\xb9\x6f\x89\xdf\x18\x74\xcf\x19\x78\x26\xfb\x47\
\xb0\xd2\xf5\x61\x77\x73\x24\x1b\x0c\xd0\x22\xa0\xdb\x32\x31\x24\
\xef\xe8\x02\x9a\x6f\xc3\xbf\x88\xfa\x6f\x80\xf4\xdb\xb4\xbe\xb7\
\xbc\xba\x92\xe2\x60\x55\x2c\xe2\x0e\x40\x0b\xd4\xe5\x85\x02\x3d\
\xea\xe3\xfe\x3d\xe5\xff\x00\x74\xff\x00\x2a\xf8\xd7\xc3\x3f\xf2\
\x2f\x69\xbf\xf5\xee\x9f\xc8\x57\xbc\xc9\xfb\x42\xe8\x12\x46\xeb\
\xfd\x95\xad\x8c\xa9\x1f\xf1\xec\x9e\x9f\xf5\xd2\xbc\x27\xc3\xf0\
\xc9\x6f\xa1\xd8\x45\x34\x6d\x14\xa9\x02\x07\x8d\xb1\x95\x38\x19\
\x07\x14\x03\x3d\x57\xe0\x58\x6f\xf8\x4b\xae\x58\x11\xb3\xec\x6c\
\xa4\x63\x9f\xbe\x84\x7f\x2a\xf7\x6a\xf9\x83\xc1\xfe\x2a\x9f\xc1\
\xfa\xc0\xbe\x82\x35\x98\x14\x31\xbc\x6c\x48\x0c\xa7\x1d\xfd\x78\
\xaf\x4f\x6f\xda\x0b\x42\x85\x23\x12\x69\xba\xb3\x4c\x57\x2e\x90\
\xc0\xac\x10\xe7\xa6\xe2\xc0\x1f\xc2\x98\x23\x86\xf8\x95\xe0\xdd\
\x62\xd7\xc6\x9e\x24\xd7\x25\xb4\xdb\xa5\xdc\x3c\x52\x25\xc0\x60\
\x54\x22\xc2\x88\x4b\x1f\xe1\xe4\x1e\x0d\x7b\x2f\xc3\x9b\x88\xee\
\x3c\x13\xa4\x18\x9c\x38\x58\x02\x36\x3b\x30\xe0\x8a\xf2\x7f\x89\
\xff\x00\x18\xb4\xbf\x18\xf8\x1f\x52\xd1\xec\x74\xad\x58\x5d\xdd\
\x79\x6a\x86\x68\x11\x50\x62\x45\x62\x49\xdf\xc0\xc0\x35\x17\x81\
\x3e\x29\x4f\xe1\x0b\x51\x65\x71\x6a\x6f\x2c\x03\x16\x0b\x19\x0a\
\xe8\x49\xc9\x23\x3c\x1f\xa7\x14\x80\xf4\xaf\x8d\xca\x5f\xe1\x17\
\x8b\xd5\x41\x66\x3a\x6c\xd8\x00\x64\xfd\xd3\x56\x3e\x13\xff\x00\
\xc8\x87\xa7\x7f\xc0\xff\x00\xf4\x33\x59\x8b\xf1\xcb\xc1\xd3\x5b\
\x03\x75\x75\x73\x6b\xe6\x6e\x1e\x4c\xd6\x33\x39\x20\x71\x93\xb1\
\x58\x60\xfb\x9a\x8e\x4f\x8e\xde\x08\xb1\xb5\x02\xde\xf2\xe6\x50\
\xb8\x54\x82\xdf\x4c\xb8\x04\xfb\x00\x63\x00\x7e\x24\x0a\x06\x74\
\xbf\x10\xb5\x88\xfc\x3f\xe0\x5d\x7f\x51\x99\x1a\x48\xed\xec\xa5\
\x72\x8b\x8c\xb7\xca\x40\x1c\xfb\x9a\xf9\xe7\xe1\x9e\xb0\xde\x0d\
\xd4\xb4\x89\xa6\xe5\x61\x89\x60\x9b\x69\xfe\x1d\xa1\x5b\x1f\xcf\
\xf0\xab\x9f\x10\xbe\x24\x6a\x3f\x13\x02\x58\xad\xab\xe8\xfe\x1b\
\x49\x16\x46\xb6\x98\x83\x71\x78\xca\x72\xbe\x6e\x09\x08\x80\x80\
\x76\x02\x49\x20\x64\x8f\xbb\x5c\xfd\x04\x9f\x5c\x45\x2a\x4f\x1a\
\x49\x1b\x07\x46\x01\x95\x87\x42\x0d\x25\xc5\xbc\x57\x50\xb4\x53\
\x46\xb2\xc6\xc3\x0c\xae\x32\x08\xaf\x9e\x7c\x1b\xf1\x3f\x51\xf0\
\x84\x7f\x67\x31\xff\x00\x68\x58\xf5\x16\xee\xfb\x4a\xff\x00\xba\
\xd8\x38\xfa\x74\xfa\x57\xa5\xda\xfc\x72\xf0\x94\x91\x21\xba\xbd\
\x9b\x4f\x95\xba\xc7\x71\x6d\x21\xc6\x31\xfc\x4a\xa5\x71\xcf\xad\
\x03\x34\x9b\xe1\x5f\x86\x5a\xeb\xcf\xfe\xcd\x51\xc6\x3c\xb0\xec\
\x13\xeb\x8c\xd7\x27\xf1\xc2\xc6\xc7\xc3\x1f\x0d\x1a\x2d\x3a\x28\
\xf4\xf7\x9a\xfa\xd2\x25\x10\x8d\xad\x26\x66\x52\xcb\x91\xc9\xca\
\x86\xcf\xb0\x35\xbc\xff\x00\x1c\x3c\x10\x8a\x4f\xf6\xea\x37\xb2\
\x5b\xcc\xc7\xf0\x01\x32\x6b\xcd\x3e\x30\xfc\x4a\xd2\x3c\x79\x69\
\xa4\xe9\xba\x1c\x77\x97\x7f\x65\xd4\x56\xe6\x5b\xa9\x2d\x9a\x18\
\x55\x56\x27\x04\x0f\x33\x6b\x13\x97\x03\x85\xc7\x5e\x78\xa0\x0e\
\xaf\xe0\x1f\xfa\xad\x5f\xfd\xe8\xff\x00\xad\x7a\xdd\x7c\xfb\xf0\
\xe7\xe2\x0e\x9d\xe0\x3b\x5b\xe6\xbe\x82\xee\xe5\xae\x1d\x02\x47\
\x67\x10\x76\x18\x07\x24\xe4\x8e\x2b\xaf\xff\x00\x86\x88\xd0\x3f\
\xe8\x15\xad\xff\x00\xe0\x32\x7f\xf1\xca\x00\xf3\x9d\x0a\x68\xed\
\xfe\x2e\xea\x92\x4a\xe1\x10\x6b\xf3\x65\x9b\xa7\x2d\x8a\xfa\x66\
\xbe\x46\x8f\x54\xfb\x67\x88\xb5\x6d\x59\x2d\xa4\x86\x2b\x8d\x4e\
\x5b\xa8\xa2\xb9\x00\x31\x42\xd9\x1b\x80\x27\x19\xc7\xad\x7b\xa5\
\x8f\xc7\x4f\x0d\xb5\xa8\x7d\x4a\x49\xf4\xd9\x46\x01\x5f\xb3\xc9\
\x30\x27\xd8\xa2\x9f\xd4\x0a\x00\xe6\x7e\x3d\x44\xf2\xf8\xc3\xc1\
\x61\x11\x9b\xf7\x77\x83\x81\xdc\xb5\xbe\x05\x7b\x52\xfd\xd1\xf4\
\xaf\x2e\xd6\xbe\x3c\x78\x45\x9a\xda\x3b\x4b\x7b\xbd\x76\x62\xe0\
\xed\x5b\x17\x8d\x61\x19\xe5\xcb\xca\xaa\x06\x3d\x06\x4f\xb5\x0d\
\xfb\x43\x68\x0a\xc4\x0d\x2f\x5a\x60\x0e\x32\x2d\x93\x07\xdf\xef\
\xd0\x05\x2f\xda\x43\xfe\x40\xfe\x16\xff\x00\xb0\xbf\xfe\xdb\x4f\
\x5d\x9f\xc2\xdf\xf9\x11\x74\xcf\xf7\x5b\xff\x00\x42\x35\xe3\xdf\
\x16\x3e\x25\x58\xfc\x40\xb5\xd0\x6d\x74\xed\x3f\x52\x85\xed\x75\
\x0f\xb4\xcb\x25\xd4\x48\x88\xa9\xe4\x4a\x9d\x43\x9e\x77\x3a\xf1\
\x8a\xd7\xf8\x6f\xf1\x3a\xdf\xc2\x76\x6d\xa7\xea\x10\xc8\xf6\xa6\
\x42\xeb\x34\x5f\x31\x4c\x8e\x9b\x7b\x8f\xa7\xad\x00\x7b\x0f\x8b\
\x2d\xa5\xbd\xf0\xb6\xb3\x6f\x02\x19\x67\x9a\xca\x68\xe3\x45\xea\
\xcc\x50\x80\x07\xe3\x5c\xcf\xc1\x4d\x36\xeb\x49\xf8\x7f\x65\x6d\
\x7b\x6f\x2d\xad\xc2\x16\x0d\x1c\xc8\x55\x87\x4e\xc6\xab\xdf\x7c\
\x7c\xf0\x6d\x9c\x32\x32\x5e\xdd\xdd\xca\xa7\x6a\xc1\x6f\xa7\xdc\
\x16\x73\x9c\x60\x12\x81\x7f\x12\x40\xf7\xac\x6d\x37\xf6\x86\xb0\
\x6b\x4f\x3b\x51\xd1\x75\x1b\x69\x64\x76\x31\xdb\xdb\xaa\x4c\xc9\
\x18\xc6\xd3\x23\x6e\x00\x31\xf4\x5c\x81\xea\x7a\xd0\x33\xd6\xeb\
\xe6\xaf\xd9\xde\xce\x1b\xcd\x5b\x4f\x33\x46\x24\xf2\xad\xde\x44\
\xdd\xd9\x81\xe0\xfe\xb5\xe8\x7f\xf0\xd1\x1a\x07\xfd\x02\xb5\xbf\
\xfc\x06\x4f\xfe\x39\x5e\x49\xf0\xa7\xc4\x53\x78\x2e\x4d\x3e\xf2\
\x6b\x66\xca\xc4\x52\x68\x1b\x1b\xc0\x3c\xe3\x3c\x8c\xf4\xa0\x47\
\xd5\xd5\xe4\xda\x3e\xa9\x79\xa9\x7e\xd0\x9a\xe5\xbd\xc5\xdc\xcd\
\x6b\xa7\x5a\xa4\x36\xd6\xa2\x42\x22\x40\xd0\xc7\x23\x36\xce\x85\
\x89\x73\xf3\x1e\x70\x00\xed\x5b\x10\xfc\x74\xf0\x8f\x92\xad\x75\
\x77\x73\x65\x21\x38\x31\x49\x67\x33\x91\x8c\x77\x45\x61\x8e\x7d\
\x6b\x02\x4f\x8d\x5e\x11\x87\xc5\x0f\x75\xa6\xe8\xf7\x57\x8f\x24\
\x6d\xf6\xbd\x59\x6d\x0c\x27\xe5\x51\xb5\x14\x38\x56\x91\x8e\x00\
\xe8\x00\xc7\x5e\x31\x40\xcf\x60\xaf\x9b\xfe\x2c\xff\x00\xc9\x5d\
\xd4\x7f\xeb\xca\xcf\xf9\xcb\x5d\xef\xfc\x34\x46\x81\xff\x00\x40\
\xad\x6f\xff\x00\x01\x93\xff\x00\x8e\x57\x94\x78\xcb\xc4\xd0\xf8\
\xc3\xc7\x5a\x86\xaf\x69\x6b\x75\x6b\x68\xf6\xb6\xf0\xa7\xda\xd1\
\x51\x99\x97\xcc\x2d\x80\x18\xf1\xf3\x0a\x04\x7d\x4d\x07\xfa\x98\
\xff\x00\xdd\x1f\xca\xbc\xef\xe3\xc6\x8f\x7d\xad\x78\x46\xc2\x2b\
\x0b\x49\xaf\x24\x8b\x52\x86\x67\x48\x50\xb3\x04\x01\xf2\xd8\x1d\
\x86\x45\x51\xf0\xa7\xc6\xbd\x2e\xdf\x4c\x8a\xdf\x5b\x12\xd9\xb5\
\xbc\x61\x7e\xd0\x88\xd2\xab\xe0\x63\x24\x28\x2c\x0f\xe0\x6a\x5d\
\x7b\xf6\x86\xf0\xdd\x95\xa1\xfe\xc8\x8a\xf7\x5d\xbf\x6f\xf5\x76\
\xf1\xda\xcb\x02\x0f\x77\x92\x45\x55\x55\xfa\x64\xfa\x03\x40\xcf\
\x43\xd0\xe3\x78\x74\x5b\x08\xe4\x52\x8e\xb0\x22\xb2\xb0\xc1\x04\
\x28\xe2\xbc\xc3\xf6\xad\xff\x00\x92\x1f\xad\xff\x00\xd7\x6b\x5f\
\xfd\x28\x8e\xad\x2f\xed\x09\xa2\xc2\xa8\x93\xe9\x9a\xa3\xce\x15\
\x7c\xc3\x6f\x02\xb4\x7b\x88\x04\x85\x25\xc1\x20\x1e\x33\x81\xd2\
\xb8\x1f\x8e\x9f\x14\xac\xbe\x21\x7c\x35\xd4\x74\x2d\x27\x49\xd5\
\x8d\xfd\xc4\x90\x32\x79\xf0\xc6\x89\x85\x95\x18\xe4\xef\xe3\x85\
\x34\x01\xca\xd1\x45\x14\x10\x14\x51\x45\x00\x14\x51\x45\x00\x14\
\x51\x45\x00\x14\x51\x45\x00\x14\x51\x45\x00\x14\x51\x45\x00\x14\
\x51\x45\x00\x14\x51\x45\x00\x14\x51\x45\x00\x14\x51\x45\x00\x14\
\x51\x45\x00\x14\x51\x45\x00\x14\x51\x45\x00\x14\x51\x45\x00\x14\
\x51\x45\x00\x14\x51\x45\x00\x14\x51\x45\x00\x14\x51\x45\x00\x14\
\x51\x45\x00\x14\x51\x45\x00\x14\x51\x45\x00\x14\x51\x45\x00\x14\
\x51\x45\x00\x14\x51\x45\x00\x14\x51\x45\x00\x14\x51\x45\x00\x7f\
\xff\xd9\
\x00\x00\x05\xd0\
\xff\
\xd8\xff\xe0\x00\x10\x4a\x46\x49\x46\x00\x01\x01\x01\x00\x60\x00\
\x60\x00\x00\xff\xdb\x00\x43\x00\x03\x02\x02\x03\x02\x02\x03\x03\
\x03\x03\x04\x03\x03\x04\x05\x08\x05\x05\x04\x04\x05\x0a\x07\x07\
\x06\x08\x0c\x0a\x0c\x0c\x0b\x0a\x0b\x0b\x0d\x0e\x12\x10\x0d\x0e\
\x11\x0e\x0b\x0b\x10\x16\x10\x11\x13\x14\x15\x15\x15\x0c\x0f\x17\
\x18\x16\x14\x18\x12\x14\x15\x14\xff\xdb\x00\x43\x01\x03\x04\x04\
\x05\x04\x05\x09\x05\x05\x09\x14\x0d\x0b\x0d\x14\x14\x14\x14\x14\
\x14\x14\x14\x14\x14\x14\x14\x14\x14\x14\x14\x14\x14\x14\x14\x14\
\x14\x14\x14\x14\x14\x14\x14\x14\x14\x14\x14\x14\x14\x14\x14\x14\
\x14\x14\x14\x14\x14\x14\x14\x14\x14\x14\x14\x14\x14\xff\xc0\x00\
\x11\x08\x00\x2a\x00\x2b\x03\x01\x22\x00\x02\x11\x01\x03\x11\x01\
\xff\xc4\x00\x1f\x00\x00\x01\x05\x01\x01\x01\x01\x01\x01\x00\x00\
\x00\x00\x00\x00\x00\x00\x01\x02\x03\x04\x05\x06\x07\x08\x09\x0a\
\x0b\xff\xc4\x00\xb5\x10\x00\x02\x01\x03\x03\x02\x04\x03\x05\x05\
\x04\x04\x00\x00\x01\x7d\x01\x02\x03\x00\x04\x11\x05\x12\x21\x31\
\x41\x06\x13\x51\x61\x07\x22\x71\x14\x32\x81\x91\xa1\x08\x23\x42\
\xb1\xc1\x15\x52\xd1\xf0\x24\x33\x62\x72\x82\x09\x0a\x16\x17\x18\
\x19\x1a\x25\x26\x27\x28\x29\x2a\x34\x35\x36\x37\x38\x39\x3a\x43\
\x44\x45\x46\x47\x48\x49\x4a\x53\x54\x55\x56\x57\x58\x59\x5a\x63\
\x64\x65\x66\x67\x68\x69\x6a\x73\x74\x75\x76\x77\x78\x79\x7a\x83\
\x84\x85\x86\x87\x88\x89\x8a\x92\x93\x94\x95\x96\x97\x98\x99\x9a\
\xa2\xa3\xa4\xa5\xa6\xa7\xa8\xa9\xaa\xb2\xb3\xb4\xb5\xb6\xb7\xb8\
\xb9\xba\xc2\xc3\xc4\xc5\xc6\xc7\xc8\xc9\xca\xd2\xd3\xd4\xd5\xd6\
\xd7\xd8\xd9\xda\xe1\xe2\xe3\xe4\xe5\xe6\xe7\xe8\xe9\xea\xf1\xf2\
\xf3\xf4\xf5\xf6\xf7\xf8\xf9\xfa\xff\xc4\x00\x1f\x01\x00\x03\x01\
\x01\x01\x01\x01\x01\x01\x01\x01\x00\x00\x00\x00\x00\x00\x01\x02\
\x03\x04\x05\x06\x07\x08\x09\x0a\x0b\xff\xc4\x00\xb5\x11\x00\x02\
\x01\x02\x04\x04\x03\x04\x07\x05\x04\x04\x00\x01\x02\x77\x00\x01\
\x02\x03\x11\x04\x05\x21\x31\x06\x12\x41\x51\x07\x61\x71\x13\x22\
\x32\x81\x08\x14\x42\x91\xa1\xb1\xc1\x09\x23\x33\x52\xf0\x15\x62\
\x72\xd1\x0a\x16\x24\x34\xe1\x25\xf1\x17\x18\x19\x1a\x26\x27\x28\
\x29\x2a\x35\x36\x37\x38\x39\x3a\x43\x44\x45\x46\x47\x48\x49\x4a\
\x53\x54\x55\x56\x57\x58\x59\x5a\x63\x64\x65\x66\x67\x68\x69\x6a\
\x73\x74\x75\x76\x77\x78\x79\x7a\x82\x83\x84\x85\x86\x87\x88\x89\
\x8a\x92\x93\x94\x95\x96\x97\x98\x99\x9a\xa2\xa3\xa4\xa5\xa6\xa7\
\xa8\xa9\xaa\xb2\xb3\xb4\xb5\xb6\xb7\xb8\xb9\xba\xc2\xc3\xc4\xc5\
\xc6\xc7\xc8\xc9\xca\xd2\xd3\xd4\xd5\xd6\xd7\xd8\xd9\xda\xe2\xe3\
\xe4\xe5\xe6\xe7\xe8\xe9\xea\xf2\xf3\xf4\xf5\xf6\xf7\xf8\xf9\xfa\
\xff\xda\x00\x0c\x03\x01\x00\x02\x11\x03\x11\x00\x3f\x00\xfd\x43\
\x0c\x30\x00\x18\x51\x4c\xb8\xbe\x86\xce\x17\x96\x79\x52\x34\x55\
\xdc\xdb\xea\x2b\x9b\x84\xb3\x86\x69\xdd\xd4\xa2\x26\xff\x00\x9e\
\xbe\x27\xf8\xa9\xf1\x63\x54\xf1\xe7\x88\x27\x7f\x3e\x6b\x1b\x0b\
\x67\x74\x8a\x14\x7e\xb5\xf2\x5c\x41\xc4\x14\xb2\x3a\x50\x9c\xe3\
\xcd\x39\x1f\x45\x92\x64\x95\xb3\x9a\xdc\x90\xf7\x61\x13\xea\x46\
\xf8\xe5\xe0\x40\xdb\x4e\xbf\x6e\x0d\x74\xde\x1d\xf1\x86\x91\xe2\
\xcb\x46\x9f\x49\xbe\x8a\xee\x25\x6d\x9e\x64\x75\xf1\xc7\x81\x74\
\x6f\x08\xcf\xe1\x7d\x5e\x6f\x11\x5b\xcc\x35\x4c\xbf\xd9\x9d\x53\
\xe5\xc7\xb5\x71\xfe\x1d\xd7\xf5\x2f\x0c\xdd\x41\x79\x61\x79\x34\
\x12\x42\xfb\xd2\x38\xdf\xe4\xaf\x88\x8f\x1b\x62\x68\x3a\x55\x31\
\x30\x8c\xa1\x3f\xe5\xf8\x8f\xb5\x97\x07\xe1\xf1\x1e\xd2\x9e\x1a\
\x72\xe7\x87\xf3\x7c\x27\xe8\x7a\xc8\x29\x77\x8a\xe1\xfe\x13\xfc\
\x43\x3f\x10\x3c\x23\x0e\xa7\x2c\x6b\x05\xc6\xed\xb2\xa7\xfe\xcd\
\x5d\x8e\xea\xfd\x67\x0d\x8a\xa7\x8a\xa1\x1c\x45\x0f\x86\x47\xe6\
\x15\xb0\xb5\x28\xd6\x96\x1e\xbf\xc5\x13\xcf\x7e\x3b\x4e\xf1\xfc\
\x25\xd6\x99\x1d\xe3\x7d\x9f\x7e\x3a\xf8\x9c\xfe\xf2\x31\x5f\xa0\
\x7a\xee\x93\x67\xe2\x4d\x22\xe7\x4e\xbd\x8b\xcf\xb5\x99\x3f\xd5\
\xc9\x5f\x0b\xf8\xd3\xc2\xd7\xfe\x08\xd7\x2e\xac\x35\x28\x7c\x87\
\x47\xf9\x3f\xb8\xe9\x5f\x8d\xf8\x81\x81\xad\xed\x69\x62\xfe\xc7\
\xc2\x7e\xb5\xc0\xd8\xba\x2a\x95\x5c\x33\xf8\xfe\x23\xdc\xfe\x0c\
\xea\x32\xeb\x5f\x07\xbc\x4c\x97\xa9\x6f\x32\x58\xab\xc3\x6f\xfb\
\x9f\x9d\x53\x65\x7c\x71\xf1\x27\xc7\x9a\xff\x00\x82\xee\x34\x18\
\x34\x3f\x09\xff\x00\xc2\x51\x26\xa9\x71\x25\xb6\x3f\xb4\x63\xb3\
\x11\x48\xb1\x99\x15\x72\xe0\x83\xb9\x52\x53\xdb\x1b\x31\xd5\x80\
\xaf\xb2\x7e\x07\xe9\x69\xa7\xfc\x2f\xd6\x6d\xee\xf5\x1b\x18\x67\
\xd5\x95\xcd\xb4\x6f\x2f\xb7\xf1\xd7\xc8\xff\x00\x17\x2c\x64\xd0\
\xed\xad\x0c\x8d\x1c\xb7\x1a\x5e\xb3\x63\x33\x34\x27\x70\x28\x67\
\x48\xe4\x6f\xc2\x39\x1c\xfe\x15\xe1\xe3\xa1\xed\x28\x65\xfe\xd6\
\x0a\x69\xc6\xd6\x77\xb5\xde\x8a\xfc\xad\x3d\xed\xd5\x1e\xbe\x02\
\xa3\x8d\x6c\xc1\x52\x93\x8d\xa5\x7b\xab\x6c\xb5\x76\xba\x6b\x6b\
\xf4\x63\xbe\x03\x7e\xd7\x9f\x10\xfc\x2a\xba\x8e\xa7\xa3\xfc\x16\
\x97\xc4\x11\x4f\x65\x63\x74\xf0\x7f\xc2\x55\x6d\x6c\x12\x2b\x99\
\x7c\x9b\x72\x0b\x46\x4b\x33\xca\x42\x05\x0b\x91\x9e\x40\xaf\x69\
\xff\x00\x86\xe6\xf8\xbc\xb3\x5d\x42\xdf\xb3\x5c\xed\x2d\xad\xcc\
\xd6\x93\x79\x3e\x32\xb7\x95\x56\x58\xa4\x68\xe4\x5d\xcb\x6e\x41\
\x21\xd1\x81\xc1\xea\x0d\x79\x17\xc1\xfd\x09\x3c\x23\xae\xfc\x20\
\xd2\x6e\x92\x38\x2e\x75\x09\xcd\x9e\xa9\xbc\xe3\xcb\x6d\x1b\x54\
\x79\x10\xb7\xd1\xad\xe7\x6f\xf8\x00\xaf\xb5\xbf\x66\xbb\x3f\x33\
\xe0\x8f\x85\xf5\x2b\xa8\x00\xba\xd7\x22\x97\xc4\x13\x09\x10\x6e\
\x12\x5f\xcf\x25\xeb\x03\xee\x0d\xc1\xe2\xbf\x6f\xc9\xf0\xf1\xc1\
\x60\xa3\x4d\x47\x95\x74\x4a\xef\xf3\x6d\xfe\x27\xe3\xd9\xb6\x22\
\x58\xcc\x64\xea\x73\x73\x3e\xee\xcb\xf2\x49\x7e\x07\xa7\xef\xac\
\x5f\x13\x78\x3f\x44\xf1\x84\x3b\x35\x4b\x18\x6e\x9d\x17\x64\x4f\
\x27\xf0\xd6\xd5\x15\xeb\xd5\xa5\x4b\x11\xfb\x8a\xf1\xe6\x89\xe5\
\xc2\x75\x30\xf5\x39\xa1\x23\xc4\x3f\xe1\x94\x34\x2f\xfa\x0d\xdf\
\x55\xcd\x43\xf6\x61\xf0\xc5\xe7\xc3\x9f\x10\x78\x6d\xe5\x69\x2f\
\x75\x4b\x29\xed\x6d\xf5\x69\x13\x7c\xb6\x8d\x22\x15\x59\x42\xe4\
\x64\xa1\x21\x80\xc8\xe4\x75\xaf\x60\xa6\xcb\x5e\x05\x1c\x93\x2d\
\xc2\x3f\xac\x53\xa2\xb9\x8f\x7e\xb6\x6f\x98\x62\x93\xc3\xd4\xac\
\xf9\x4f\x93\x75\xef\xd8\x67\x5d\xf1\x0e\xbd\x36\xb5\x3f\xc5\xab\
\xb8\x75\x19\x64\xbd\x98\xbd\xbe\x83\x02\x22\xc9\x75\x6d\x2c\x12\
\xb2\xaf\x99\xc7\xfa\xf9\x9c\x7a\x34\x84\xd7\xd5\x5a\x26\x96\x9a\
\x1e\x8b\x61\xa7\x45\xb7\xcb\xb3\xb7\x8e\xdd\x76\xae\xd1\x84\x50\
\xa3\x03\xb0\xe3\xa5\x59\x8e\x96\xbe\x87\xa1\xf3\xa7\xff\xd9\
\x00\x00\x06\xfa\
\xff\
\xd8\xff\xe0\x00\x10\x4a\x46\x49\x46\x00\x01\x01\x01\x00\x60\x00\
\x60\x00\x00\xff\xe1\x00\x22\x45\x78\x69\x66\x00\x00\x4d\x4d\x00\
\x2a\x00\x00\x00\x08\x00\x01\x01\x12\x00\x03\x00\x00\x00\x01\x00\
\x01\x00\x00\x00\x00\x00\x00\xff\xdb\x00\x43\x00\x02\x01\x01\x02\
\x01\x01\x02\x02\x02\x02\x02\x02\x02\x02\x03\x05\x03\x03\x03\x03\
\x03\x06\x04\x04\x03\x05\x07\x06\x07\x07\x07\x06\x07\x07\x08\x09\
\x0b\x09\x08\x08\x0a\x08\x07\x07\x0a\x0d\x0a\x0a\x0b\x0c\x0c\x0c\
\x0c\x07\x09\x0e\x0f\x0d\x0c\x0e\x0b\x0c\x0c\x0c\xff\xdb\x00\x43\
\x01\x02\x02\x02\x03\x03\x03\x06\x03\x03\x06\x0c\x08\x07\x08\x0c\
\x0c\x0c\x0c\x0c\x0c\x0c\x0c\x0c\x0c\x0c\x0c\x0c\x0c\x0c\x0c\x0c\
\x0c\x0c\x0c\x0c\x0c\x0c\x0c\x0c\x0c\x0c\x0c\x0c\x0c\x0c\x0c\x0c\
\x0c\x0c\x0c\x0c\x0c\x0c\x0c\x0c\x0c\x0c\x0c\x0c\x0c\x0c\x0c\x0c\
\x0c\xff\xc0\x00\x11\x08\x00\x27\x00\x2b\x03\x01\x22\x00\x02\x11\
\x01\x03\x11\x01\xff\xc4\x00\x1f\x00\x00\x01\x05\x01\x01\x01\x01\
\x01\x01\x00\x00\x00\x00\x00\x00\x00\x00\x01\x02\x03\x04\x05\x06\
\x07\x08\x09\x0a\x0b\xff\xc4\x00\xb5\x10\x00\x02\x01\x03\x03\x02\
\x04\x03\x05\x05\x04\x04\x00\x00\x01\x7d\x01\x02\x03\x00\x04\x11\
\x05\x12\x21\x31\x41\x06\x13\x51\x61\x07\x22\x71\x14\x32\x81\x91\
\xa1\x08\x23\x42\xb1\xc1\x15\x52\xd1\xf0\x24\x33\x62\x72\x82\x09\
\x0a\x16\x17\x18\x19\x1a\x25\x26\x27\x28\x29\x2a\x34\x35\x36\x37\
\x38\x39\x3a\x43\x44\x45\x46\x47\x48\x49\x4a\x53\x54\x55\x56\x57\
\x58\x59\x5a\x63\x64\x65\x66\x67\x68\x69\x6a\x73\x74\x75\x76\x77\
\x78\x79\x7a\x83\x84\x85\x86\x87\x88\x89\x8a\x92\x93\x94\x95\x96\
\x97\x98\x99\x9a\xa2\xa3\xa4\xa5\xa6\xa7\xa8\xa9\xaa\xb2\xb3\xb4\
\xb5\xb6\xb7\xb8\xb9\xba\xc2\xc3\xc4\xc5\xc6\xc7\xc8\xc9\xca\xd2\
\xd3\xd4\xd5\xd6\xd7\xd8\xd9\xda\xe1\xe2\xe3\xe4\xe5\xe6\xe7\xe8\
\xe9\xea\xf1\xf2\xf3\xf4\xf5\xf6\xf7\xf8\xf9\xfa\xff\xc4\x00\x1f\
\x01\x00\x03\x01\x01\x01\x01\x01\x01\x01\x01\x01\x00\x00\x00\x00\
\x00\x00\x01\x02\x03\x04\x05\x06\x07\x08\x09\x0a\x0b\xff\xc4\x00\
\xb5\x11\x00\x02\x01\x02\x04\x04\x03\x04\x07\x05\x04\x04\x00\x01\
\x02\x77\x00\x01\x02\x03\x11\x04\x05\x21\x31\x06\x12\x41\x51\x07\
\x61\x71\x13\x22\x32\x81\x08\x14\x42\x91\xa1\xb1\xc1\x09\x23\x33\
\x52\xf0\x15\x62\x72\xd1\x0a\x16\x24\x34\xe1\x25\xf1\x17\x18\x19\
\x1a\x26\x27\x28\x29\x2a\x35\x36\x37\x38\x39\x3a\x43\x44\x45\x46\
\x47\x48\x49\x4a\x53\x54\x55\x56\x57\x58\x59\x5a\x63\x64\x65\x66\
\x67\x68\x69\x6a\x73\x74\x75\x76\x77\x78\x79\x7a\x82\x83\x84\x85\
\x86\x87\x88\x89\x8a\x92\x93\x94\x95\x96\x97\x98\x99\x9a\xa2\xa3\
\xa4\xa5\xa6\xa7\xa8\xa9\xaa\xb2\xb3\xb4\xb5\xb6\xb7\xb8\xb9\xba\
\xc2\xc3\xc4\xc5\xc6\xc7\xc8\xc9\xca\xd2\xd3\xd4\xd5\xd6\xd7\xd8\
\xd9\xda\xe2\xe3\xe4\xe5\xe6\xe7\xe8\xe9\xea\xf2\xf3\xf4\xf5\xf6\
\xf7\xf8\xf9\xfa\xff\xda\x00\x0c\x03\x01\x00\x02\x11\x03\x11\x00\
\x3f\x00\xfd\x92\xd0\xf4\x9f\x12\x7c\x52\xf8\x9b\xe3\xe4\x4f\x1f\
\xf8\xa3\xc3\xfa\x6e\x81\xad\x43\xa6\xd9\xd9\xe9\xb6\xba\x63\x44\
\x91\x9d\x32\xc6\xe5\x89\x6b\x8b\x49\x64\x2c\x64\xb8\x90\xe4\xbe\
\x31\x80\x00\xc5\x52\xd2\x6f\xfe\x21\xf8\x3f\xe3\x5f\x88\x3c\x37\
\xa5\xea\x56\x5e\x3f\xb1\xb5\xd1\x34\xcd\x4b\xcc\xf1\x36\xa5\x06\
\x93\x2d\x94\x93\xcf\xa8\x46\xcb\x19\xb2\xd3\x88\x91\x58\x5b\x21\
\x21\xc0\x2a\x57\x82\x77\x1c\x6b\x6b\xbf\x04\xee\xc6\xab\xe2\x9d\
\x63\x49\xf1\xd7\x8b\xfc\x3f\xff\x00\x09\x03\xc7\x7d\x79\x67\x65\
\x16\x9b\x25\xbb\x4c\x96\xd0\x5b\x6e\x06\x7b\x49\x64\x19\x8e\xde\
\x3c\x8d\xf8\xc8\x24\x63\x35\xf3\x85\x94\x1e\x2b\xf0\x0f\xc4\xcd\
\x5a\xfc\xaf\x8c\x3c\x67\x6f\xaa\x69\x96\x56\xe9\x78\xb7\x1a\x6c\
\x52\xc4\xd0\xcb\x76\xcd\x13\x29\x6b\x71\xb4\x09\x95\x81\x0a\x79\
\x76\xe7\x80\x07\xd6\x52\xab\x42\xa5\x29\x28\xba\x4f\xdc\x85\xa2\
\xd2\x8b\xe6\x5c\x8a\x5e\xf5\xa3\xaf\xc4\xfe\x3d\x7c\xee\xd1\xf0\
\x55\xe8\xe2\xa8\xd6\x84\xa4\xab\xc7\xf7\xb3\x6e\x71\x93\x9c\x79\
\x5f\xb4\x71\xf7\x39\xa7\xa6\xb1\x49\x3a\x76\x8e\x9b\x59\x33\xe9\
\xe6\xf1\x0f\xc5\x15\x8c\xb3\x78\x43\xe1\xea\x81\xff\x00\x53\x9d\
\xe7\xff\x00\x2a\xeb\x82\xf0\x8f\xfc\x14\x17\xc2\x17\x13\xeb\xb6\
\x5e\x29\xbc\xf0\xff\x00\x87\x75\x5d\x13\x50\xfb\x11\x8a\xcf\x53\
\x7b\xeb\x7b\x94\x30\xc5\x20\x95\x24\x78\x61\x6c\x6e\x91\x90\x82\
\x9c\x18\x8f\x27\x35\x95\xf0\x7b\xe2\xbf\x88\x56\xe3\x5a\x1f\xf0\
\xaf\xbc\x77\xa8\x33\xdb\x60\x81\x7d\xa4\x7e\xef\xdc\xee\xbe\x5e\
\x3e\x99\xaf\xce\x7f\x1e\xe8\x3a\x8e\xa1\xf1\x17\xc4\x17\x32\x78\
\x7f\x55\xb7\x8e\x5d\x4e\x46\x31\x49\x6c\xa5\xe2\xe0\x7c\xa7\x69\
\x2b\x9f\xa1\x23\xde\xbf\x2e\xf1\x0b\x89\x2b\x64\x98\x27\x53\x0f\
\x46\x9b\x6e\x2b\x97\x96\xa5\xe4\xe4\xe7\x05\x65\x1f\x69\x2b\xfb\
\xae\x4d\xe9\xa5\xb7\x3f\x55\xf0\xdb\x86\x69\x67\xd9\x8c\x69\x54\
\xc4\x56\xe5\x4d\xf3\xf3\x52\xe5\x8a\x8a\xa7\x51\xdd\xcb\xd9\x45\
\x27\xce\xa0\x97\xbd\xad\xed\x66\x7e\xca\xf8\x43\xc6\x5a\x57\x8e\
\xfc\x3f\x69\xaa\xe9\x57\x0b\x75\x65\x75\xfe\xaa\x48\xb9\x06\xaf\
\xf9\xfe\xd5\xe4\x5f\xb1\x32\x1b\x0f\xd9\x87\xc3\x29\xe5\x4b\x0b\
\xf9\x00\x79\x72\xc7\x5e\xb3\xe7\xfb\x57\xad\x95\xe2\xdd\x7c\x25\
\x3c\x55\x5d\xe6\xae\x72\xe2\xe8\xd2\xc2\xe2\xea\x51\xa7\xb2\x7f\
\xa9\x56\xe3\xf7\xda\x6d\xf4\x7f\xf4\xeb\x5f\x3e\xcf\x63\x7d\x04\
\x3f\xf1\xed\x77\xff\x00\x7e\xab\x9c\xff\x00\x82\x91\xeb\x30\x5f\
\xdc\x7c\x17\xf0\xd7\x8a\x2f\xbf\xb3\xfe\x14\xf8\xdf\xc7\x89\xa2\
\xf8\xe9\xde\xe4\xda\xdb\x5e\x5a\x3e\x9d\x7c\xf6\x96\x37\x32\x86\
\x05\x6d\xae\x75\x04\xb3\x85\xd0\x90\xb3\x09\x04\x2f\x94\x95\x91\
\xfe\x73\xfd\xa4\x7c\x07\xe0\xcd\x07\xe1\x8f\xed\x21\xf0\x59\x3e\
\x03\x7c\x33\xf8\x53\x61\x6e\x9e\x06\xbb\xbd\x83\xc1\x3a\xc4\x92\
\x69\x3e\x23\xd3\xf5\x0f\x10\xcb\x04\x6d\x2d\x92\xd9\x59\x45\x6d\
\x77\xe5\xdb\x48\xb2\xbc\x6b\x23\x3a\xbc\x48\x66\x75\x86\x3c\x75\
\xca\xa3\x8c\x65\x34\xaf\x66\xf4\xef\x6b\x3b\x7e\x27\x27\x22\xba\
\x4f\x6b\x26\xfc\xae\xf9\x51\xf6\xd7\xc4\x4d\x59\x7e\x19\x78\x37\
\x4b\xb9\xd0\x0c\x16\x7a\x8e\xa0\x44\x37\x07\xfb\xc2\xb1\x7e\x11\
\xf8\xce\xff\x00\xc4\x3f\x11\x2c\xec\xef\x61\xd2\xe5\xb7\x9c\x1f\
\x37\xfd\x1e\x3e\x6b\xf2\x47\xf6\xad\xf1\x0e\xab\xf1\x47\xf6\x6d\
\xf1\x97\xc1\x5d\x6e\xe6\xe2\xf2\xf7\xe0\x3e\x95\xac\x4d\xe2\xe9\
\xe7\x90\x4d\x25\xf8\xb1\x88\xc3\xa0\xbc\xa7\x19\xdd\x75\x1c\x91\
\x5f\x06\xea\x1e\xc9\x87\x3c\x91\xf7\x47\xfc\x13\xd6\x65\x3f\xb7\
\x87\xc6\x0d\xdd\x4d\xfe\x8b\x8f\xfc\x14\xc1\x5f\x86\x66\x79\x96\
\x2f\x17\x9d\xd0\xaa\xa5\xcb\x4f\x9d\xda\x16\xe8\x9c\x52\x77\xbf\
\x5e\x6b\xad\x36\xb3\xbb\xb9\xf7\x54\x30\xd4\xb0\xf8\x0a\x94\xe2\
\xbd\xe5\xbb\xbf\x5d\x5d\xbc\xd2\xfd\x4f\xd0\x5b\xf8\x23\xb1\x58\
\x63\x82\x38\xe2\x8f\xfd\x8a\xaf\x53\xf8\x9f\xac\x35\x9b\xe7\xfb\
\xd7\xee\xb0\xf8\x51\xf0\x4d\x99\x5e\x20\xf0\xee\x93\xe3\x2f\x0d\
\x6a\x3a\x46\xbd\xa5\xe9\xfa\xe6\x89\xac\x5b\x3d\xa5\xf5\x85\xfd\
\xb2\x5c\xda\xde\xc0\xea\x55\xe2\x96\x27\x05\x5d\x19\x49\x05\x58\
\x10\x41\x20\x8a\xe5\x3e\x1d\xfe\xcc\xbf\x08\xfe\x10\x78\x47\x51\
\xf0\xf7\x84\xbe\x12\xfc\x36\xf0\xbe\x83\xac\xdc\xc3\x7b\x7d\xa6\
\x69\x1e\x19\xb2\xb1\xb3\xbd\x9e\x26\x57\x86\x59\x62\x8a\x35\x47\
\x92\x36\x45\x65\x66\x04\xa9\x50\x41\x04\x0a\x28\xaa\x4b\x74\x0b\
\x5e\x5b\x92\x6a\x1f\xb3\xc7\xc3\xaf\x12\xcd\xe2\x49\xef\xbc\x07\
\xe1\x7b\xa9\xbc\x5f\x1a\x5b\x6b\x6d\x36\x9d\x0c\x87\x59\x44\x42\
\x88\x97\x39\x5f\xdf\x2a\xa1\x2a\x03\xe4\x00\x48\x1c\x56\x4e\xbd\
\xfb\x12\xfc\x11\xf1\x57\xc4\xfb\x6f\x19\xea\xbf\x07\x7e\x1a\xeb\
\x1e\x32\xb0\x96\x19\xe1\xd7\x2f\xfc\x39\x67\x73\xa8\xc0\xf0\xed\
\x30\xc8\xb3\xbc\x66\x40\xd1\xed\x5d\x84\x36\x57\x68\xc6\x31\x45\
\x15\x95\x1c\xa7\x07\x4e\xbf\xb4\x85\x24\xa5\xde\xda\xff\x00\x5a\
\x21\xd6\xc7\x56\x6f\xd9\xb9\x68\x7a\x8d\xfe\xbd\xfd\xa7\xd6\x3f\
\xf5\x35\x1d\x14\x56\xac\x47\xff\xd9\
\x00\x00\x03\x6c\
\xff\
\xd8\xff\xe0\x00\x10\x4a\x46\x49\x46\x00\x01\x01\x01\x00\x78\x00\
\x78\x00\x00\xff\xdb\x00\x43\x00\x0a\x07\x07\x09\x07\x06\x0a\x09\
\x08\x09\x0b\x0b\x0a\x0c\x0f\x19\x10\x0f\x0e\x0e\x0f\x1e\x16\x17\
\x12\x19\x24\x20\x26\x25\x23\x20\x23\x22\x28\x2d\x39\x30\x28\x2a\
\x36\x2b\x22\x23\x32\x44\x32\x36\x3b\x3d\x40\x40\x40\x26\x30\x46\
\x4b\x45\x3e\x4a\x39\x3f\x40\x3d\xff\xdb\x00\x43\x01\x0b\x0b\x0b\
\x0f\x0d\x0f\x1d\x10\x10\x1d\x3d\x29\x23\x29\x3d\x3d\x3d\x3d\x3d\
\x3d\x3d\x3d\x3d\x3d\x3d\x3d\x3d\x3d\x3d\x3d\x3d\x3d\x3d\x3d\x3d\
\x3d\x3d\x3d\x3d\x3d\x3d\x3d\x3d\x3d\x3d\x3d\x3d\x3d\x3d\x3d\x3d\
\x3d\x3d\x3d\x3d\x3d\x3d\x3d\x3d\x3d\x3d\x3d\x3d\x3d\xff\xc0\x00\
\x11\x08\x00\x27\x00\x2b\x03\x01\x22\x00\x02\x11\x01\x03\x11\x01\
\xff\xc4\x00\x1f\x00\x00\x01\x05\x01\x01\x01\x01\x01\x01\x00\x00\
\x00\x00\x00\x00\x00\x00\x01\x02\x03\x04\x05\x06\x07\x08\x09\x0a\
\x0b\xff\xc4\x00\xb5\x10\x00\x02\x01\x03\x03\x02\x04\x03\x05\x05\
\x04\x04\x00\x00\x01\x7d\x01\x02\x03\x00\x04\x11\x05\x12\x21\x31\
\x41\x06\x13\x51\x61\x07\x22\x71\x14\x32\x81\x91\xa1\x08\x23\x42\
\xb1\xc1\x15\x52\xd1\xf0\x24\x33\x62\x72\x82\x09\x0a\x16\x17\x18\
\x19\x1a\x25\x26\x27\x28\x29\x2a\x34\x35\x36\x37\x38\x39\x3a\x43\
\x44\x45\x46\x47\x48\x49\x4a\x53\x54\x55\x56\x57\x58\x59\x5a\x63\
\x64\x65\x66\x67\x68\x69\x6a\x73\x74\x75\x76\x77\x78\x79\x7a\x83\
\x84\x85\x86\x87\x88\x89\x8a\x92\x93\x94\x95\x96\x97\x98\x99\x9a\
\xa2\xa3\xa4\xa5\xa6\xa7\xa8\xa9\xaa\xb2\xb3\xb4\xb5\xb6\xb7\xb8\
\xb9\xba\xc2\xc3\xc4\xc5\xc6\xc7\xc8\xc9\xca\xd2\xd3\xd4\xd5\xd6\
\xd7\xd8\xd9\xda\xe1\xe2\xe3\xe4\xe5\xe6\xe7\xe8\xe9\xea\xf1\xf2\
\xf3\xf4\xf5\xf6\xf7\xf8\xf9\xfa\xff\xc4\x00\x1f\x01\x00\x03\x01\
\x01\x01\x01\x01\x01\x01\x01\x01\x00\x00\x00\x00\x00\x00\x01\x02\
\x03\x04\x05\x06\x07\x08\x09\x0a\x0b\xff\xc4\x00\xb5\x11\x00\x02\
\x01\x02\x04\x04\x03\x04\x07\x05\x04\x04\x00\x01\x02\x77\x00\x01\
\x02\x03\x11\x04\x05\x21\x31\x06\x12\x41\x51\x07\x61\x71\x13\x22\
\x32\x81\x08\x14\x42\x91\xa1\xb1\xc1\x09\x23\x33\x52\xf0\x15\x62\
\x72\xd1\x0a\x16\x24\x34\xe1\x25\xf1\x17\x18\x19\x1a\x26\x27\x28\
\x29\x2a\x35\x36\x37\x38\x39\x3a\x43\x44\x45\x46\x47\x48\x49\x4a\
\x53\x54\x55\x56\x57\x58\x59\x5a\x63\x64\x65\x66\x67\x68\x69\x6a\
\x73\x74\x75\x76\x77\x78\x79\x7a\x82\x83\x84\x85\x86\x87\x88\x89\
\x8a\x92\x93\x94\x95\x96\x97\x98\x99\x9a\xa2\xa3\xa4\xa5\xa6\xa7\
\xa8\xa9\xaa\xb2\xb3\xb4\xb5\xb6\xb7\xb8\xb9\xba\xc2\xc3\xc4\xc5\
\xc6\xc7\xc8\xc9\xca\xd2\xd3\xd4\xd5\xd6\xd7\xd8\xd9\xda\xe2\xe3\
\xe4\xe5\xe6\xe7\xe8\xe9\xea\xf2\xf3\xf4\xf5\xf6\xf7\xf8\xf9\xfa\
\xff\xda\x00\x0c\x03\x01\x00\x02\x11\x03\x11\x00\x3f\x00\xf6\x21\
\xc9\xf6\xa5\xc0\xf5\x15\x1b\x1f\xdd\x3f\xfb\xb5\x89\xb9\xcf\xf1\
\xb7\xe7\x40\x1b\xf8\x1e\xb5\x9a\xfe\x20\xd3\x11\x99\x5a\xe9\x03\
\x29\xc1\x14\x69\x84\x99\x25\xcb\x13\xf2\xf7\x35\xe7\x97\x71\x39\
\xbd\x9c\xf9\x2f\x8f\x30\xff\x00\x0d\x70\x63\xb1\x53\xc3\xa8\xf2\
\x2b\xdc\xf4\x30\x18\x48\x62\x5c\xb9\x9d\xac\x7a\x8c\x33\xc5\x71\
\x12\xcb\x0b\x6e\x46\xe8\x45\x3b\x35\x9b\xa0\x7c\xba\x1d\xb8\xc1\
\x07\x1d\x08\xad\x1c\xd7\x6d\x39\x73\x45\x49\xf5\x38\x66\x94\x64\
\xd2\x1a\x79\x47\x1f\xec\xd6\x29\x57\x03\xee\xb7\xe5\x5b\x71\x1c\
\xb5\x4a\x40\xc7\x41\x54\x49\x93\x74\xe2\xce\xda\x27\xb6\x21\x64\
\x7e\x1a\xa2\xb2\xb9\x92\x6b\xc4\x49\x04\x65\x4f\x5f\x94\x55\x39\
\xf1\xf6\x99\x39\xfe\x2a\x9b\x4d\x23\xed\xf1\xd7\x84\xf1\x72\xab\
\x88\x8d\xb4\x57\xd8\xf4\x3d\x8a\x85\x26\x6f\x38\x0b\x80\xa0\x01\
\xed\x4d\xa7\x4d\xd4\x54\x79\xaf\x74\xf3\xc4\x56\xda\x73\x4f\xf3\
\xcf\xa5\x14\x50\x04\x1e\x4c\x0c\x49\x30\xae\x4d\x39\x23\x86\x37\
\x0c\x91\x28\x61\xde\x8a\x2a\x3d\x94\x13\xbf\x2a\x29\xce\x5d\xc7\
\xb4\x9b\xfb\x74\xa4\xa2\x8a\xb2\x4f\xff\xd9\
\x00\x00\x05\xe4\
\xff\
\xd8\xff\xe0\x00\x10\x4a\x46\x49\x46\x00\x01\x01\x01\x00\x78\x00\
\x78\x00\x00\xff\xe1\x00\x22\x45\x78\x69\x66\x00\x00\x4d\x4d\x00\
\x2a\x00\x00\x00\x08\x00\x01\x01\x12\x00\x03\x00\x00\x00\x01\x00\
\x01\x00\x00\x00\x00\x00\x00\xff\xdb\x00\x43\x00\x02\x01\x01\x02\
\x01\x01\x02\x02\x02\x02\x02\x02\x02\x02\x03\x05\x03\x03\x03\x03\
\x03\x06\x04\x04\x03\x05\x07\x06\x07\x07\x07\x06\x07\x07\x08\x09\
\x0b\x09\x08\x08\x0a\x08\x07\x07\x0a\x0d\x0a\x0a\x0b\x0c\x0c\x0c\
\x0c\x07\x09\x0e\x0f\x0d\x0c\x0e\x0b\x0c\x0c\x0c\xff\xdb\x00\x43\
\x01\x02\x02\x02\x03\x03\x03\x06\x03\x03\x06\x0c\x08\x07\x08\x0c\
\x0c\x0c\x0c\x0c\x0c\x0c\x0c\x0c\x0c\x0c\x0c\x0c\x0c\x0c\x0c\x0c\
\x0c\x0c\x0c\x0c\x0c\x0c\x0c\x0c\x0c\x0c\x0c\x0c\x0c\x0c\x0c\x0c\
\x0c\x0c\x0c\x0c\x0c\x0c\x0c\x0c\x0c\x0c\x0c\x0c\x0c\x0c\x0c\x0c\
\x0c\xff\xc0\x00\x11\x08\x00\x27\x00\x2b\x03\x01\x22\x00\x02\x11\
\x01\x03\x11\x01\xff\xc4\x00\x1f\x00\x00\x01\x05\x01\x01\x01\x01\
\x01\x01\x00\x00\x00\x00\x00\x00\x00\x00\x01\x02\x03\x04\x05\x06\
\x07\x08\x09\x0a\x0b\xff\xc4\x00\xb5\x10\x00\x02\x01\x03\x03\x02\
\x04\x03\x05\x05\x04\x04\x00\x00\x01\x7d\x01\x02\x03\x00\x04\x11\
\x05\x12\x21\x31\x41\x06\x13\x51\x61\x07\x22\x71\x14\x32\x81\x91\
\xa1\x08\x23\x42\xb1\xc1\x15\x52\xd1\xf0\x24\x33\x62\x72\x82\x09\
\x0a\x16\x17\x18\x19\x1a\x25\x26\x27\x28\x29\x2a\x34\x35\x36\x37\
\x38\x39\x3a\x43\x44\x45\x46\x47\x48\x49\x4a\x53\x54\x55\x56\x57\
\x58\x59\x5a\x63\x64\x65\x66\x67\x68\x69\x6a\x73\x74\x75\x76\x77\
\x78\x79\x7a\x83\x84\x85\x86\x87\x88\x89\x8a\x92\x93\x94\x95\x96\
\x97\x98\x99\x9a\xa2\xa3\xa4\xa5\xa6\xa7\xa8\xa9\xaa\xb2\xb3\xb4\
\xb5\xb6\xb7\xb8\xb9\xba\xc2\xc3\xc4\xc5\xc6\xc7\xc8\xc9\xca\xd2\
\xd3\xd4\xd5\xd6\xd7\xd8\xd9\xda\xe1\xe2\xe3\xe4\xe5\xe6\xe7\xe8\
\xe9\xea\xf1\xf2\xf3\xf4\xf5\xf6\xf7\xf8\xf9\xfa\xff\xc4\x00\x1f\
\x01\x00\x03\x01\x01\x01\x01\x01\x01\x01\x01\x01\x00\x00\x00\x00\
\x00\x00\x01\x02\x03\x04\x05\x06\x07\x08\x09\x0a\x0b\xff\xc4\x00\
\xb5\x11\x00\x02\x01\x02\x04\x04\x03\x04\x07\x05\x04\x04\x00\x01\
\x02\x77\x00\x01\x02\x03\x11\x04\x05\x21\x31\x06\x12\x41\x51\x07\
\x61\x71\x13\x22\x32\x81\x08\x14\x42\x91\xa1\xb1\xc1\x09\x23\x33\
\x52\xf0\x15\x62\x72\xd1\x0a\x16\x24\x34\xe1\x25\xf1\x17\x18\x19\
\x1a\x26\x27\x28\x29\x2a\x35\x36\x37\x38\x39\x3a\x43\x44\x45\x46\
\x47\x48\x49\x4a\x53\x54\x55\x56\x57\x58\x59\x5a\x63\x64\x65\x66\
\x67\x68\x69\x6a\x73\x74\x75\x76\x77\x78\x79\x7a\x82\x83\x84\x85\
\x86\x87\x88\x89\x8a\x92\x93\x94\x95\x96\x97\x98\x99\x9a\xa2\xa3\
\xa4\xa5\xa6\xa7\xa8\xa9\xaa\xb2\xb3\xb4\xb5\xb6\xb7\xb8\xb9\xba\
\xc2\xc3\xc4\xc5\xc6\xc7\xc8\xc9\xca\xd2\xd3\xd4\xd5\xd6\xd7\xd8\
\xd9\xda\xe2\xe3\xe4\xe5\xe6\xe7\xe8\xe9\xea\xf2\xf3\xf4\xf5\xf6\
\xf7\xf8\xf9\xfa\xff\xda\x00\x0c\x03\x01\x00\x02\x11\x03\x11\x00\
\x3f\x00\xfd\xea\x83\xf7\xf3\x7f\xd3\x2a\x97\xc9\x8f\xfb\xf1\x56\
\x55\xfc\xf9\xd0\xaf\xbf\xeb\xda\xbe\x79\xfb\x75\xf4\xe7\xfe\x3f\
\xae\xff\x00\xef\xed\x00\x7d\x31\xe5\xc6\x23\x2c\xd2\x6d\xc5\x79\
\x26\xad\xfb\x71\xfc\x2e\xd2\x75\x0b\xab\x59\xfc\x53\xa6\xc3\x71\
\x67\x27\x95\x2c\x7b\xba\x1a\x67\xc0\xb9\x64\xb8\xbc\xd7\x04\x97\
\x13\x4c\x7e\xcb\xff\x00\x2d\x24\xce\x2b\xf2\xdf\xe2\x67\x87\x2f\
\xae\x3e\x27\x78\x8a\x4f\xec\x5d\x43\xc9\xfe\xd4\x97\xfe\x5d\x6b\
\xf3\x1f\x11\xf8\xcf\x1b\x90\x43\x0f\xf5\x1a\x7e\xd3\xda\x1f\xa7\
\xf8\x63\xc0\xf8\x2e\x23\xa9\x89\xfa\xd5\x5f\x67\xec\x92\x7d\x35\
\xdc\xfd\x90\xf0\x97\x8c\x74\x9f\x1d\x68\x16\xba\xae\x93\x70\xb7\
\x56\x37\x5f\xea\xa4\x8b\x90\x6a\xf7\x9d\x5e\x47\xfb\x13\x03\x61\
\xfb\x2f\xf8\x66\x3f\x2a\x58\x64\xf2\x00\xf2\xe5\x8e\xbd\x63\xcf\
\xaf\xbf\xcb\x71\xce\xae\x0e\x9e\x32\xa6\xf3\x57\x3f\x3d\xc6\x52\
\xa5\x85\xc5\xd4\xa5\x4f\x64\xff\x00\x52\xac\xff\x00\xbf\xd3\x6f\
\xe3\xff\x00\xa7\x5a\xf9\xf6\x7b\x1b\xe8\x21\xff\x00\x8f\x6b\xbf\
\xfb\xf5\x5c\xf7\xfc\x14\x7b\x58\xb7\xd4\x6e\xfe\x0a\xf8\x67\xc5\
\x57\xdf\xd9\xdf\x09\xfc\x71\xe3\xe8\xf4\x4f\x1d\xc8\xf7\x46\xd2\
\xda\xf2\xd1\xf4\xeb\xe7\xb4\xb1\xb9\x94\x30\x2b\x6d\x73\xa8\x25\
\x9c\x2e\x84\x85\x98\x48\x21\x7c\xa4\xac\x8f\xf3\x97\xed\x27\xf0\
\xff\x00\xc1\x7a\x0f\xc3\x1f\xda\x4b\xe0\xaa\xfc\x05\xf8\x63\xf0\
\xa6\xc6\xdd\x3c\x0d\x77\x7d\x07\x82\x35\x99\x25\xd2\x3c\x49\xa7\
\xea\x1e\x21\x96\x08\xda\x5b\x25\xb1\xb2\x8a\xda\xef\xcb\xb6\x91\
\x65\x78\xd6\x46\x75\x78\x90\xcc\xeb\x0c\x78\xec\x94\xa4\xa1\x29\
\xc5\x5e\xcd\xa4\xbb\xb5\xca\xec\xdf\x4f\x89\x69\xab\xb6\xb6\xb6\
\xa7\x2b\x8c\x53\x4a\x5b\x5a\x2d\xf9\x29\x49\xc1\x7a\xea\xbd\x35\
\x4a\xfd\xbe\xda\xf8\x89\xab\x2f\xc3\x1f\x06\xe9\x77\x5e\x1f\x30\
\x59\xea\x3a\x81\x10\xdc\x1f\xef\x0a\xc7\xf8\x45\xe3\x8d\x43\xc4\
\x5f\x11\x6c\xac\xef\xa1\xd2\xa5\xb6\x98\x1f\x37\xfd\x1a\x3e\x6b\
\xf2\x2b\xf6\xb2\xf1\x0e\xad\xf1\x47\xf6\x6a\xf1\xa7\xc1\x4d\x72\
\xe2\x7b\xcb\xef\x80\xba\x56\xb3\x3f\x8b\xa6\x9e\x41\x3c\x97\xe2\
\xc2\x23\x0e\x80\xf2\x9c\x67\x75\xd4\x72\x45\x7e\x1b\xa8\x7b\x26\
\x1c\xf2\x47\xdd\x9f\xf0\x4f\x49\x93\xfe\x1b\xc7\xe3\x06\xee\xf7\
\xfa\x2f\xfe\x9a\x60\xaf\xc1\xb3\x1c\xe7\x17\x8d\xcf\x68\x56\x84\
\xf9\x29\x73\xb6\xa9\xdb\x78\xa9\x42\x31\x77\xbe\x9c\xca\x7c\xc9\
\x5b\xe1\xe5\x77\x7c\xda\x7d\xed\x1c\x1d\x2c\x36\x02\xa5\x1e\x5f\
\x79\x6e\xef\xb4\xb5\x6e\x3b\x6a\x95\x96\xba\x5e\xef\x45\x6d\x7f\
\x41\x75\x08\x23\xb1\x58\x63\x82\x38\xe2\x8f\xfd\x8a\xaf\x56\x3c\
\x4f\xf7\xa1\xac\xcf\x3f\xde\xbf\x7b\x5b\x1f\x9f\x99\x5a\xff\x00\
\x87\x74\x9f\x19\x78\x73\x51\xd1\xf5\xed\x2f\x4f\xd7\x34\x5d\x5e\
\xdd\xec\xef\xf4\xfb\xfb\x64\xb9\xb5\xbd\x81\xd4\xab\xc5\x2c\x4e\
\x0a\xba\x32\x92\x0a\xb0\x20\x82\x41\x15\xca\xfc\x3b\xfd\x99\xfe\
\x11\xfc\x20\xf0\x7e\xa5\xe1\xef\x09\x7c\x25\xf8\x6b\xe1\x7d\x03\
\x58\xb9\x86\xf6\xff\x00\x4d\xd2\x3c\x33\x65\x63\x67\x7b\x3c\x2c\
\xaf\x0c\xb2\xc5\x14\x6a\x8f\x24\x6c\x8a\xca\xcc\x09\x52\xa0\x82\
\x08\x14\x51\x4d\x2f\xc4\x37\xb5\xfa\x12\x6a\x1f\xb3\xcf\xc3\x9f\
\x13\x4f\xe2\x49\xaf\xbc\x05\xe1\x7b\xa9\xbc\x61\x12\x5b\xeb\x66\
\x6d\x3a\x19\x0e\xb3\x1a\x21\x44\x4b\x9c\xaf\xef\x95\x50\x95\x01\
\xf2\x00\x24\x0e\x2b\x1f\x5f\xfd\x89\x3e\x07\xf8\xb3\xe2\x8d\xa7\
\x8d\x35\x5f\x83\x7f\x0d\x35\x8f\x1a\x58\x4b\x0c\xd0\x6b\xb7\xfe\
\x1c\xb3\xb9\xd4\x61\x92\x1c\x18\x5d\x67\x78\xcc\x81\xa3\xda\xbb\
\x08\x6c\xae\xd1\x8c\x62\x8a\x2b\x0a\x39\x4e\x06\x9e\x27\xda\x42\
\x8c\x53\xee\x96\xbd\x3f\xc9\x7d\xc3\xad\x98\x57\x6b\x95\xcb\x47\
\xd0\xf5\x2b\xed\x77\xfb\x53\xfe\x59\xff\x00\xa9\xa8\xe8\xa2\xb7\
\x11\xff\xd9\
\x00\x00\x0d\xa7\
\xff\
\xd8\xff\xe0\x00\x10\x4a\x46\x49\x46\x00\x01\x01\x01\x00\x60\x00\
\x60\x00\x00\xff\xe1\x00\x22\x45\x78\x69\x66\x00\x00\x4d\x4d\x00\
\x2a\x00\x00\x00\x08\x00\x01\x01\x12\x00\x03\x00\x00\x00\x01\x00\
\x01\x00\x00\x00\x00\x00\x00\xff\xdb\x00\x43\x00\x02\x01\x01\x02\
\x01\x01\x02\x02\x02\x02\x02\x02\x02\x02\x03\x05\x03\x03\x03\x03\
\x03\x06\x04\x04\x03\x05\x07\x06\x07\x07\x07\x06\x07\x07\x08\x09\
\x0b\x09\x08\x08\x0a\x08\x07\x07\x0a\x0d\x0a\x0a\x0b\x0c\x0c\x0c\
\x0c\x07\x09\x0e\x0f\x0d\x0c\x0e\x0b\x0c\x0c\x0c\xff\xdb\x00\x43\
\x01\x02\x02\x02\x03\x03\x03\x06\x03\x03\x06\x0c\x08\x07\x08\x0c\
\x0c\x0c\x0c\x0c\x0c\x0c\x0c\x0c\x0c\x0c\x0c\x0c\x0c\x0c\x0c\x0c\
\x0c\x0c\x0c\x0c\x0c\x0c\x0c\x0c\x0c\x0c\x0c\x0c\x0c\x0c\x0c\x0c\
\x0c\x0c\x0c\x0c\x0c\x0c\x0c\x0c\x0c\x0c\x0c\x0c\x0c\x0c\x0c\x0c\
\x0c\xff\xc0\x00\x11\x08\x00\x58\x00\x54\x03\x01\x22\x00\x02\x11\
\x01\x03\x11\x01\xff\xc4\x00\x1f\x00\x00\x01\x05\x01\x01\x01\x01\
\x01\x01\x00\x00\x00\x00\x00\x00\x00\x00\x01\x02\x03\x04\x05\x06\
\x07\x08\x09\x0a\x0b\xff\xc4\x00\xb5\x10\x00\x02\x01\x03\x03\x02\
\x04\x03\x05\x05\x04\x04\x00\x00\x01\x7d\x01\x02\x03\x00\x04\x11\
\x05\x12\x21\x31\x41\x06\x13\x51\x61\x07\x22\x71\x14\x32\x81\x91\
\xa1\x08\x23\x42\xb1\xc1\x15\x52\xd1\xf0\x24\x33\x62\x72\x82\x09\
\x0a\x16\x17\x18\x19\x1a\x25\x26\x27\x28\x29\x2a\x34\x35\x36\x37\
\x38\x39\x3a\x43\x44\x45\x46\x47\x48\x49\x4a\x53\x54\x55\x56\x57\
\x58\x59\x5a\x63\x64\x65\x66\x67\x68\x69\x6a\x73\x74\x75\x76\x77\
\x78\x79\x7a\x83\x84\x85\x86\x87\x88\x89\x8a\x92\x93\x94\x95\x96\
\x97\x98\x99\x9a\xa2\xa3\xa4\xa5\xa6\xa7\xa8\xa9\xaa\xb2\xb3\xb4\
\xb5\xb6\xb7\xb8\xb9\xba\xc2\xc3\xc4\xc5\xc6\xc7\xc8\xc9\xca\xd2\
\xd3\xd4\xd5\xd6\xd7\xd8\xd9\xda\xe1\xe2\xe3\xe4\xe5\xe6\xe7\xe8\
\xe9\xea\xf1\xf2\xf3\xf4\xf5\xf6\xf7\xf8\xf9\xfa\xff\xc4\x00\x1f\
\x01\x00\x03\x01\x01\x01\x01\x01\x01\x01\x01\x01\x00\x00\x00\x00\
\x00\x00\x01\x02\x03\x04\x05\x06\x07\x08\x09\x0a\x0b\xff\xc4\x00\
\xb5\x11\x00\x02\x01\x02\x04\x04\x03\x04\x07\x05\x04\x04\x00\x01\
\x02\x77\x00\x01\x02\x03\x11\x04\x05\x21\x31\x06\x12\x41\x51\x07\
\x61\x71\x13\x22\x32\x81\x08\x14\x42\x91\xa1\xb1\xc1\x09\x23\x33\
\x52\xf0\x15\x62\x72\xd1\x0a\x16\x24\x34\xe1\x25\xf1\x17\x18\x19\
\x1a\x26\x27\x28\x29\x2a\x35\x36\x37\x38\x39\x3a\x43\x44\x45\x46\
\x47\x48\x49\x4a\x53\x54\x55\x56\x57\x58\x59\x5a\x63\x64\x65\x66\
\x67\x68\x69\x6a\x73\x74\x75\x76\x77\x78\x79\x7a\x82\x83\x84\x85\
\x86\x87\x88\x89\x8a\x92\x93\x94\x95\x96\x97\x98\x99\x9a\xa2\xa3\
\xa4\xa5\xa6\xa7\xa8\xa9\xaa\xb2\xb3\xb4\xb5\xb6\xb7\xb8\xb9\xba\
\xc2\xc3\xc4\xc5\xc6\xc7\xc8\xc9\xca\xd2\xd3\xd4\xd5\xd6\xd7\xd8\
\xd9\xda\xe2\xe3\xe4\xe5\xe6\xe7\xe8\xe9\xea\xf2\xf3\xf4\xf5\xf6\
\xf7\xf8\xf9\xfa\xff\xda\x00\x0c\x03\x01\x00\x02\x11\x03\x11\x00\
\x3f\x00\xfd\xfc\xa2\x8a\x28\x00\xa2\x8a\x28\x00\xa2\x8a\x28\x01\
\x99\xe0\x8f\xeb\x4a\xb8\x03\xde\xb0\x3c\x69\xf1\x23\xc3\xff\x00\
\x0e\x2d\x52\xe3\x5e\xd6\x74\x9d\x16\x19\x1b\x6a\xc9\x7d\x77\x1c\
\x08\xc7\xd0\x17\x23\x27\x9a\xe6\xff\x00\xe1\xac\xfe\x19\xb7\x07\
\xc7\xde\x0e\x07\xfe\xc3\x36\xff\x00\xfc\x5d\x79\xf5\xf3\x4c\x1d\
\x19\xfb\x3a\xd5\x62\x9f\x9b\x48\xea\xa3\x97\xe2\xea\xc3\x9e\x95\
\x36\xd7\x92\x6c\xf4\x30\x79\xef\xf9\x52\xa8\x1d\x6b\x80\xd2\xff\
\x00\x69\xdf\x87\x7a\xc5\xf4\x56\xb6\xbe\x38\xf0\x9d\xd5\xcc\xe7\
\x6c\x71\xc5\xab\x5b\xb3\xb9\xf4\x0a\x1f\x9a\xef\x03\xf9\xa9\x95\
\x20\x83\xc8\x23\xbd\x6b\x87\xc6\xe1\xf1\x09\xba\x13\x53\xb7\x67\
\x73\x3a\xd8\x5a\xf4\x5a\x55\xa0\xe3\x7e\xea\xc4\x94\x50\x3a\x51\
\x5d\x66\x21\x55\xb5\x1d\x4e\xdb\x48\xb7\xf3\xae\x66\x8e\x08\xfa\
\x6e\x76\xc5\x59\xae\x07\xe3\x96\x4c\x3a\x60\xec\x5a\x5f\xfd\x96\
\x80\x37\x7f\xe1\x69\x68\x5f\xf3\xff\x00\xff\x00\x90\x5f\xff\x00\
\x89\xa3\xfe\x16\x96\x85\xff\x00\x3f\xff\x00\xf9\x05\xff\x00\xf8\
\x9a\xf2\x1d\x86\x8d\x86\x80\x3d\x7b\xfe\x16\x96\x85\xff\x00\x3f\
\xff\x00\xf9\x05\xff\x00\xf8\x9a\xd0\xd1\xbc\x49\x65\xe2\x08\x8b\
\x5a\x5c\xa4\xc5\x7e\xf0\x1c\x32\xfe\x06\xbc\x47\x61\xae\xbb\xe0\
\xbf\xfc\x8d\x97\x1f\xf5\xe8\xdf\xfa\x1a\x50\x07\xc6\xdf\xf0\x55\
\xeb\x46\xbc\xfd\xa4\xb4\xd0\xcd\x98\xe3\xd0\x21\xda\x87\xee\xa9\
\x6b\x8b\x9c\x9f\xfc\x74\x7e\x55\xf3\x37\xf6\x2a\x93\xf7\x56\xbe\
\x8e\xff\x00\x82\xb3\x4b\x24\x3f\xb4\xf6\x9e\x54\xb0\xff\x00\x8a\
\x76\xdf\xa7\xfd\x7c\x5d\x57\xcd\x0b\xab\x5c\x2b\x0f\xde\x9a\xff\
\x00\x3f\x7c\x53\x75\x7f\xd6\x8c\x5a\x8c\xbe\xd7\xe8\x8f\xef\x5f\
\x0b\x28\xc9\xf0\xb6\x0d\xc7\xf9\x5f\xe6\xcb\x3f\xd8\x8a\x4f\xcc\
\xab\xf9\x57\xeb\x9f\xec\xc3\x3c\x97\xbf\xb3\xa7\x81\xa5\x9e\x49\
\x66\x9a\x4d\x06\xc9\xde\x47\x39\x69\x18\xdb\xa6\x49\x3e\xb5\xf9\
\x04\xfa\xa4\xf2\x1c\x19\x5b\xf9\x57\xeb\xc7\xec\x9d\xcf\xec\xc5\
\xf0\xff\x00\xfe\xc5\xeb\x0f\xfd\x27\x8e\xbf\x50\xfa\x3a\x3a\x9f\
\x5e\xc5\xa9\x4b\xec\xaf\xcc\xfc\xc7\xe9\x0d\x49\xc7\x09\x83\x72\
\xfe\x69\x7e\x48\xf4\x51\xc8\xa2\x8a\x2b\xfa\xc8\xfe\x58\x0a\xe0\
\x7e\x37\xc9\xb2\x3d\x30\x6d\xdd\x96\x94\xff\x00\xe8\x35\xdf\x57\
\x9f\xfc\x73\xe9\xa4\xff\x00\xdb\x5f\xfd\xa7\x40\x1c\x32\xcc\x9f\
\xee\xd3\xbc\xc8\xfd\x6a\xb5\x14\x01\x3b\x4c\x9f\xef\x57\x57\xf0\
\x6a\x42\xfe\x29\xb8\xf9\x71\xfe\x8a\xdf\xfa\x1a\x56\x96\x9b\xf0\
\x5e\xd0\xe9\xe8\x6f\x27\xba\x17\x24\x65\xc4\x4c\xaa\xa3\xdb\xa1\
\xac\x3f\x89\x6f\xff\x00\x0a\x3f\x4a\x87\x53\xd2\x73\x71\x71\x71\
\x28\xb5\x71\x76\xdb\xd7\x61\x0c\xf9\x1b\x76\xf3\x94\x5a\xf3\x73\
\x6c\xce\x8e\x5d\x84\xa9\x8d\xc4\x7c\x10\x57\x66\xf8\x5c\x34\xf1\
\x15\x55\x1a\x5f\x14\x8f\x02\xff\x00\x82\x89\xfe\xc7\x1e\x3a\xf8\
\xdd\xf1\x63\x4e\xf1\x17\x85\x74\xf8\x75\x6b\x74\xd2\xe3\xd3\xe5\
\x80\x5c\xc7\x0c\xb1\xb2\x4b\x23\xef\xfd\xe1\x0a\x54\xac\xbf\xde\
\xcf\xca\x6b\xe7\xc3\xff\x00\x04\xe8\xf8\xca\x4e\x3f\xe1\x0b\x94\
\xff\x00\xdc\x4e\xcb\xff\x00\x8e\xd7\xd9\x83\xf6\xac\xf1\x2e\x38\
\xb5\xd1\xff\x00\xef\xd4\x9f\xfc\x72\x95\x3f\x6a\xff\x00\x11\x86\
\x05\xac\xf4\x92\x0f\xfd\x33\x93\xff\x00\x8b\xaf\xe5\x6c\xfa\xb7\
\x87\xf9\xc6\x61\x3c\xc3\x11\x5e\xb2\x9d\x47\x77\x64\xad\xf8\xc5\
\xb3\xfa\x03\x87\xb8\xc7\x8c\x72\x6c\xbe\x9e\x5d\x86\xa5\x49\xc2\
\x9a\xb2\xe6\xbd\xfb\xf4\x92\xfc\x8f\x8d\xac\x7f\xe0\x9c\x3f\x18\
\xee\xaf\x62\x89\xfc\x26\x2d\x92\x46\xc1\x9a\x5d\x4a\xd4\xa4\x7e\
\xe7\x6c\x85\xbf\xef\x95\xaf\xd2\x8f\x83\x1e\x06\x93\xe1\xbf\xc2\
\x7f\x0d\xf8\x7a\x79\x52\xe2\x6d\x0f\x4c\xb7\xb1\x92\x55\x5c\x2c\
\x8d\x1c\x4a\x84\x8f\x63\xb6\xae\x7c\x3f\xf1\x62\x78\xf7\xc2\x16\
\x3a\xac\x49\xe4\x8b\xc5\xcb\x27\xf7\x48\x25\x58\x7e\x60\xd6\xe0\
\xc0\x6c\xe2\xbf\x72\xe0\x1e\x05\xc9\xf2\x38\x3c\x6e\x55\x39\x4d\
\x56\x4b\x59\x35\xb6\xea\xd6\x4b\x73\xf3\x9e\x39\xf1\x03\x36\xe2\
\x27\x0a\x19\x9c\x61\x1f\x64\xde\x90\x4d\x6b\xb3\xbd\xdb\x24\xa2\
\x8e\xb4\x57\xe9\x27\xe7\xc1\x5c\x2f\xc6\xad\x2e\x7b\x9b\x1b\x2b\
\x88\xa3\x77\x8e\xdd\x9f\xcd\x28\xb9\xda\x1b\x6f\x3f\xa5\x77\x55\
\xf2\xcf\xed\x1f\xff\x00\x05\xa9\xfd\x99\xbf\x64\x2f\xda\x2e\x2f\
\x85\x1f\x13\x3e\x25\x7f\xc2\x1b\xe3\x99\xcd\xaf\x97\x69\xa8\x78\
\x7b\x55\x4b\x56\x4b\x9c\x08\xa5\xfb\x60\xb6\x36\xbe\x49\x24\x86\
\x97\xcd\xf2\xd0\xab\x87\x65\x28\xc0\x00\x74\xd4\x57\xb2\xfc\x44\
\xf8\x91\xa0\xfc\x25\xf8\x7b\xac\xf8\xb3\xc4\xba\xad\x96\x8b\xe1\
\xbf\x0f\x58\xcb\xa9\xea\x5a\x8d\xd4\x81\x20\xb3\xb6\x89\x0b\xc9\
\x2b\x37\xf7\x55\x41\x35\xe1\x9f\xb1\x27\xfc\x15\x93\xe0\x0f\xfc\
\x14\x83\x5b\xf1\x0e\x97\xf0\x5f\xc7\x37\x3e\x34\xba\xf0\xbd\xac\
\x77\x5a\xa9\x5f\x0e\xea\xba\x7c\x36\x49\x2b\x32\xc7\xba\x5b\xab\
\x68\xa3\xdc\xe5\x1f\x6a\x06\x2c\x42\x39\x03\x0a\xc4\x4c\xe5\xcb\
\x17\x2e\xc3\x47\xd1\x3e\x62\x9f\xe2\x18\x3e\xf5\xe4\xbf\xb5\x2e\
\xa7\x6d\x75\xe1\xcb\x0b\x25\x9e\x36\xb9\x17\x8b\x23\x46\x1b\x2e\
\xaa\x23\x7c\x92\x3b\x75\x1f\x9d\x7e\x69\xf8\x03\xfe\x0b\xb3\xfb\
\x2d\x78\xf7\xc6\x7a\x47\x87\xf4\x6f\x8a\xab\x75\xab\xeb\xb7\xd1\
\x69\xf6\x50\xc9\xe1\xcd\x5a\x15\x96\x79\xa5\x54\x8d\x4b\xbd\xaa\
\xa2\x02\xcc\x06\xe6\x21\x46\x72\x48\x1c\xd7\xd6\x7a\xd7\x8b\x60\
\xf0\xce\x89\x79\xa8\x5f\x4b\x05\xad\x8d\x84\x2f\x73\x71\x33\xfd\
\xd8\xa3\x45\x2c\xcc\x7d\x80\x04\xfe\x15\xfc\xcb\xc6\x9e\x29\x63\
\x6b\xe0\x67\x95\xe3\x70\x13\xc3\xba\xca\xc9\xcf\x99\x5f\xd1\x38\
\x2b\xfc\x8f\xd2\xf2\x6e\x14\xa1\x0a\xf1\xc5\x51\xc4\xc6\xa2\x86\
\xf6\xb7\xe3\xab\x2e\x0b\x20\x28\xfb\x0f\xb5\x7c\xab\xf0\x9f\xfe\
\x0b\x87\xfb\x33\xfc\x73\xf8\x97\xa2\x78\x3f\xc2\x9f\x12\x53\x53\
\xf1\x17\x88\xee\xd2\xc7\x4e\xb4\xff\x00\x84\x77\x55\x83\xed\x13\
\x39\xc2\xae\xf9\x2d\x55\x17\x27\xbb\x30\x1e\xf5\xdb\x7e\xd3\x3f\
\xf0\x52\x4f\x83\xff\x00\xb2\x2f\xc4\x2d\x0b\xc2\xbf\x11\xbc\x69\
\xff\x00\x08\xee\xbb\xe2\x58\x96\x7d\x36\xd4\x69\x37\xd7\x7f\x69\
\x46\x94\xc4\x0e\xf8\x21\x74\x5f\x9c\x11\x86\x60\x7b\xf4\xe6\xbf\
\x16\xad\xc3\xd8\xfa\x55\xe3\x84\x96\x16\xa2\xa9\x24\xda\x8b\x84\
\x94\x9a\x5b\xb4\xad\x76\x97\x57\x6b\x1f\x71\x0c\xcb\x0f\x2a\x6e\
\xac\x6a\xc5\xc5\x68\xdf\x32\xb5\xfb\x5e\xf6\x3f\x41\xbf\x67\x54\
\xf2\xfe\x0f\xe9\x43\xde\x6f\xfd\x1c\xf5\xdc\xaf\xdd\xae\x17\xf6\
\x6f\x1f\xf1\x66\xb4\x8f\xfb\x6d\xff\x00\xa3\x9e\xbb\xa5\xfb\xa2\
\xbf\xb7\xb8\x37\xfe\x44\x18\x2f\xfa\xf5\x0f\xfd\x25\x1f\x86\x67\
\x3f\xef\xf5\xff\x00\xc7\x2f\xcd\x8b\x45\x14\x57\xd3\x9e\x70\x57\
\xe6\x5f\xfc\x1c\xdd\xff\x00\x04\x8b\xff\x00\x87\x8a\x7e\xc7\xef\
\xe3\x7f\x07\x69\x89\x71\xf1\x73\xe1\x45\xbc\xba\x86\x9a\xb1\x46\
\x4c\xfa\xe6\x9a\x01\x7b\x9d\x3c\x05\x04\xbb\xe0\x79\xb0\x8c\x13\
\xe6\x29\x41\x8f\x39\x8d\x7e\x9a\x57\xc8\xbf\xf0\x5a\xcf\xf8\x2a\
\x26\x8d\xff\x00\x04\xa8\xfd\x89\xb5\xbf\x1b\x3c\xb6\xb7\x1e\x38\
\xd6\xc3\xe9\x1e\x0d\xd2\xe5\x1b\xfe\xdb\xa8\xba\x1c\x4a\xeb\xde\
\x18\x17\x32\xc8\x4e\x01\x0a\xa9\x90\xd2\x2e\x40\x3f\x9c\x4f\x8a\
\x1f\xf0\x5a\xef\x8d\x5f\xb7\x57\xfc\x13\x8b\xe1\x47\xec\x7b\x61\
\xa7\xdf\xea\x7a\xf7\xf6\xbc\x1a\x2d\xde\xa3\x04\xfe\x6d\xe7\x8b\
\xed\x51\xe2\x4d\x2a\xc0\x82\x06\x0a\xc8\x40\x72\x49\x32\x79\x16\
\xe4\xb7\xfa\xc0\x7f\xa4\x7f\xf8\x23\x8f\xfc\x13\x33\x45\xff\x00\
\x82\x56\xfe\xc3\xba\x17\xc3\xdb\x61\x6b\x77\xe2\xcb\xe1\xfd\xad\
\xe2\xdd\x52\x2f\x9b\xfb\x47\x53\x91\x07\x98\x15\x88\x04\xc3\x12\
\x85\x8a\x31\x81\xf2\xc6\x18\x8d\xcc\xc4\xff\x00\x2c\x7f\x09\x74\
\x0f\xda\x13\xf6\x12\x97\xe1\x3f\xed\xbc\x9a\x34\xf1\xe9\x9a\xff\
\x00\x8c\x2f\x26\xd2\x35\x8b\xc8\xd5\xe3\xd5\xae\x63\x24\xdc\x89\
\xd0\x0f\x92\x2b\xa5\x7b\xb8\x95\xb8\x66\xf2\x6e\x0a\xed\xda\xac\
\x7f\xaf\x4f\xd8\x9f\xf6\xc0\xf0\x87\xed\xef\xfb\x2e\xf8\x4b\xe2\
\xaf\x81\xee\x8c\xda\x0f\x8b\x2c\x84\xe2\x17\x60\x67\xd3\xe7\x04\
\xa4\xd6\xb3\x01\xc0\x96\x29\x03\x23\x76\x25\x72\x32\x08\x26\x2a\
\x45\xca\x0e\x2b\xa8\xd6\xe7\xf1\x23\xf0\xb3\xe1\x26\xb1\xe3\x3f\
\x03\x78\xe3\xc5\xda\x5d\xcb\xda\xc7\xf0\xde\xc2\xd3\x56\x9d\xe2\
\x66\x59\x94\xcb\x7f\x6f\x69\x1b\x21\x1c\xae\xd7\x9c\x36\xec\xf1\
\xb4\x7a\xf1\xfb\xe5\xff\x00\x05\x11\xfd\xbc\x62\xd4\x3f\xe0\x85\
\xf7\x3f\x12\xac\xa6\x8a\x2d\x4b\xe2\x9f\x86\x6c\xb4\x98\x23\xf3\
\x42\x15\xb8\xd4\x11\x63\xbb\x8d\x4a\xff\x00\x1c\x71\xfd\xa8\xe0\
\x77\x88\xf4\xe6\xbe\x00\xff\x00\x83\x76\x7f\x63\x5b\xaf\xdb\x77\
\x44\xfd\xaa\xfc\x1d\x03\xac\x2d\x7f\xf0\xb6\x7b\x5b\x69\x1a\x21\
\x2a\x8b\xd9\x26\x0d\x68\x08\xc8\x3f\xeb\x62\x0d\xc7\xf7\x3b\x1c\
\x57\x86\x7c\x28\xf8\xcf\xac\x7e\xdb\x7f\x02\x3f\x67\x0f\xd9\x32\
\xd5\xaf\x23\x91\x7e\x23\xcf\x6c\xd2\x24\x5b\xd4\x43\x7f\x35\xba\
\x5a\xc8\xa7\x27\xe6\x8d\xee\xb5\x22\xe0\xae\x02\xf9\x67\x3f\x78\
\x0f\xcd\x38\xaf\x84\xeb\xe7\x79\x96\x16\xad\x68\x7b\x98\x7a\xd1\
\x92\x7a\x7b\xd4\xdc\x13\x92\xef\x7f\x69\x14\xbd\x1f\x91\xf4\xb9\
\x4e\x6d\x4f\x05\x86\xab\x08\x3d\x6a\x41\xaf\xfb\x7a\xed\x2f\xfc\
\x95\xfe\x03\xbf\x61\x4f\x84\x37\x1f\x03\xbf\xe0\xad\x5f\x02\xb4\
\x1b\xa3\x37\xda\x24\xd4\x3c\x33\xac\x48\xb2\xae\xd7\x88\xdf\xe9\
\xd6\x97\xfe\x59\x1d\x8a\xfd\xa7\x6e\x0f\x23\x6f\x3c\xd7\xd6\xff\
\x00\xf0\x72\xb7\xfc\xa4\x1f\xe0\x5f\xfd\x82\x6d\xff\x00\xf4\xe4\
\xf5\xb3\xfb\x5f\xfe\xce\x90\xfc\x34\xff\x00\x83\xb3\x7c\x09\xe1\
\x5b\x5b\xf4\x36\xda\x96\xbf\xe1\x53\x0b\x25\xb6\xc5\xb4\x4f\xec\
\xeb\x58\x55\x02\xef\x39\x00\x44\x0f\x51\xd7\x1d\xb2\x75\xff\x00\
\xe0\xea\x4f\x84\xc7\xe1\xbf\xfc\x14\xa7\xf6\x7d\xd3\xcd\xff\x00\
\xdb\x3e\xdd\xa3\x5b\x3e\xff\x00\x27\xcb\xd9\x9d\x55\xd7\xa6\x4e\
\x6b\x0a\xb9\x1e\x6b\x89\xe2\x0c\x06\x69\x5a\x9d\x94\x70\xf2\x8d\
\x4d\x56\x95\x24\x9d\xd6\xfa\xea\xf7\x5a\x1a\x43\x1f\x84\xa5\x97\
\xd7\xc2\x42\x5a\xba\x89\xc7\x47\xac\x53\x5a\xfd\xc7\xf4\x3d\xfb\
\x38\x90\x7e\x0d\xe9\x03\xfe\xbb\x7f\xe8\xe7\xae\xeb\x39\x19\xcd\
\x64\x78\x3b\xc2\xb0\x78\x33\xc3\xb6\xba\x65\xb6\xef\x22\xd1\x36\
\x2b\x1e\xad\xdc\x93\xf5\x24\xd6\xb2\x72\x48\xf4\xaf\xba\xe1\xcc\
\x0d\x4c\x1e\x55\x86\xc1\xd6\xf8\xa9\xd3\x8a\x7e\xa9\x24\xcf\x03\
\x30\xaf\x1a\xd8\xaa\x95\xa1\xb4\xa4\xdf\xde\xc9\x28\xa2\x8a\xf6\
\xce\x40\xaf\xc6\xff\x00\xf8\x2a\x6f\xfc\x10\x2f\xf6\x8d\xff\x00\
\x82\xb7\xff\x00\xc1\x46\x74\x3f\x18\x7c\x40\xf1\xdf\xc3\x3d\x07\
\xe0\x47\x86\xee\xa3\xd3\xf4\xdd\x17\x4c\xd5\xb5\x09\xf5\x8b\x4d\
\x24\x3a\xb5\xcc\x8b\x1b\xd9\x2c\x02\xf6\xe4\xae\x59\xbc\xcd\xa8\
\x04\x4b\x99\x04\x40\xb1\x45\x00\x7e\x8e\x7e\xd3\xbf\xf0\x4f\x2f\
\x86\xdf\xb4\xff\x00\xec\x2d\xaa\x7e\xcf\x9a\x8e\x8f\x06\x91\xe0\
\x3b\x9d\x12\x1d\x1b\x4c\x86\xc6\x25\x56\xd0\xbe\xce\xaa\x2d\x26\
\xb7\x07\x80\xf0\x34\x71\xb2\x83\xc1\xdb\x86\xca\xb1\x07\xe2\x0f\
\xf8\x37\xd7\xfe\x09\x1b\xfb\x4f\xff\x00\xc1\x22\xbc\x69\xe2\xdf\
\x0d\xf8\xe3\xc5\xff\x00\x09\x7c\x53\xf0\x7f\xc5\x80\xde\x9b\x2d\
\x1f\x55\xd4\x64\xd4\x74\xdd\x49\x00\x54\xb9\x86\x39\x6c\xa3\x8f\
\x6c\xb1\x80\x92\xa9\x93\x3f\x24\x4c\x0f\xc8\x43\x94\x50\x05\x4f\
\xf8\x37\x3f\xfe\x08\x55\xf1\x6f\xfe\x09\x11\xf1\x43\xe2\x6e\xb7\
\xf1\x2b\xc4\x5f\x0e\x75\xcb\x4f\x1a\x69\x76\x56\x36\x29\xe1\xab\
\xfb\xdb\x99\x22\x78\x66\x91\xd8\xc8\x2e\x2d\x60\x01\x48\x71\x8d\
\xa5\x8e\x73\xc0\xaf\x3b\xfd\x84\x3f\xe0\xd8\xff\x00\x1c\xfe\xca\
\xff\x00\xf0\x5a\x1b\x8f\x8f\x9a\xbf\x88\x3e\x1d\x4f\xf0\xa7\x47\
\xf1\x1e\xb7\xae\x78\x7b\x46\xd3\xae\xae\xdf\x54\x8d\x2e\x45\xca\
\xd9\x45\x2c\x4f\x6a\x90\xa7\x92\xb3\xab\x12\x93\x36\x1a\x25\xc6\
\x41\xe0\xa2\x80\x3d\x27\xf6\xa6\xff\x00\x82\x18\xfc\x5a\xf8\xe1\
\xff\x00\x05\xf7\xf0\x5f\xed\x51\xa4\xf8\x8b\xe1\xd5\xbf\xc3\xdf\
\x0e\x6a\x3a\x2d\xe5\xce\x9f\x77\x7f\x78\x9a\xcb\xa5\x94\x28\x92\
\x84\x89\x6d\x5a\x12\x49\x53\xb7\x33\x0c\x8e\xa4\x56\x57\xfc\x1c\
\x2d\xff\x00\x04\x1c\xf8\xd1\xff\x00\x05\x5b\xfd\xa6\x3e\x1e\xf8\
\xe3\xe1\x77\x8a\xfe\x1d\x78\x6e\xdb\xc1\xde\x1f\x3a\x64\xa7\xc4\
\x1a\x9d\xf5\x9d\xd0\xb8\x17\x72\x4e\xb2\x45\xf6\x7b\x49\x86\x00\
\x65\xf9\x8b\x29\x04\x74\xef\x45\x14\x01\xf3\x7f\xfc\x38\x2b\xfe\
\x0a\x9b\xff\x00\x47\xa9\xff\x00\x99\x7b\xc5\xdf\xfc\x89\x5f\xa6\
\x7f\xf0\x44\xef\xd8\xe3\xf6\x84\xfd\x8a\xbf\x67\x7f\x14\x78\x7b\
\xf6\x8d\xf8\xa9\xff\x00\x0b\x6b\xc5\xba\xa7\x88\xdf\x51\xd3\xb5\
\x3f\xf8\x49\x75\x2d\x7b\xec\x96\x26\xda\xde\x31\x07\x9b\x7f\x1c\
\x72\x26\x25\x8e\x56\xd8\xa0\xaf\xcf\x9c\xe4\x9a\x28\xa0\x0f\xb2\
\xe8\xa2\x8a\x00\xff\xd9\
"

qt_resource_name = b"\
\x00\x07\
\x07\x3b\xe0\xb3\
\x00\x70\
\x00\x6c\x00\x75\x00\x67\x00\x69\x00\x6e\x00\x73\
\x00\x0b\
\x0a\x6a\x49\xa0\
\x00\x63\
\x00\x61\x00\x74\x00\x61\x00\x73\x00\x74\x00\x72\x00\x6f\x00\x65\x00\x73\x00\x70\
\x00\x06\
\x06\xfa\x65\x63\
\x00\x69\
\x00\x63\x00\x6f\x00\x6e\x00\x6f\x00\x73\
\x00\x10\
\x00\x46\x01\x07\
\x00\x63\
\x00\x61\x00\x74\x00\x5f\x00\x62\x00\x75\x00\x73\x00\x63\x00\x61\x00\x64\x00\x6f\x00\x72\x00\x2e\x00\x6a\x00\x70\x00\x67\
\x00\x11\
\x00\x55\x15\x07\
\x00\x63\
\x00\x61\x00\x74\x00\x5f\x00\x68\x00\x69\x00\x73\x00\x74\x00\x6f\x00\x72\x00\x69\x00\x63\x00\x6f\x00\x2e\x00\x6a\x00\x70\x00\x67\
\
\x00\x11\
\x00\xb1\x6a\x87\
\x00\x63\
\x00\x61\x00\x74\x00\x5f\x00\x63\x00\x61\x00\x70\x00\x61\x00\x73\x00\x5f\x00\x67\x00\x69\x00\x73\x00\x2e\x00\x6a\x00\x70\x00\x67\
\
\x00\x14\
\x01\x04\xc9\xe7\
\x00\x63\
\x00\x61\x00\x72\x00\x74\x00\x6f\x00\x63\x00\x69\x00\x75\x00\x64\x00\x61\x00\x64\x00\x5f\x00\x6c\x00\x6f\x00\x67\x00\x6f\x00\x2e\
\x00\x6a\x00\x70\x00\x67\
\x00\x13\
\x01\x14\xc1\x27\
\x00\x63\
\x00\x61\x00\x74\x00\x5f\x00\x61\x00\x73\x00\x69\x00\x67\x00\x6e\x00\x61\x00\x61\x00\x74\x00\x72\x00\x69\x00\x62\x00\x2e\x00\x6a\
\x00\x70\x00\x67\
\x00\x13\
\x01\x66\x1b\xc7\
\x00\x63\
\x00\x61\x00\x74\x00\x5f\x00\x6c\x00\x69\x00\x73\x00\x74\x00\x50\x00\x6f\x00\x6c\x00\x69\x00\x67\x00\x6f\x00\x6e\x00\x2e\x00\x6a\
\x00\x70\x00\x67\
\x00\x10\
\x02\xd8\x8f\x67\
\x00\x6c\
\x00\x6f\x00\x67\x00\x6f\x00\x5f\x00\x67\x00\x65\x00\x6e\x00\x65\x00\x72\x00\x61\x00\x6c\x00\x2e\x00\x6a\x00\x70\x00\x67\
\x00\x13\
\x03\xbe\x24\x87\
\x00\x63\
\x00\x61\x00\x74\x00\x5f\x00\x62\x00\x6f\x00\x72\x00\x72\x00\x61\x00\x72\x00\x63\x00\x61\x00\x70\x00\x61\x00\x73\x00\x2e\x00\x6a\
\x00\x70\x00\x67\
\x00\x0f\
\x04\x9a\x82\x07\
\x00\x63\
\x00\x61\x00\x74\x00\x5f\x00\x72\x00\x65\x00\x63\x00\x74\x00\x61\x00\x6e\x00\x67\x00\x2e\x00\x6a\x00\x70\x00\x67\
\x00\x09\
\x06\xc7\x9e\x47\
\x00\x61\
\x00\x62\x00\x6f\x00\x75\x00\x74\x00\x2e\x00\x6a\x00\x70\x00\x67\
\x00\x13\
\x07\x4d\x45\xc7\
\x00\x63\
\x00\x61\x00\x74\x00\x5f\x00\x63\x00\x61\x00\x72\x00\x67\x00\x61\x00\x6d\x00\x61\x00\x73\x00\x69\x00\x76\x00\x61\x00\x2e\x00\x6a\
\x00\x70\x00\x67\
\x00\x15\
\x07\xe1\x4e\xa7\
\x00\x63\
\x00\x61\x00\x74\x00\x5f\x00\x69\x00\x64\x00\x65\x00\x6e\x00\x74\x00\x69\x00\x66\x00\x69\x00\x63\x00\x61\x00\x64\x00\x6f\x00\x72\
\x00\x2e\x00\x6a\x00\x70\x00\x67\
\x00\x0f\
\x09\xb7\x85\xe7\
\x00\x63\
\x00\x61\x00\x74\x00\x61\x00\x73\x00\x74\x00\x72\x00\x6f\x00\x65\x00\x73\x00\x70\x00\x2e\x00\x6a\x00\x70\x00\x67\
\x00\x0a\
\x0a\x68\x7a\x87\
\x00\x43\
\x00\x5f\x00\x69\x00\x63\x00\x6f\x00\x6e\x00\x2e\x00\x6a\x00\x70\x00\x67\
\x00\x0a\
\x0a\x6d\x5a\x87\
\x00\x5a\
\x00\x5f\x00\x69\x00\x63\x00\x6f\x00\x6e\x00\x2e\x00\x6a\x00\x70\x00\x67\
\x00\x0f\
\x0a\xae\x32\xa7\
\x00\x63\
\x00\x61\x00\x74\x00\x5f\x00\x70\x00\x6f\x00\x6c\x00\x69\x00\x67\x00\x6f\x00\x6e\x00\x2e\x00\x6a\x00\x70\x00\x67\
\x00\x15\
\x0b\x12\x81\x27\
\x00\x63\
\x00\x61\x00\x74\x00\x5f\x00\x63\x00\x6f\x00\x6e\x00\x66\x00\x69\x00\x67\x00\x75\x00\x72\x00\x61\x00\x63\x00\x69\x00\x6f\x00\x6e\
\x00\x2e\x00\x6a\x00\x70\x00\x67\
\x00\x16\
\x0b\x12\x82\x07\
\x00\x63\
\x00\x61\x00\x72\x00\x74\x00\x6f\x00\x63\x00\x69\x00\x75\x00\x64\x00\x61\x00\x64\x00\x5f\x00\x62\x00\x75\x00\x73\x00\x63\x00\x61\
\x00\x72\x00\x2e\x00\x6a\x00\x70\x00\x67\
\x00\x13\
\x0b\x13\x78\xc7\
\x00\x63\
\x00\x61\x00\x72\x00\x74\x00\x6f\x00\x63\x00\x69\x00\x75\x00\x64\x00\x61\x00\x64\x00\x5f\x00\x49\x00\x47\x00\x4e\x00\x2e\x00\x6a\
\x00\x70\x00\x67\
\x00\x11\
\x0b\xf3\x74\xc7\
\x00\x63\
\x00\x61\x00\x74\x00\x5f\x00\x62\x00\x6f\x00\x72\x00\x72\x00\x61\x00\x50\x00\x61\x00\x72\x00\x63\x00\x2e\x00\x6a\x00\x70\x00\x67\
\
\x00\x10\
\x0e\x45\x27\x27\
\x00\x63\
\x00\x61\x00\x74\x00\x5f\x00\x67\x00\x6d\x00\x6c\x00\x43\x00\x6f\x00\x6e\x00\x73\x00\x74\x00\x2e\x00\x6a\x00\x70\x00\x67\
\x00\x12\
\x0e\x9b\x88\x87\
\x00\x63\
\x00\x61\x00\x74\x00\x5f\x00\x6d\x00\x75\x00\x6e\x00\x69\x00\x63\x00\x69\x00\x70\x00\x69\x00\x6f\x00\x73\x00\x2e\x00\x6a\x00\x70\
\x00\x67\
\x00\x0b\
\x0e\xec\x45\xc7\
\x00\x63\
\x00\x61\x00\x74\x00\x5f\x00\x67\x00\x6d\x00\x6c\x00\x2e\x00\x6a\x00\x70\x00\x67\
\x00\x0b\
\x0f\xec\x45\xa7\
\x00\x63\
\x00\x61\x00\x74\x00\x5f\x00\x78\x00\x6d\x00\x6c\x00\x2e\x00\x6a\x00\x70\x00\x67\
"

qt_resource_struct_v1 = b"\
\x00\x00\x00\x00\x00\x02\x00\x00\x00\x01\x00\x00\x00\x01\
\x00\x00\x00\x00\x00\x02\x00\x00\x00\x01\x00\x00\x00\x02\
\x00\x00\x00\x14\x00\x02\x00\x00\x00\x01\x00\x00\x00\x03\
\x00\x00\x00\x30\x00\x02\x00\x00\x00\x18\x00\x00\x00\x04\
\x00\x00\x00\x42\x00\x00\x00\x00\x00\x01\x00\x00\x00\x00\
\x00\x00\x00\x68\x00\x00\x00\x00\x00\x01\x00\x00\x04\x54\
\x00\x00\x00\x90\x00\x00\x00\x00\x00\x01\x00\x00\x0a\x42\
\x00\x00\x00\xb8\x00\x00\x00\x00\x00\x01\x00\x00\x0e\x1e\
\x00\x00\x00\xe6\x00\x00\x00\x00\x00\x01\x00\x00\x38\xb5\
\x00\x00\x01\x12\x00\x00\x00\x00\x00\x01\x00\x00\x3f\xa0\
\x00\x00\x01\x3e\x00\x00\x00\x00\x00\x01\x00\x00\x5c\xe6\
\x00\x00\x01\x64\x00\x00\x00\x00\x00\x01\x00\x00\x64\x09\
\x00\x00\x01\x90\x00\x00\x00\x00\x00\x01\x00\x00\x76\x2b\
\x00\x00\x01\xb4\x00\x00\x00\x00\x00\x01\x00\x00\x7b\x97\
\x00\x00\x01\xcc\x00\x00\x00\x00\x00\x01\x00\x00\x81\xe1\
\x00\x00\x01\xf8\x00\x00\x00\x00\x00\x01\x00\x00\x8c\xb5\
\x00\x00\x02\x28\x00\x00\x00\x00\x00\x01\x00\x00\x90\xbb\
\x00\x00\x02\x4c\x00\x00\x00\x00\x00\x01\x00\x00\x97\xde\
\x00\x00\x02\x66\x00\x00\x00\x00\x00\x01\x00\x00\xc8\x3c\
\x00\x00\x02\x80\x00\x00\x00\x00\x00\x01\x00\x00\xcc\x13\
\x00\x00\x02\xa4\x00\x00\x00\x00\x00\x01\x00\x00\xd1\xb6\
\x00\x00\x02\xd4\x00\x00\x00\x00\x00\x01\x00\x00\xd5\x04\
\x00\x00\x03\x06\x00\x00\x00\x00\x00\x01\x00\x00\xd9\x2e\
\x00\x00\x03\x32\x00\x00\x00\x00\x00\x01\x00\x00\xf5\xf5\
\x00\x00\x03\x5a\x00\x00\x00\x00\x00\x01\x00\x00\xfb\xc9\
\x00\x00\x03\x80\x00\x00\x00\x00\x00\x01\x00\x01\x02\xc7\
\x00\x00\x03\xaa\x00\x00\x00\x00\x00\x01\x00\x01\x06\x37\
\x00\x00\x03\xc6\x00\x00\x00\x00\x00\x01\x00\x01\x0c\x1f\
"

qt_resource_struct_v2 = b"\
\x00\x00\x00\x00\x00\x02\x00\x00\x00\x01\x00\x00\x00\x01\
\x00\x00\x00\x00\x00\x00\x00\x00\
\x00\x00\x00\x00\x00\x02\x00\x00\x00\x01\x00\x00\x00\x02\
\x00\x00\x00\x00\x00\x00\x00\x00\
\x00\x00\x00\x14\x00\x02\x00\x00\x00\x01\x00\x00\x00\x03\
\x00\x00\x00\x00\x00\x00\x00\x00\
\x00\x00\x00\x30\x00\x02\x00\x00\x00\x18\x00\x00\x00\x04\
\x00\x00\x00\x00\x00\x00\x00\x00\
\x00\x00\x00\x42\x00\x00\x00\x00\x00\x01\x00\x00\x00\x00\
\x00\x00\x01\x7c\xaa\x14\x65\xe0\
\x00\x00\x00\x68\x00\x00\x00\x00\x00\x01\x00\x00\x04\x54\
\x00\x00\x01\x7c\xaa\x14\x65\xe0\
\x00\x00\x00\x90\x00\x00\x00\x00\x00\x01\x00\x00\x0a\x42\
\x00\x00\x01\x7c\xaa\x14\x65\xe0\
\x00\x00\x00\xb8\x00\x00\x00\x00\x00\x01\x00\x00\x0e\x1e\
\x00\x00\x01\x97\xd6\x70\x10\xb0\
\x00\x00\x00\xe6\x00\x00\x00\x00\x00\x01\x00\x00\x38\xb5\
\x00\x00\x01\x95\xb4\xd8\x63\x78\
\x00\x00\x01\x12\x00\x00\x00\x00\x00\x01\x00\x00\x3f\xa0\
\x00\x00\x01\x9e\x55\x76\x7d\x7d\
\x00\x00\x01\x3e\x00\x00\x00\x00\x00\x01\x00\x00\x5c\xe6\
\x00\x00\x01\x7d\xe9\x58\xa3\x00\
\x00\x00\x01\x64\x00\x00\x00\x00\x00\x01\x00\x00\x64\x09\
\x00\x00\x01\x9e\x55\x75\xdd\x09\
\x00\x00\x01\x90\x00\x00\x00\x00\x00\x01\x00\x00\x76\x2b\
\x00\x00\x01\x6f\xec\xee\xab\x30\
\x00\x00\x01\xb4\x00\x00\x00\x00\x00\x01\x00\x00\x7b\x97\
\x00\x00\x01\x7c\xaa\x14\x65\xe0\
\x00\x00\x01\xcc\x00\x00\x00\x00\x00\x01\x00\x00\x81\xe1\
\x00\x00\x01\x9e\x55\xa8\xf2\x79\
\x00\x00\x01\xf8\x00\x00\x00\x00\x00\x01\x00\x00\x8c\xb5\
\x00\x00\x01\x7c\xaa\x14\x65\xe0\
\x00\x00\x02\x28\x00\x00\x00\x00\x00\x01\x00\x00\x90\xbb\
\x00\x00\x01\x7d\xe9\x58\xa3\x00\
\x00\x00\x02\x4c\x00\x00\x00\x00\x00\x01\x00\x00\x97\xde\
\x00\x00\x01\x9e\x55\x78\x74\xb5\
\x00\x00\x02\x66\x00\x00\x00\x00\x00\x01\x00\x00\xc8\x3c\
\x00\x00\x01\x9e\x55\x76\xf6\x27\
\x00\x00\x02\x80\x00\x00\x00\x00\x00\x01\x00\x00\xcc\x13\
\x00\x00\x01\x7e\x02\x52\x21\x60\
\x00\x00\x02\xa4\x00\x00\x00\x00\x00\x01\x00\x00\xd1\xb6\
\x00\x00\x01\x7c\xaa\x14\x65\xe0\
\x00\x00\x02\xd4\x00\x00\x00\x00\x00\x01\x00\x00\xd5\x04\
\x00\x00\x01\x9e\x55\x77\xf4\x42\
\x00\x00\x03\x06\x00\x00\x00\x00\x00\x01\x00\x00\xd9\x2e\
\x00\x00\x01\x7c\xaa\x14\x65\xe0\
\x00\x00\x03\x32\x00\x00\x00\x00\x00\x01\x00\x00\xf5\xf5\
\x00\x00\x01\x7d\xe4\x3a\x55\x80\
\x00\x00\x03\x5a\x00\x00\x00\x00\x00\x01\x00\x00\xfb\xc9\
\x00\x00\x01\x9e\x53\x11\xd9\xc6\
\x00\x00\x03\x80\x00\x00\x00\x00\x00\x01\x00\x01\x02\xc7\
\x00\x00\x01\x7c\xaa\x14\x65\xe0\
\x00\x00\x03\xaa\x00\x00\x00\x00\x00\x01\x00\x01\x06\x37\
\x00\x00\x01\x7c\xaa\x14\x65\xe0\
\x00\x00\x03\xc6\x00\x00\x00\x00\x00\x01\x00\x01\x0c\x1f\
\x00\x00\x01\x9e\x55\xb3\x96\x37\
"

qt_version = [int(v) for v in QtCore.qVersion().split('.')]
if qt_version < [5, 8, 0]:
    rcc_version = 1
    qt_resource_struct = qt_resource_struct_v1
else:
    rcc_version = 2
    qt_resource_struct = qt_resource_struct_v2

def qInitResources():
    QtCore.qRegisterResourceData(rcc_version, qt_resource_struct, qt_resource_name, qt_resource_data)

def qCleanupResources():
    QtCore.qUnregisterResourceData(rcc_version, qt_resource_struct, qt_resource_name, qt_resource_data)

qInitResources()
